Source,Target,Type,Id,Label,Weight,year,place
黄炎培,《国讯》,Directed,39657,,84,1948,上海
努生,《民主周刊(昆明)》,Directed,39659,,21,1945,昆明
郑振铎,《周报(上海1945)》,Directed,39660,,33,1946,上海
阿尔古斯,《时代杂志》,Directed,39661,,27,1946,上海
俞颂华,《国讯》,Directed,39663,,23,1946,上海
陶行知,《民主(重庆)》,Directed,39666,,18,1946,重庆
景宋,《民主(上海)》,Directed,39668,,43,1946,上海
尊闻,《民主(上海)》,Directed,39671,,12,1946,上海
秦柳方,《国讯》,Directed,39672,,11,1946,上海
米谷,《时代杂志》,Directed,39673,,9,1945,上海
郑振铎,《民主(上海)》,Directed,39674,,47,1946,上海
郭沫若,《时代杂志》,Directed,39675,,26,1948,上海
周建人,《民主(上海)》,Directed,39678,,29,1946,上海
平心,《周报(上海1945)》,Directed,39679,,10,1946,上海
王新命,《中央周刊》,Directed,39681,,16,1947,南京
董秋斯,《民主(上海)》,Directed,39682,,22,1946,上海
建人,《中央周刊》,Directed,39684,,7,1945,重庆
石啸冲,《再生》,Directed,39686,,7,1945,重庆
伊戈斯,《时代杂志》,Directed,39687,,10,1947,上海
孟南,《民主周刊(昆明)》,Directed,39688,,7,1946,昆明
杨明,《民主(上海)》,Directed,39689,,6,1945,上海
罗隆基,《民主周刊(昆明)》,Directed,39690,,7,1946,昆明
胡春冰,《中央周刊》,Directed,39691,,7,1947,南京
费孝通,《民主周刊(昆明)》,Directed,39693,,12,1946,昆明
邓初民,《文萃》,Directed,39694,,15,1947,上海
马叙伦,《周报(上海1945)》,Directed,39696,,29,1946,上海
马叙伦,《民主(上海)》,Directed,39697,,44,1946,上海
吴晗,《民主周刊(昆明)》,Directed,39701,,8,1946,昆明
周建人,《周报(上海1945)》,Directed,39702,,6,1946,上海
小鱼,《国讯》,Directed,39703,,11,1947,上海
思慕,《民主周刊(昆明)》,Directed,39704,,5,1945,昆明
景宋,《周报(上海1945)》,Directed,39705,,6,1946,上海
杨卫玉,《国讯》,Directed,39707,,7,1948,上海
翦伯赞,《中华论坛》,Directed,39710,,6,1946,重庆
胡曲园,《周报(上海1945)》,Directed,39711,,7,1946,上海
光未然,《民主周刊(昆明)》,Directed,39722,,4,1945,昆明
克士,《民主(上海)》,Directed,39723,,8,1946,上海
君山,《民主周刊(昆明)》,Directed,39724,,4,1945,昆明
张一凡,《民主(上海)》,Directed,39725,,4,1945,上海
王立果,《民主周刊(昆明)》,Directed,39731,,5,1946,昆明
百辞,《民主(重庆)》,Directed,39732,,4,1945,重庆
章伯钧,《中华论坛》,Directed,39733,,8,1946,重庆
索非,《周报(上海1945)》,Directed,39736,,4,1945,上海
罗稷南,《民主(上海)》,Directed,39737,,7,1946,上海
罗西,《民主周刊(昆明)》,Directed,39738,,4,1945,昆明
胡钊,《民主周刊(昆明)》,Directed,39740,,6,1946,昆明
茅盾,《文萃》,Directed,39741,,11,1947,上海
茅盾,《民主(重庆)》,Directed,39742,,4,1945,重庆
陶大镛,《国讯》,Directed,39747,,5,1946,上海
丁聪,《周报(上海1945)》,Directed,39749,,33,1946,上海
严景耀,《民主(上海)》,Directed,39751,,8,1946,上海
乔木,《文萃》,Directed,39752,,7,1947,上海
周新民,《民主周刊(昆明)》,Directed,39756,,4,1946,昆明
子冈,《民主周刊(昆明)》,Directed,39758,,3,1945,昆明
师陀,《周报(上海1945)》,Directed,39761,,4,1946,上海
愚公,《民主(重庆)》,Directed,39764,,3,1945,重庆
曾昭抡,《民主周刊(昆明)》,Directed,39767,,4,1946,昆明
柳亚子,《周报(上海1945)》,Directed,39772,,4,1946,上海
柳亚子,《民主(重庆)》,Directed,39773,,3,1945,重庆
楚图南,《民主周刊(昆明)》,Directed,39774,,4,1946,昆明
毅生,《再生》,Directed,39775,,30,1947,上海
求思,《民主(上海)》,Directed,39776,,30,1946,上海
沈志远,《民主周刊(昆明)》,Directed,39777,,3,1945,昆明
洪深,《文萃》,Directed,39778,,3,1945,上海
爱伦堡,《时代杂志》,Directed,39781,,23,1949,上海
祝世康,《中华论坛》,Directed,39783,,3,1945,重庆
绀弩,《文萃》,Directed,39786,,5,1946,上海
罗涵先,《民主(重庆)》,Directed,39789,,4,1946,重庆
若愚,《民主(重庆)》,Directed,39792,,7,1946,重庆
荒烟,《文萃》,Directed,39794,,3,1945,上海
迈之,《民主周刊(昆明)》,Directed,39798,,4,1946,昆明
邓初民,《民主(重庆)》,Directed,39799,,10,1946,重庆
邓初民,《民主周刊(昆明)》,Directed,39800,,5,1946,昆明
郭沫若,《文萃》,Directed,39801,,20,1947,上海
郭绍虞,《民主(上海)》,Directed,39802,,3,1945,上海
陶行知,《周报(上海1945)》,Directed,39804,,3,1945,上海
陶行知,《文萃》,Directed,39805,,4,1946,上海
静远,《周报(上海1945)》,Directed,39806,,11,1946,上海
马丁,《周报(上海1945)》,Directed,39808,,4,1946,上海
农慕之,《民主周刊(昆明)》,Directed,39824,,2,1945,昆明
冯玉祥,《周报(上海1945)》,Directed,39826,,3,1946,上海
凤子,《周报(上海1945)》,Directed,39827,,3,1946,上海
刘铁华,《周报(上海1945)》,Directed,39829,,2,1945,上海
刘铁华,《民主(上海)》,Directed,39830,,2,1945,上海
力扬,《周报(上海1945)》,Directed,39831,,4,1946,上海
叶圣陶,《周报(上海1945)》,Directed,39838,,4,1946,上海
吴斐丹,《国讯》,Directed,39839,,2,1945,上海
吴清友,《国讯》,Directed,39840,,2,1945,上海
周伯棣,《国讯》,Directed,39844,,2,1945,上海
周谷城,《中华论坛》,Directed,39846,,2,1945,重庆
夏衍,《周报(上海1945)》,Directed,39848,,4,1946,上海
孙科,《中央周刊》,Directed,39856,,2,1945,重庆
孙科,《时代杂志》,Directed,39857,,2,1945,上海
孟南,《文萃》,Directed,39858,,2,1945,上海
宾符,《民主(上海)》,Directed,39862,,2,1945,上海
屠西,《民主(重庆)》,Directed,39865,,2,1945,重庆
巴金,《周报(上海1945)》,Directed,39866,,4,1946,上海
张一凡,《周报(上海1945)》,Directed,39867,,7,1946,上海
张子毅,《民主周刊(昆明)》,Directed,39869,,2,1945,昆明
张澜,《周报(上海1945)》,Directed,39870,,2,1945,上海
张申府,《文萃》,Directed,39871,,3,1946,上海
张申府,《民主(重庆)》,Directed,39872,,2,1945,重庆
张若达,《周报(上海1945)》,Directed,39873,,4,1946,上海
曹刚,《民主周刊(昆明)》,Directed,39877,,2,1945,昆明
李公樸,《文萃》,Directed,39879,,2,1945,上海
李公樸,《民主(重庆)》,Directed,39880,,3,1946,重庆
李战林,《再生》,Directed,39883,,2,1945,重庆
李玄伯,《民主(上海)》,Directed,39884,,2,1945,上海
杨刚,《周报(上海1945)》,Directed,39888,,2,1945,上海
柏寒,《民主周刊(昆明)》,Directed,39890,,2,1945,昆明
梁漱溟,《民主(重庆)》,Directed,39892,,2,1945,重庆
沈志远,《民主(重庆)》,Directed,39894,,2,1945,重庆
王伯祥,《周报(上海1945)》,Directed,39904,,3,1946,上海
田汉,《文萃》,Directed,39908,,11,1946,上海
秦牧,《文萃》,Directed,39909,,3,1946,上海
章伯钧,《文萃》,Directed,39910,,3,1946,上海
章伯钧,《民主(重庆)》,Directed,39911,,2,1945,重庆
胡剑,《民主周刊(昆明)》,Directed,39915,,2,1945,昆明
臧克家,《文萃》,Directed,39917,,7,1947,上海
艾秋飙,《民主周刊(昆明)》,Directed,39918,,2,1945,昆明
袁水拍,《文萃》,Directed,39925,,2,1945,上海
袁西华,《民主周刊(昆明)》,Directed,39926,,2,1945,昆明
许杰,《周报(上海1945)》,Directed,39929,,2,1945,上海
赵兰坪,《中央周刊》,Directed,39932,,5,1948,南京
邓初民,《中华论坛》,Directed,39936,,2,1945,重庆
邓初民,《再生》,Directed,39937,,2,1945,重庆
邵力子,《时代杂志》,Directed,39938,,4,1947,上海
郑森禹,《民主(上海)》,Directed,39939,,9,1946,上海
郭沫若,《中华论坛》,Directed,39940,,3,1946,重庆
郭沫若,《周报(上海1945)》,Directed,39941,,6,1946,上海
郭生,《时代杂志》,Directed,39942,,4,1946,上海
金枫,《周报(上海1945)》,Directed,39943,,2,1945,上海
钱端升,《文萃》,Directed,39944,,2,1945,上海
陆钦墀,《民主周刊(昆明)》,Directed,39949,,3,1946,昆明
马哲民,《民主(重庆)》,Directed,39956,,2,1945,重庆
黄炎培,《再生》,Directed,39964,,2,1945,重庆
黄炎培,《周报(上海1945)》,Directed,39965,,2,1945,上海
黄炎培,《文萃》,Directed,39966,,2,1945,上海
黄药眠,《民主周刊(昆明)》,Directed,39967,,2,1945,昆明
丁一,《国讯》,Directed,39989,,1,1945,上海
丁易,《民主周刊(昆明)》,Directed,39990,,1,1945,昆明
东方晦之,《周报(上海1945)》,Directed,40000,,5,1946,上海
东方晦之,《民主(上海)》,Directed,40001,,1,1945,上海
严信民,《中华论坛》,Directed,40003,,8,1946,重庆
丹尼尔,《国讯》,Directed,40008,,1,1945,上海
于右任,《时代杂志》,Directed,40011,,1,1945,上海
云彬,《文萃》,Directed,40016,,1,1945,上海
任四维,《周报(上海1945)》,Directed,40020,,1,1945,上海
伊戈斯,《文萃》,Directed,40024,,4,1946,上海
伍启元,《文萃》,Directed,40026,,2,1946,上海
伍启元,《民主周刊(昆明)》,Directed,40027,,1,1945,昆明
何其芳,《周报(上海1945)》,Directed,40035,,2,1946,上海
何其芳,《文萃》,Directed,40036,,1,1945,上海
何应钦,《时代杂志》,Directed,40037,,1,1945,上海
何方,《民主(重庆)》,Directed,40040,,1,1945,重庆
何达,《民主周刊(昆明)》,Directed,40042,,1,1945,昆明
余伯约,《民主(上海)》,Directed,40043,,1,1945,上海
余剡溪,《周报(上海1945)》,Directed,40044,,1,1945,上海
余剡溪,《民主(重庆)》,Directed,40045,,1,1945,重庆
余所亚,《文萃》,Directed,40046,,1,1945,上海
侯外庐,《国讯》,Directed,40049,,1,1945,上海
侯外庐,《民主(重庆)》,Directed,40050,,1,1945,重庆
俞颂华,《再生》,Directed,40054,,1,1945,重庆
俞颂华,《周报(上海1945)》,Directed,40055,,1,1945,上海
傅彬然,《国讯》,Directed,40056,,1,1945,上海
傅雷,《周报(上海1945)》,Directed,40057,,2,1946,上海
克士,《周报(上海1945)》,Directed,40060,,2,1946,上海
农慕之,《文萃》,Directed,40066,,9,1947,上海
冯乃超,《民主(重庆)》,Directed,40067,,1,1945,重庆
冯克,《周报(上海1945)》,Directed,40068,,1,1945,上海
冯克,《民主(重庆)》,Directed,40069,,1,1945,重庆
冯克,《民主周刊(昆明)》,Directed,40070,,1,1945,昆明
冯玉祥,《中央周刊》,Directed,40072,,1,1945,重庆
冯玉祥,《民主(重庆)》,Directed,40073,,1,1945,重庆
刘尊棋,《国讯》,Directed,40082,,1,1945,上海
刘清扬,《再生》,Directed,40083,,1,1945,重庆
刘迺诚,《中央周刊》,Directed,40086,,4,1948,南京
力扬,《民主(重庆)》,Directed,40090,,1,1945,重庆
努生,《民主(重庆)》,Directed,40093,,1,1945,重庆
北人,《周报(上海1945)》,Directed,40096,,1,1945,上海
北人,《民主(重庆)》,Directed,40097,,1,1945,重庆
叶圣陶,《文萃》,Directed,40116,,3,1946,上海
叶圣陶,《民主(上海)》,Directed,40117,,3,1946,上海
叶圣陶,《民主(重庆)》,Directed,40118,,1,1945,重庆
叶文雄,《中华论坛》,Directed,40121,,1,1945,重庆
叶文雄,《时代杂志》,Directed,40122,,1,1945,上海
吉人,《民主周刊(昆明)》,Directed,40127,,1,1945,昆明
吕剑,《民主周刊(昆明)》,Directed,40128,,1,1945,昆明
吴世昌,《周报(上海1945)》,Directed,40130,,2,1946,上海
吴世昌,《文萃》,Directed,40131,,1,1945,上海
吴大琨,《民主(上海)》,Directed,40132,,2,1946,上海
吴清友,《民主(重庆)》,Directed,40134,,1,1945,重庆
吴祖光,《文萃》,Directed,40137,,3,1946,上海
吴祖光,《民主(重庆)》,Directed,40138,,1,1945,重庆
周知,《再生》,Directed,40151,,1,1945,重庆
周知,《民主(重庆)》,Directed,40152,,1,1945,重庆
周钢鸣,《文萃》,Directed,40154,,2,1946,上海
味橄,《中央周刊》,Directed,40156,,1,1945,重庆
唐弢,《周报(上海1945)》,Directed,40158,,3,1946,上海
唐弢,《民主(上海)》,Directed,40159,,2,1946,上海
夏康农,《文萃》,Directed,40166,,8,1947,上海
夏炎德,《国讯》,Directed,40167,,2,1948,上海
夏衍,《文萃》,Directed,40168,,3,1946,上海
夏迪蒙,《再生》,Directed,40169,,1,1945,重庆
姜庆湘,《中华论坛》,Directed,40179,,1,1945,重庆
姜庆湘,《民主(重庆)》,Directed,40180,,1,1945,重庆
孙源,《文萃》,Directed,40187,,1,1945,上海
孙起孟,《国讯》,Directed,40188,,5,1948,上海
孟昌,《中华论坛》,Directed,40189,,1,1945,重庆
宦乡,《周报(上海1945)》,Directed,40195,,2,1946,上海
小鱼,《民主周刊(昆明)》,Directed,40200,,1,1945,昆明
少之,《民主(重庆)》,Directed,40201,,1,1945,重庆
尚钺,《民主周刊(昆明)》,Directed,40204,,3,1946,昆明
屠西,《周报(上海1945)》,Directed,40207,,1,1945,上海
崔书琴,《中央周刊》,Directed,40208,,4,1948,南京
左舜生,《周报(上海1945)》,Directed,40210,,1,1945,上海
左舜生,《文萃》,Directed,40211,,1,1945,上海
师陀,《民主(上海)》,Directed,40216,,1,1945,上海
平心,《时代杂志》,Directed,40218,,1,1945,上海
平心,《民主(上海)》,Directed,40219,,3,1946,上海
张一凡,《时代杂志》,Directed,40228,,2,1946,上海
张东荪,《民主(重庆)》,Directed,40230,,1,1945,重庆
张东荪,《民主周刊(昆明)》,Directed,40231,,2,1946,昆明
张君劢,《再生》,Directed,40234,,81,1949,上海
张君劢,《文萃》,Directed,40235,,1,1945,上海
张庸,《中央周刊》,Directed,40237,,1,1945,重庆
张志让,《周报(上海1945)》,Directed,40240,,1,1945,上海
张志让,《文萃》,Directed,40241,,1,1945,上海
张志龢,《民主(重庆)》,Directed,40242,,2,1946,重庆
张恨水,《周报(上海1945)》,Directed,40244,,1,1945,上海
张恨水,《文萃》,Directed,40245,,1,1945,上海
张明养,《国讯》,Directed,40247,,2,1948,上海
张申府,《再生》,Directed,40252,,1,1945,重庆
张申府,《国讯》,Directed,40253,,1,1945,上海
张若达,《文萃》,Directed,40255,,1,1945,上海
张西曼,《国讯》,Directed,40256,,1,1945,上海
徐行,《中央周刊》,Directed,40273,,2,1946,南京
徐调孚,《民主(上海)》,Directed,40274,,2,1946,上海
徐铸成,《周报(上海1945)》,Directed,40276,,1,1945,上海
思慕,《文萃》,Directed,40278,,4,1946,上海
戈宝权,《文萃》,Directed,40281,,1,1945,上海
托尔斯泰,《民主(上海)》,Directed,40288,,1,1945,上海
拉铁摩尔,《国讯》,Directed,40292,,2,1947,上海
斯诺,《民主(上海)》,Directed,40301,,1,1945,上海
方与严,《文萃》,Directed,40305,,1,1945,上海
方与严,《民主(重庆)》,Directed,40306,,1,1945,重庆
方治平,《文萃》,Directed,40308,,2,1946,上海
方治平,《民主(重庆)》,Directed,40309,,4,1946,重庆
方秋苇,《中央周刊》,Directed,40311,,2,1947,南京
施复亮,《周报(上海1945)》,Directed,40313,,7,1946,上海
施艾,《中华论坛》,Directed,40314,,1,1945,重庆
施艾,《民主(重庆)》,Directed,40315,,1,1945,重庆
易水,《周报(上海1945)》,Directed,40321,,1,1945,上海
景宋,《文萃》,Directed,40324,,4,1947,上海
曹刚,《周报(上海1945)》,Directed,40327,,1,1945,上海
曾昭抡,《民主(重庆)》,Directed,40331,,1,1945,重庆
李健吾,《周报(上海1945)》,Directed,40344,,4,1946,上海
李公朴,《周报(上海1945)》,Directed,40346,,2,1946,上海
李昂季叶夫,《时代杂志》,Directed,40353,,7,1947,上海
李玄伯,《周报(上海1945)》,Directed,40354,,1,1945,上海
杜迈之,《民主周刊(昆明)》,Directed,40359,,1,1945,昆明
杨明,《民主周刊(昆明)》,Directed,40369,,1,1945,昆明
杨荣国,《中华论坛》,Directed,40373,,1,1945,重庆
林焕平,《民主(重庆)》,Directed,40382,,1,1945,重庆
林辰,《文萃》,Directed,40384,,2,1946,上海
柳亚子,《文萃》,Directed,40394,,2,1946,上海
柳亚子,《时代杂志》,Directed,40395,,4,1947,上海
柳亚子,《民主(上海)》,Directed,40396,,1,1945,上海
柳亚子,《民主周刊(昆明)》,Directed,40397,,1,1945,昆明
梁纯夫,《再生》,Directed,40405,,1,1945,重庆
楚图南,《文萃》,Directed,40409,,1,1945,上海
欧阳予倩,《文萃》,Directed,40411,,1,1945,上海
汪叔棣,《中央周刊》,Directed,40421,,14,1947,南京
沈兹九,《民主(重庆)》,Directed,40424,,1,1945,重庆
沈志远,《周报(上海1945)》,Directed,40426,,1,1945,上海
沈若谷,《民主(重庆)》,Directed,40428,,1,1945,重庆
沈钧儒,《再生》,Directed,40429,,1,1945,重庆
洪涛,《中央周刊》,Directed,40434,,1,1945,重庆
清涟,《民主(上海)》,Directed,40445,,1,1945,上海
湘渔,《民主(上海)》,Directed,40448,,6,1946,上海
潘光旦,《中央周刊》,Directed,40449,,1,1945,重庆
潘光旦,《民主(重庆)》,Directed,40450,,1,1945,重庆
潘光旦,《民主周刊(昆明)》,Directed,40451,,4,1946,昆明
潘大逵,《民主周刊(昆明)》,Directed,40452,,8,1946,昆明
潘孑农,《文萃》,Directed,40453,,1,1945,上海
焦敏之,《再生》,Directed,40460,,1,1945,重庆
焦敏之,《文萃》,Directed,40461,,2,1946,上海
王伯祥,《民主(上海)》,Directed,40470,,1,1945,上海
王琦,《周报(上海1945)》,Directed,40477,,1,1945,上海
王琦,《文萃》,Directed,40478,,2,1946,上海
王赣愚,《文萃》,Directed,40483,,1,1945,上海
王赣愚,《民主周刊(昆明)》,Directed,40484,,1,1945,昆明
田禾,《民主周刊(昆明)》,Directed,40493,,1,1945,昆明
百辞,《文萃》,Directed,40497,,1,1945,上海
石啸冲,《文萃》,Directed,40502,,2,1946,上海
祝世康,《国讯》,Directed,40507,,1,1945,上海
祝公健,《再生》,Directed,40508,,1,1945,重庆
秦柳方,《文萃》,Directed,40511,,2,1947,上海
程启钧,《中央周刊》,Directed,40515,,2,1947,南京
程启钧,《民主(上海)》,Directed,40516,,1,1945,上海
穆欣,《国讯》,Directed,40519,,1,1945,上海
穆欣,《民主周刊(昆明)》,Directed,40520,,1,1945,昆明
章乃器,《民主(重庆)》,Directed,40524,,1,1945,重庆
章伯钧,《再生》,Directed,40525,,1,1945,重庆
笪移今,《民主(重庆)》,Directed,40532,,2,1946,重庆
简樸,《民主(重庆)》,Directed,40533,,1,1945,重庆
索非,《民主(上海)》,Directed,40540,,1,1945,上海
绀弩,《民主(上海)》,Directed,40542,,1,1945,上海
罗稷南,《周报(上海1945)》,Directed,40553,,1,1945,上海
罗西,《民主(上海)》,Directed,40554,,1,1945,上海
罗隆基,《文萃》,Directed,40557,,1,1945,上海
罗隆基,《民主(重庆)》,Directed,40558,,1,1945,重庆
翁文灏,《中央周刊》,Directed,40559,,1,1945,重庆
翁文灏,《民主(上海)》,Directed,40560,,1,1945,上海
翦伯赞,《文萃》,Directed,40561,,2,1947,上海
翦伯赞,《民主(重庆)》,Directed,40562,,1,1945,重庆
胡剑,《民主(上海)》,Directed,40571,,1,1945,上海
胡春冰,《文萃》,Directed,40574,,1,1945,上海
胡绳,《民主周刊(昆明)》,Directed,40577,,1,1945,昆明
胡钊,《国讯》,Directed,40578,,2,1946,上海
艾芜,《周报(上海1945)》,Directed,40583,,1,1945,上海
花西里,《民主周刊(昆明)》,Directed,40585,,1,1945,昆明
范樸斋,《民主(重庆)》,Directed,40590,,1,1945,重庆
茅盾,《周报(上海1945)》,Directed,40591,,4,1946,上海
茅盾,《国讯》,Directed,40592,,5,1948,上海
荃麟,《文萃》,Directed,40593,,4,1946,上海
荃麟,《民主(重庆)》,Directed,40594,,1,1945,重庆
萧公权,《中央周刊》,Directed,40606,,1,1945,重庆
葛一虹,《民主(上海)》,Directed,40609,,1,1945,上海
葛琴,《文萃》,Directed,40610,,1,1945,上海
薛汕,《周报(上海1945)》,Directed,40625,,1,1945,上海
薛汕,《文萃》,Directed,40626,,5,1947,上海
薛汕,《民主(重庆)》,Directed,40627,,2,1946,重庆
许寿裳,《民主(重庆)》,Directed,40638,,1,1945,重庆
谢东平,《文萃》,Directed,40645,,1,1945,上海
费孝通,《文萃》,Directed,40654,,7,1946,上海
赛珍珠,《中央周刊》,Directed,40656,,3,1947,南京
赛菲洛夫,《文萃》,Directed,40657,,1,1945,上海
赛菲洛夫,《时代杂志》,Directed,40658,,1,1945,上海
邓初民,《国讯》,Directed,40672,,2,1947,上海
邵冲霄,《中央周刊》,Directed,40673,,1,1945,重庆
邵冲霄,《国讯》,Directed,40674,,1,1945,上海
邵力子,《中央周刊》,Directed,40675,,2,1948,南京
邵力子,《周报(上海1945)》,Directed,40676,,1,1945,上海
邹鲁,《文萃》,Directed,40679,,1,1945,上海
郑振铎,《民主(重庆)》,Directed,40682,,1,1945,重庆
郭沬若,《民主(重庆)》,Directed,40685,,1,1945,重庆
郭绍虞,《周报(上海1945)》,Directed,40686,,2,1946,上海
金枫,《民主(上海)》,Directed,40688,,1,1945,上海
金风,《时代杂志》,Directed,40690,,1,1945,上海
钱端升,《民主周刊(昆明)》,Directed,40693,,1,1945,昆明
闻一多,《民主周刊(昆明)》,Directed,40696,,3,1946,昆明
闻家驷,《民主周刊(昆明)》,Directed,40698,,1,1945,昆明
阿尔古斯,《文萃》,Directed,40703,,1,1945,上海
陆诒,《周报(上海1945)》,Directed,40708,,1,1945,上海
陆诒,《国讯》,Directed,40709,,2,1948,上海
陆钦墀,《周报(上海1945)》,Directed,40710,,1,1945,上海
陈亦丹,《国讯》,Directed,40713,,1,1945,上海
陈亦丹,《民主周刊(昆明)》,Directed,40714,,1,1945,昆明
陈家康,《中华论坛》,Directed,40721,,1,1945,重庆
陈时臬,《民主(上海)》,Directed,40726,,1,1945,上海
陈翰伯,《文萃》,Directed,40731,,1,1945,上海
陈翰伯,《民主(重庆)》,Directed,40732,,1,1945,重庆
陈达,《中央周刊》,Directed,40737,,1,1945,重庆
陈铨,《中央周刊》,Directed,40738,,1,1945,重庆
雪峰,《文萃》,Directed,40745,,6,1947,上海
韦康,《再生》,Directed,40750,,1,1945,重庆
韦康,《文萃》,Directed,40751,,1,1945,上海
马义,《周报(上海1945)》,Directed,40761,,1,1945,上海
马寅初,《文萃》,Directed,40765,,7,1947,上海
马寅初,《民主(重庆)》,Directed,40766,,1,1945,重庆
马戈,《周报(上海1945)》,Directed,40767,,10,1946,上海
马星野,《中央周刊》,Directed,40768,,1,1945,重庆
马星野,《国讯》,Directed,40769,,1,1945,上海
马歇尔,《国讯》,Directed,40770,,1,1945,上海
魏金枝,《民主(上海)》,Directed,40780,,1,1945,上海
鲁山,《民主周刊(昆明)》,Directed,40783,,2,1946,昆明
鲁迅,《周报(上海1945)》,Directed,40785,,1,1945,上海
黄正铭,《中央周刊》,Directed,40793,,1,1945,重庆
黄河清,《国讯》,Directed,40794,,1,1945,上海
黄炎培,《民主(重庆)》,Directed,40796,,1,1945,重庆
黄道庸,《文萃》,Directed,40798,,1,1945,上海
黄道庸,《民主(重庆)》,Directed,40799,,1,1945,重庆
黎明,《周报(上海1945)》,Directed,40803,,1,1945,上海
（英）马可里,《文萃》,Directed,40816,,1,1945,上海
（英）马可里,《民主(重庆)》,Directed,40817,,1,1945,重庆
白旭,《再生》,Directed,40827,,46,1947,上海
余伯约,《时代杂志》,Directed,40833,,19,1946,上海
文琴,《时代杂志》,Directed,40834,,19,1946,上海
念青,《民主(上海)》,Directed,40841,,17,1946,上海
梁纯夫,《文萃》,Directed,40842,,17,1946,上海
丕强,《周报(上海1945)》,Directed,40844,,16,1946,上海
何之,《民主:桂林版》,Directed,40851,,13,1946,桂林
周而复,《时代杂志》,Directed,40852,,13,1946,上海
方舟,《中央周刊》,Directed,40854,,13,1946,南京
申由,《文萃》,Directed,40860,,12,1946,上海
崔嵬,《正报》,Directed,40867,,29,1947,香港
白寒,《时代杂志》,Directed,40869,,14,1947,上海
黄药眠,《光明报》,Directed,40870,,24,1949,香港
戈宝权,《时代杂志》,Directed,40872,,14,1948,上海
萧扬,《时代杂志》,Directed,40873,,10,1946,上海
清涟,《文萃》,Directed,40881,,13,1947,上海
葆荃,《时代杂志》,Directed,40883,,12,1948,上海
金大均,《中建》,Directed,40884,,27,1948,上海
陆诒,《民主(上海)》,Directed,40885,,9,1946,上海
马叙伦,《文萃》,Directed,40886,,11,1947,上海
丁聪,《文萃》,Directed,40888,,9,1947,上海
丁静,《民主(上海)》,Directed,40889,,8,1946,上海
方舟,《时代杂志》,Directed,40894,,8,1946,上海
朱树锦,《中建》,Directed,40895,,23,1948,上海
瓦尔加,《时代杂志》,Directed,40896,,11,1947,上海
甘草,《周报(上海1945)》,Directed,40897,,8,1946,上海
马凡陀,《文萃》,Directed,40902,,11,1947,上海
吴晗,《周报(上海1945)》,Directed,40906,,7,1946,上海
张东荪,《观察》,Directed,40907,,23,1948,上海
方艾,《再生》,Directed,40908,,9,1947,上海
易水,《中央周刊》,Directed,40909,,7,1946,南京
王坪,《文萃》,Directed,40917,,9,1947,上海
蔡尚思,《民主(上海)》,Directed,40919,,7,1946,上海
伯奇,《中华论坛》,Directed,40929,,6,1946,重庆
吴晗,《民主周刊(北平)》,Directed,40932,,6,1946,北平
星星,《正报》,Directed,40936,,18,1948,香港
李超,《正报》,Directed,40937,,7,1947,香港
潘光旦,《观察》,Directed,40940,,18,1948,上海
石啸冲,《中华论坛》,Directed,40944,,6,1946,重庆
黎纬北,《周报(上海1945)》,Directed,40954,,6,1946,上海
一波,《观察》,Directed,40955,,5,1946,上海
丁静,《文萃》,Directed,40956,,10,1947,上海
丁静,《时代杂志》,Directed,40957,,6,1947,上海
千家驹,《光明报》,Directed,40960,,9,1948,香港
史刚,《民主周刊(昆明)》,Directed,40961,,5,1946,昆明
吴世昌,《观察》,Directed,40962,,22,1948,上海
吴晗,《民主(上海)》,Directed,40963,,5,1946,上海
吴泽,《中华论坛》,Directed,40964,,5,1946,重庆
小鱼,《文萃》,Directed,40969,,8,1947,上海
施复亮,《民主(上海)》,Directed,40971,,5,1946,上海
李普,《文萃》,Directed,40973,,5,1946,上海
梁纯夫,《民主(上海)》,Directed,40975,,5,1946,上海
潘光旦,《再生》,Directed,40978,,5,1946,上海
石啸冲,《民主(上海)》,Directed,40980,,5,1946,上海
胡愈之,《民主(上海)》,Directed,40983,,5,1946,上海
许寿裳,《民主(上海)》,Directed,40986,,5,1946,上海
费孝通,《再生》,Directed,40987,,5,1946,上海
邓初民,《民主(上海)》,Directed,40989,,5,1946,上海
马戈,《民主(上海)》,Directed,40994,,5,1946,上海
任钧,《民主(上海)》,Directed,41002,,4,1946,上海
伊人,《民主:桂林版》,Directed,41003,,4,1946,桂林
刘清扬,《民主周刊(北平)》,Directed,41014,,4,1946,北平
吴耀宗,《民主(上海)》,Directed,41018,,4,1946,上海
宦乡,《文萃》,Directed,41023,,4,1946,上海
思慕,《光明报》,Directed,41027,,11,1949,香港
李战林,《民主(重庆)》,Directed,41034,,4,1946,重庆
李普曼,《再生》,Directed,41035,,6,1947,上海
欧阳倩,《民主周刊(昆明)》,Directed,41038,,4,1946,昆明
沈同衡,《周报(上海1945)》,Directed,41040,,4,1946,上海
沈志远,《民主(上海)》,Directed,41041,,4,1946,上海
田汉,《周报(上海1945)》,Directed,41046,,4,1946,上海
稽古,《文萃》,Directed,41047,,4,1946,上海
稽古,《民主(上海)》,Directed,41048,,4,1946,上海
萧公权,《观察》,Directed,41054,,6,1947,上海
萧扬,《文萃》,Directed,41055,,4,1946,上海
费孝通,《周报(上海1945)》,Directed,41060,,4,1946,上海
适夷,《周报(上海1945)》,Directed,41064,,4,1946,上海
陈伯达,《正报》,Directed,41066,,4,1946,香港
陈烟桥,《周报(上海1945)》,Directed,41067,,4,1946,上海
陈烟桥,《民主(上海)》,Directed,41068,,4,1946,上海
飞海,《时代杂志》,Directed,41072,,4,1946,上海
马寅初,《周报(上海1945)》,Directed,41073,,4,1946,上海
一之,《光明报》,Directed,41079,,3,1946,香港
丁易,《文萃》,Directed,41080,,3,1946,上海
何恕,《周报(上海1945)》,Directed,41088,,3,1946,上海
储安平,《观察》,Directed,41089,,29,1949,上海
吴祖光,《周报(上海1945)》,Directed,41099,,3,1946,上海
周而复,《周报(上海1945)》,Directed,41100,,3,1946,上海
唐旻,《民主周刊(昆明)》,Directed,41101,,3,1946,昆明
夏康农,《民主周刊(昆明)》,Directed,41106,,3,1946,昆明
子午,《民主(上海)》,Directed,41110,,3,1946,上海
文琴,《民主(上海)》,Directed,41126,,3,1946,上海
晨曦,《光明报》,Directed,41129,,6,1947,香港
曾昭抡,《民主周刊(北平)》,Directed,41131,,3,1946,北平
杜迈之,《文萃》,Directed,41134,,5,1947,上海
沈志远,《光明报》,Directed,41145,,10,1948,香港
洪涛,《民主:桂林版》,Directed,41146,,3,1946,桂林
移山,《时代杂志》,Directed,41151,,3,1946,上海
穆欣,《正报》,Directed,41152,,3,1946,香港
胡冈,《民主周刊(北平)》,Directed,41158,,3,1946,北平
胡冈,《民主周刊(昆明)》,Directed,41159,,3,1946,昆明
茅盾,《时代杂志》,Directed,41164,,7,1947,上海
萧扬,《民主(上海)》,Directed,41169,,3,1946,上海
蒋匀田,《再生》,Directed,41174,,6,1948,上海
蔡尚思,《周报(上海1945)》,Directed,41175,,3,1946,上海
裴仁,《周报(上海1945)》,Directed,41178,,3,1946,上海
许寿裳,《周报(上海1945)》,Directed,41180,,3,1946,上海
费青,《再生》,Directed,41181,,3,1946,上海
郭沫若,《民主(上海)》,Directed,41186,,3,1946,上海
醒华,《正报》,Directed,41187,,8,1948,香港
陆诒,《文萃》,Directed,41193,,3,1946,上海
陈原,《中华论坛》,Directed,41195,,3,1946,重庆
陈烟桥,《文萃》,Directed,41196,,3,1946,上海
陈白尘,《文萃》,Directed,41198,,3,1946,上海
雾城,《民主(上海)》,Directed,41202,,3,1946,上海
黄药眠,《文萃》,Directed,41207,,3,1946,上海
丁一,《文萃》,Directed,41211,,2,1946,上海
丁易,《中华论坛》,Directed,41212,,2,1946,重庆
严景耀,《周报(上海1945)》,Directed,41214,,2,1946,上海
何为,《周报(上海1945)》,Directed,41222,,2,1946,上海
何家槐,《民主(上海)》,Directed,41223,,2,1946,上海
佚名,《文萃》,Directed,41225,,2,1946,上海
光未然,《民主周刊(北平)》,Directed,41228,,2,1946,北平
冯友兰,《观察》,Directed,41229,,2,1946,上海
刘白羽,《文萃》,Directed,41235,,2,1946,上海
千家驹,《文萃》,Directed,41242,,2,1946,上海
千家驹,《正报》,Directed,41243,,2,1946,香港
华莱士,《文萃》,Directed,41244,,2,1946,上海
史国衡,《周报(上海1945)》,Directed,41250,,2,1946,上海
吴晗,《文萃》,Directed,41258,,2,1946,上海
吴玉章,《正报》,Directed,41259,,2,1946,香港
周子亚,《中央周刊》,Directed,41265,,5,1948,南京
周建人,《文萃》,Directed,41266,,2,1946,上海
周而复,《正报》,Directed,41267,,2,1946,香港
夏康农,《中华论坛》,Directed,41272,,2,1946,重庆
夏衍,《时代杂志》,Directed,41275,,2,1946,上海
子午,《周报(上海1945)》,Directed,41276,,2,1946,上海
孙起孟,《民主(上海)》,Directed,41278,,2,1946,上海
安娥,《周报(上海1945)》,Directed,41281,,2,1946,上海
小诃,《时代杂志》,Directed,41283,,2,1946,上海
少之,《国讯》,Directed,41284,,2,1946,上海
岳光,《文萃》,Directed,41286,,3,1947,上海
建人,《民主(上海)》,Directed,41293,,2,1946,上海
张东荪,《再生》,Directed,41295,,2,1946,上海
张东荪,《文萃》,Directed,41296,,2,1946,上海
张君劢,《民主(上海)》,Directed,41299,,2,1946,上海
张文元,《中华论坛》,Directed,41302,,2,1946,重庆
张文元,《周报(上海1945)》,Directed,41303,,2,1946,上海
张絅伯,《民主(上海)》,Directed,41304,,2,1946,上海
张西超,《民主:桂林版》,Directed,41306,,2,1946,桂林
张铁生,《光明报》,Directed,41307,,2,1946,香港
张铁生,《文萃》,Directed,41308,,2,1946,上海
张锡昌,《民主:桂林版》,Directed,41309,,2,1946,桂林
彭泽民,《中华论坛》,Directed,41310,,2,1946,重庆
徐调孚,《周报(上海1945)》,Directed,41313,,2,1946,上海
念青,《文萃》,Directed,41314,,2,1946,上海
怀湘,《文萃》,Directed,41315,,2,1946,上海
思粤,《观察》,Directed,41317,,2,1946,上海
拉斯基,《再生》,Directed,41319,,3,1948,上海
方治平,《民主(上海)》,Directed,41325,,2,1946,上海
施复亮,《文萃》,Directed,41326,,5,1947,上海
景宋,《时代杂志》,Directed,41330,,2,1946,上海
李俞,《周报(上海1945)》,Directed,41335,,2,1946,上海
李广田,《观察》,Directed,41339,,4,1948,上海
李普,《中华论坛》,Directed,41340,,2,1946,重庆
李浩培,《观察》,Directed,41341,,4,1948,上海
李瑛,《正报》,Directed,41343,,2,1946,香港
杜守素,《中华论坛》,Directed,41345,,2,1946,重庆
杨刚,《文萃》,Directed,41347,,2,1946,上海
林焕平,《中华论坛》,Directed,41353,,2,1946,重庆
林焕平,《文萃》,Directed,41354,,2,1946,上海
林砺儒,《文萃》,Directed,41355,,2,1946,上海
林砺儒,《民主:桂林版》,Directed,41356,,2,1946,桂林
林莽,《周报(上海1945)》,Directed,41357,,2,1946,上海
洪深,《周报(上海1945)》,Directed,41384,,2,1946,上海
洪遒,《文萃》,Directed,41385,,2,1946,上海
潘大逵,《民主周刊(北平)》,Directed,41389,,2,1946,北平
狄超白,《光明报》,Directed,41392,,3,1947,香港
田汉,《时代杂志》,Directed,41398,,2,1946,上海
田汝康,《再生》,Directed,41399,,2,1946,上海
申公,《文萃》,Directed,41400,,2,1946,上海
祁文英,《正报》,Directed,41405,,3,1947,香港
秦牧,《中华论坛》,Directed,41408,,2,1946,重庆
纯青,《文萃》,Directed,41413,,3,1947,上海
胡愈之,《周报(上海1945)》,Directed,41421,,2,1946,上海
胡笛,《文萃》,Directed,41423,,2,1946,上海
胡绳,《民主(上海)》,Directed,41424,,2,1946,上海
胡风,《周报(上海1945)》,Directed,41426,,2,1946,上海
茅盾,《民主(上海)》,Directed,41428,,2,1946,上海
诺斯,《民主:桂林版》,Directed,41445,,2,1946,桂林
谢东平,《中央周刊》,Directed,41446,,2,1946,南京
赵元浩,《光明报》,Directed,41450,,2,1946,香港
邓初民,《民主:桂林版》,Directed,41454,,2,1946,桂林
郭生,《周报(上海1945)》,Directed,41459,,2,1946,上海
郭生,《民主(上海)》,Directed,41461,,2,1946,上海
金重,《中央周刊》,Directed,41465,,2,1946,南京
阿杨,《民主(上海)》,Directed,41468,,2,1946,上海
陈友松,《观察》,Directed,41470,,3,1947,上海
陈时臬,《文萃》,Directed,41471,,2,1946,上海
陈时臬,《时代杂志》,Directed,41472,,2,1946,上海
陈本端,《中央周刊》,Directed,41473,,2,1946,南京
陈烟桥,《时代杂志》,Directed,41475,,2,1946,上海
陈闲,《民主:桂林版》,Directed,41478,,2,1946,桂林
非昔,《民主(上海)》,Directed,41479,,2,1946,上海
马哲民,《文萃》,Directed,41483,,2,1946,上海
黄雨秋,《民主周刊(昆明)》,Directed,41488,,2,1946,昆明
黎洪,《光明报》,Directed,41489,,2,1946,香港
黎纬北,《文萃》,Directed,41490,,2,1946,上海
（美）福斯特,《文萃》,Directed,41493,,2,1946,上海
MK,《周报(上海1945)》,Directed,41512,,1,1946,上海
一波,《民主周刊(北平)》,Directed,41525,,1,1946,北平
一行,《观察》,Directed,41527,,1,1946,上海
丕强,《民主周刊(北平)》,Directed,41539,,1,1946,北平
丘哲,《中华论坛》,Directed,41542,,1,1946,重庆
丘哲,《光明报》,Directed,41543,,1,1946,香港
东方晦之,《光明报》,Directed,41545,,1,1946,香港
东方晦之,《文萃》,Directed,41546,,1,1946,上海
丹尼尔,《时代杂志》,Directed,41553,,1,1946,上海
乔木,《正报》,Directed,41559,,3,1948,香港
乔木,《解放》,Directed,41560,,1,1946,北平
任四维,《民主(上海)》,Directed,41581,,1,1946,上海
任钧,《周报(上海1945)》,Directed,41585,,1,1946,上海
任钧,《文萃》,Directed,41586,,1,1946,上海
伊人,《民主(重庆)》,Directed,41587,,1,1946,重庆
伊利奥特·罗斯福,《民主(上海)》,Directed,41589,,1,1946,上海
伍丹戈,《文萃》,Directed,41594,,1,1946,上海
伍德昌,《文萃》,Directed,41596,,1,1946,上海
伍德昌,《时代杂志》,Directed,41597,,1,1946,上海
何为,《民主(重庆)》,Directed,41603,,1,1946,重庆
何之,《周报(上海1945)》,Directed,41604,,1,1946,上海
何家槐,《周报(上海1945)》,Directed,41608,,1,1946,上海
何家槐,《文萃》,Directed,41609,,3,1947,上海
何思敬,《文萃》,Directed,41612,,1,1946,上海
何思敬,《解放》,Directed,41613,,1,1946,北平
何恕,《民主(上海)》,Directed,41614,,1,1946,上海
何方,《民主周刊(北平)》,Directed,41616,,1,1946,北平
何永佶,《再生》,Directed,41618,,1,1946,上海
何若钧,《中央周刊》,Directed,41623,,5,1947,南京
何香凝,《正报》,Directed,41625,,1,1946,香港
余伯约,《周报(上海1945)》,Directed,41627,,1,1946,上海
傅孟真,《文萃》,Directed,41641,,1,1946,上海
傅彬然,《文萃》,Directed,41643,,1,1946,上海
傅雷,《民主(上海)》,Directed,41646,,1,1946,上海
全慰天,《观察》,Directed,41656,,4,1948,上海
公彦,《文萃》,Directed,41660,,2,1947,上海
公隼,《周报(上海1945)》,Directed,41661,,1,1946,上海
公隼,《文萃》,Directed,41662,,1,1946,上海
农慕之,《民主(上海)》,Directed,41668,,1,1946,上海
冬麦,《文萃》,Directed,41673,,1,1946,上海
冬麦,《解放》,Directed,41674,,1,1946,北平
冯玉祥,《时代杂志》,Directed,41678,,1,1946,上海
冯至,《文萃》,Directed,41679,,1,1946,上海
冯至,《观察》,Directed,41680,,1,1946,上海
刃锋,《中华论坛》,Directed,41690,,1,1946,重庆
刘士伟,《文萃》,Directed,41699,,1,1946,上海
刘尊棋,《中华论坛》,Directed,41703,,1,1946,重庆
刘尊棋,《文萃》,Directed,41704,,1,1946,上海
刘白羽,《周报(上海1945)》,Directed,41713,,1,1946,上海
刘白羽,《正报》,Directed,41714,,2,1947,香港
力扬,《民主周刊(北平)》,Directed,41726,,1,1946,北平
千家驹,《民主周刊(昆明)》,Directed,41741,,1,1946,昆明
华生,《周报(上海1945)》,Directed,41747,,1,1946,上海
华罗庚,《时代杂志》,Directed,41748,,1,1946,上海
华莱士,《时代杂志》,Directed,41750,,5,1948,上海
南人,《周报(上海1945)》,Directed,41756,,1,1946,上海
史国衡,《再生》,Directed,41780,,1,1946,上海
史坦因,《文萃》,Directed,41781,,1,1946,上海
史坦因,《解放》,Directed,41782,,1,1946,北平
史特朗,《正报》,Directed,41788,,3,1947,香港
史靖,《文萃》,Directed,41794,,1,1946,上海
史靖,《民主周刊(昆明)》,Directed,41795,,1,1946,昆明
叶萌,《正报》,Directed,41803,,1,1946,香港
叶辛,《文萃》,Directed,41804,,1,1946,上海
司马文森,《周报(上海1945)》,Directed,41807,,1,1946,上海
向达,《民主周刊(昆明)》,Directed,41813,,1,1946,昆明
君羊,《民主(上海)》,Directed,41821,,1,1946,上海
吴恩裕,《观察》,Directed,41830,,9,1948,上海
吴晗,《中华论坛》,Directed,41831,,1,1946,重庆
吴清友,《时代杂志》,Directed,41833,,1,1946,上海
周新民,《光明报》,Directed,41842,,6,1949,香港
周绶章,《观察》,Directed,41846,,4,1947,上海
周而复,《文萃》,Directed,41849,,1,1946,上海
周谷城,《文萃》,Directed,41852,,1,1946,上海
味橄,《观察》,Directed,41856,,1,1946,上海
唐弢,《时代杂志》,Directed,41862,,1,1946,上海
唐旻,《文萃》,Directed,41864,,1,1946,上海
国新,《民主周刊(北平)》,Directed,41875,,1,1946,北平
国新,《民主周刊(昆明)》,Directed,41876,,1,1946,昆明
坚夫,《光明报》,Directed,41880,,1,1946,香港
夏白,《文萃》,Directed,41892,,1,1946,上海
夏白,《解放》,Directed,41893,,1,1946,北平
夏衍,《民主周刊(北平)》,Directed,41895,,1,1946,北平
夏迪蒙,《民主(重庆)》,Directed,41896,,1,1946,重庆
姜庆湘,《国讯》,Directed,41917,,1,1946,上海
娄立斋,《文萃》,Directed,41921,,1,1946,上海
子冈,《周报(上海1945)》,Directed,41924,,1,1946,上海
子冈,《民主周刊(北平)》,Directed,41925,,1,1946,北平
子午,《文萃》,Directed,41926,,1,1946,上海
孙源,《民主:桂林版》,Directed,41940,,1,1946,桂林
孟南,《民主周刊(北平)》,Directed,41942,,1,1946,北平
孟宪章,《中华论坛》,Directed,41944,,1,1946,重庆
孟永之,《中华论坛》,Directed,41947,,1,1946,重庆
宋云彬,《文萃》,Directed,41963,,1,1946,上海
宋云彬,《民主周刊(北平)》,Directed,41964,,1,1946,北平
宜闲,《文萃》,Directed,41971,,1,1946,上海
宣铁吾,《周报(上海1945)》,Directed,41973,,1,1946,上海
宣铁吾,《文萃》,Directed,41974,,1,1946,上海
宾符,《周报(上海1945)》,Directed,41977,,1,1946,上海
寿进文,《文萃》,Directed,41979,,1,1946,上海
尊闻,《周报(上海1945)》,Directed,41980,,1,1946,上海
小兵,《民主:桂林版》,Directed,41982,,1,1946,桂林
小鱼,《民主周刊(北平)》,Directed,41984,,1,1946,北平
尖兵,《周报(上海1945)》,Directed,41988,,1,1946,上海
尚钺,《文萃》,Directed,41992,,1,1946,上海
尚钺,《民主周刊(北平)》,Directed,41993,,1,1946,北平
尼龙,《文萃》,Directed,41997,,1,1946,上海
屠西,《文萃》,Directed,42000,,1,1946,上海
屠西,《民主:桂林版》,Directed,42001,,1,1946,桂林
岳光,《周报(上海1945)》,Directed,42003,,1,1946,上海
崔嵬,《再生》,Directed,42004,,1,1946,上海
巴金,《时代杂志》,Directed,42009,,1,1946,上海
师陀,《时代杂志》,Directed,42013,,1,1946,上海
廖冰兄,《周报(上海1945)》,Directed,42028,,1,1946,上海
廖盖隆,《文萃》,Directed,42030,,1,1946,上海
张一凡,《民主:桂林版》,Directed,42038,,1,1946,桂林
张东前,《观察》,Directed,42040,,1,1946,上海
张东荪,《周报(上海1945)》,Directed,42041,,1,1946,上海
张东荪,《国讯》,Directed,42042,,3,1947,上海
张子毅,《文萃》,Directed,42053,,1,1946,上海
张殊明,《正报》,Directed,42067,,1,1946,香港
张泉,《文萃》,Directed,42071,,1,1946,上海
张泉,《时代杂志》,Directed,42072,,3,1948,上海
张澜,《民主:桂林版》,Directed,42075,,1,1946,桂林
张申府,《中华论坛》,Directed,42077,,1,1946,重庆
张申府,《民主周刊(北平)》,Directed,42079,,1,1946,北平
张絅伯,《文萃》,Directed,42084,,5,1947,上海
张铁生,《民主(上海)》,Directed,42090,,1,1946,上海
彭慧,《民主:桂林版》,Directed,42095,,1,1946,桂林
徐盈,《周报(上海1945)》,Directed,42115,,1,1946,上海
徐盈,《文萃》,Directed,42116,,1,1946,上海
徐盈,《观察》,Directed,42117,,1,1946,上海
徐迟,《文萃》,Directed,42120,,3,1947,上海
徐迟,《时代杂志》,Directed,42121,,1,1946,上海
愚公,《民主(上海)》,Directed,42133,,1,1946,上海
戴世光,《观察》,Directed,42144,,1,1946,上海
戴文葆,《周报(上海1945)》,Directed,42145,,1,1946,上海
戴文葆,《民主(上海)》,Directed,42146,,1,1946,上海
拉铁摩尔,《文萃》,Directed,42152,,1,1946,上海
文孚,《周报(上海1945)》,Directed,42162,,1,1946,上海
文孚,《文萃》,Directed,42163,,1,1946,上海
文魁,《文萃》,Directed,42169,,1,1946,上海
方方,《正报》,Directed,42179,,2,1947,香港
方纾,《周报(上海1945)》,Directed,42185,,1,1946,上海
方纾,《民主(上海)》,Directed,42186,,1,1946,上海
方迅,《文萃》,Directed,42188,,1,1946,上海
施复亮,《中华论坛》,Directed,42191,,1,1946,重庆
施复亮,《国讯》,Directed,42192,,3,1948,上海
施复亮,《民主(重庆)》,Directed,42193,,1,1946,重庆
施艾,《文萃》,Directed,42195,,1,1946,上海
晨曦,《文萃》,Directed,42205,,1,1946,上海
曹孟君,《周报(上海1945)》,Directed,42214,,1,1946,上海
曹锡珍,《民主(重庆)》,Directed,42218,,1,1946,重庆
曾伟,《文萃》,Directed,42221,,1,1946,上海
朱东润,《中央周刊》,Directed,42233,,1,1946,南京
朱东润,《观察》,Directed,42234,,1,1946,上海
朱自清,《文萃》,Directed,42243,,1,1946,上海
李伯球,《光明报》,Directed,42246,,6,1949,香港
李俞,《光明报》,Directed,42249,,1,1946,香港
李公朴,《民主周刊(北平)》,Directed,42253,,1,1946,北平
李公樸,《民主周刊(昆明)》,Directed,42255,,1,1946,昆明
李家榆,《文萃》,Directed,42263,,1,1946,上海
李敏,《民主(上海)》,Directed,42268,,1,1946,上海
李济深,《中华论坛》,Directed,42275,,1,1946,重庆
李章达,《光明报》,Directed,42281,,1,1946,香港
杨伯恺,《光明报》,Directed,42291,,2,1948,香港
杨伯恺,《文萃》,Directed,42292,,1,1946,上海
杨刚,《观察》,Directed,42296,,7,1948,上海
杨卫玉,《民主(上海)》,Directed,42297,,1,1946,上海
杨深,《文萃》,Directed,42303,,3,1947,上海
杨荣国,《民主:桂林版》,Directed,42308,,1,1946,桂林
杨西孟,《观察》,Directed,42309,,2,1947,上海
林亨元,《文萃》,Directed,42321,,1,1946,上海
林亨元,《民主周刊(昆明)》,Directed,42322,,1,1946,昆明
林赛,《再生》,Directed,42334,,1,1946,上海
林辰,《民主(重庆)》,Directed,42336,,1,1946,重庆
林达,《民主周刊(昆明)》,Directed,42337,,1,1946,昆明
柏寒,《民主:桂林版》,Directed,42341,,1,1946,桂林
梁漱溟,《再生》,Directed,42365,,2,1949,上海
梁潄溟,《光明报》,Directed,42366,,1,1946,香港
梁潄溟,《周报(上海1945)》,Directed,42367,,1,1946,上海
梁潄溟,《文萃》,Directed,42368,,1,1946,上海
梁纯夫,《中华论坛》,Directed,42370,,1,1946,重庆
欧阳倩,《民主周刊(北平)》,Directed,42378,,1,1946,北平
毅生,《文萃》,Directed,42384,,1,1946,上海
求思,《周报(上海1945)》,Directed,42397,,1,1946,上海
汉夫,《正报》,Directed,42398,,1,1946,香港
沈体兰,《民主(上海)》,Directed,42412,,1,1946,上海
沈兹九,《周报(上海1945)》,Directed,42413,,1,1946,上海
沈兹九,《文萃》,Directed,42414,,1,1946,上海
沈同衡,《民主周刊(北平)》,Directed,42415,,1,1946,北平
沈志远,《正报》,Directed,42418,,1,1946,香港
沈若谷,《文萃》,Directed,42422,,1,1946,上海
沈茂坊,《民主周刊(北平)》,Directed,42423,,1,1946,北平
波立特,《时代杂志》,Directed,42438,,1,1946,上海
洪遒,《光明报》,Directed,42449,,2,1947,香港
湘渔,《文萃》,Directed,42459,,1,1946,上海
潘光旦,《民主周刊(北平)》,Directed,42463,,1,1946,北平
焦敏之,《时代杂志》,Directed,42475,,1,1946,上海
爱伦堡,《文萃》,Directed,42477,,1,1946,上海
爱伦堡,《民主(上海)》,Directed,42478,,1,1946,上海
狄超白,《民主周刊(昆明)》,Directed,42485,,1,1946,昆明
王亚平,《周报(上海1945)》,Directed,42487,,1,1946,上海
王亚平,《时代杂志》,Directed,42488,,1,1946,上海
王坪,《周报(上海1945)》,Directed,42499,,1,1946,上海
王立果,《民主周刊(北平)》,Directed,42513,,1,1946,北平
王芸生,《观察》,Directed,42516,,2,1947,上海
瓦尔加,《文萃》,Directed,42523,,1,1946,上海
甘祠森,《再生》,Directed,42525,,1,1946,上海
田汉,《民主(上海)》,Directed,42530,,1,1946,上海
申由,《光明报》,Directed,42537,,1,1946,香港
白寒,《文萃》,Directed,42541,,1,1946,上海
白薇,《民主(重庆)》,Directed,42550,,1,1946,重庆
石东,《文萃》,Directed,42560,,1,1946,上海
石啸冲,《时代杂志》,Directed,42563,,1,1946,上海
秦似,《文萃》,Directed,42575,,1,1946,上海
笪移今,《观察》,Directed,42600,,10,1949,上海
纯青,《观察》,Directed,42614,,4,1948,上海
罗荪,《周报(上海1945)》,Directed,42639,,1,1946,上海
罗荪,《时代杂志》,Directed,42640,,1,1946,上海
罗隆基,《光明报》,Directed,42643,,1,1946,香港
翼青,《民主周刊(北平)》,Directed,42653,,1,1946,北平
翼青,《民主周刊(昆明)》,Directed,42654,,1,1946,昆明
胡仲持,《正报》,Directed,42668,,1,1946,香港
胡光,《周报(上海1945)》,Directed,42669,,1,1946,上海
胡冈,《文萃》,Directed,42671,,1,1946,上海
胡庆钧,《民主周刊(昆明)》,Directed,42672,,1,1946,昆明
胡愈之,《光明报》,Directed,42673,,1,1946,香港
胡绳,《中华论坛》,Directed,42677,,1,1946,重庆
胡绳,《周报(上海1945)》,Directed,42678,,1,1946,上海
胡钊,《民主周刊(北平)》,Directed,42681,,1,1946,北平
胡风,《中建》,Directed,42682,,1,1946,上海
胡风,《文萃》,Directed,42683,,1,1946,上海
臧克家,《民主(上海)》,Directed,42685,,1,1946,上海
艾思奇,《周报(上海1945)》,Directed,42688,,1,1946,上海
艾秋飙,《光明报》,Directed,42691,,1,1946,香港
艾芜,《时代杂志》,Directed,42692,,1,1946,上海
艾芜,《解放》,Directed,42693,,1,1946,北平
花西里,《文萃》,Directed,42699,,2,1947,上海
苏儒,《文萃》,Directed,42700,,1,1946,上海
苏儒,《时代杂志》,Directed,42701,,1,1946,上海
茅盾,《中华论坛》,Directed,42709,,1,1946,重庆
荒烟,《时代杂志》,Directed,42710,,1,1946,上海
萧乾,《观察》,Directed,42723,,3,1948,上海
萨空了,《光明报》,Directed,42732,,2,1947,香港
萨空了,《文萃》,Directed,42733,,1,1946,上海
萨空了,《正报》,Directed,42734,,1,1946,香港
葆荃,《文萃》,Directed,42736,,1,1946,上海
葛一虹,《周报(上海1945)》,Directed,42738,,1,1946,上海
葛一虹,《时代杂志》,Directed,42739,,1,1946,上海
董时进,《文萃》,Directed,42746,,1,1946,上海
蒋匀田,《民主:桂林版》,Directed,42751,,1,1946,桂林
蒲特,《正报》,Directed,42754,,1,1946,香港
蕙风,《时代杂志》,Directed,42764,,1,1946,上海
蕙风,《正报》,Directed,42765,,1,1946,香港
薛汕,《中华论坛》,Directed,42767,,1,1946,重庆
袁水拍,《周报(上海1945)》,Directed,42775,,1,1946,上海
袁水拍,《时代杂志》,Directed,42776,,1,1946,上海
袁西华,《民主(重庆)》,Directed,42778,,1,1946,重庆
许杰,《文萃》,Directed,42792,,1,1946,上海
许涤新,《文萃》,Directed,42793,,1,1946,上海
许涤新,《正报》,Directed,42794,,5,1948,香港
诺斯,《文萃》,Directed,42801,,1,1946,上海
诺斯,《时代杂志》,Directed,42802,,1,1946,上海
谌小岑,《中央周刊》,Directed,42804,,2,1947,南京
谌小岑,《文萃》,Directed,42805,,1,1946,上海
谢东平,《民主(上海)》,Directed,42807,,1,1946,上海
费孝通,《民主(上海)》,Directed,42826,,1,1946,上海
费孝通,《民主周刊(北平)》,Directed,42827,,1,1946,北平
费正,《中华论坛》,Directed,42830,,1,1946,重庆
赛珍珠,《周报(上海1945)》,Directed,42837,,1,1946,上海
赵元浩,《周报(上海1945)》,Directed,42841,,1,1946,上海
赵元浩,《文萃》,Directed,42842,,1,1946,上海
赵超构,《文萃》,Directed,42849,,1,1946,上海
辛斤,《光明报》,Directed,42854,,1,1946,香港
迈之,《民主(重庆)》,Directed,42857,,1,1946,重庆
适夷,《文萃》,Directed,42861,,1,1946,上海
适夷,《民主(上海)》,Directed,42862,,1,1946,上海
邓之诚,《文萃》,Directed,42866,,1,1946,上海
邓初民,《周报(上海1945)》,Directed,42867,,1,1946,上海
邓颖超,《时代杂志》,Directed,42874,,1,1946,上海
邹文海,《观察》,Directed,42882,,1,1946,上海
邹鲁,《中央周刊》,Directed,42885,,1,1946,南京
郑森禹,《文萃》,Directed,42894,,1,1946,上海
郭大力,《文萃》,Directed,42897,,1,1946,上海
郭根,《周报(上海1945)》,Directed,42901,,1,1946,上海
郭沬若,《正报》,Directed,42903,,3,1948,香港
郭沬若,《解放》,Directed,42904,,1,1946,北平
铁马,《文萃》,Directed,42934,,1,1946,上海
闻一多,《文萃》,Directed,42943,,1,1946,上海
闻一多,《民主周刊(北平)》,Directed,42944,,1,1946,北平
闻家驷,《周报(上海1945)》,Directed,42945,,1,1946,上海
阎宝航,《民主(重庆)》,Directed,42949,,1,1946,重庆
陈原,《时代杂志》,Directed,42977,,1,1946,上海
陈家康,《民主(上海)》,Directed,42982,,1,1946,上海
陈家康,《解放》,Directed,42983,,1,1946,北平
陈平,《文萃》,Directed,42987,,1,1946,上海
陈柏心,《中央周刊》,Directed,42992,,5,1947,南京
陈柏心,《观察》,Directed,42993,,1,1946,上海
陈白尘,《周报(上海1945)》,Directed,43001,,1,1946,上海
陈立夫,《中建》,Directed,43003,,1,1946,上海
陈翰笙,《文萃》,Directed,43007,,1,1946,上海
陈闲,《正报》,Directed,43013,,2,1948,香港
陶孟和,《观察》,Directed,43018,,1,1946,上海
陶行知,《民主(上海)》,Directed,43020,,1,1946,上海
雪峰,《时代杂志》,Directed,43025,,1,1946,上海
雷洁琼,《周报(上海1945)》,Directed,43029,,1,1946,上海
雷海宗,《观察》,Directed,43031,,2,1947,上海
雾城,《周报(上海1945)》,Directed,43032,,1,1946,上海
雾城,《文萃》,Directed,43033,,1,1946,上海
静之,《民主周刊(昆明)》,Directed,43040,,1,1946,昆明
静远,《民主周刊(北平)》,Directed,43042,,1,1946,北平
静远,《民主周刊(昆明)》,Directed,43043,,1,1946,昆明
非昔,《文萃》,Directed,43044,,1,1946,上海
靳以,《周报(上海1945)》,Directed,43046,,1,1946,上海
韩德培,《观察》,Directed,43048,,5,1947,上海
香汀,《周报(上海1945)》,Directed,43062,,1,1946,上海
香汀,《文萃》,Directed,43063,,1,1946,上海
马寅初,《观察》,Directed,43067,,1,1946,上海
马歇尔,《中央周刊》,Directed,43071,,1,1946,南京
高梁,《文萃》,Directed,43075,,1,1946,上海
高歌,《文萃》,Directed,43076,,1,1946,上海
魏伯,《周报(上海1945)》,Directed,43080,,1,1946,上海
魏伯,《解放》,Directed,43081,,1,1946,北平
魏金枝,《时代杂志》,Directed,43084,,1,1946,上海
鲁山,《民主周刊(北平)》,Directed,43088,,1,1946,北平
鲁山,《解放》,Directed,43090,,1,1946,北平
鲁迅,《解放》,Directed,43092,,1,1946,北平
鲁风,《民主周刊(昆明)》,Directed,43094,,1,1946,昆明
黄雨秋,《周报(上海1945)》,Directed,43110,,1,1946,上海
黎洪,《民主(上海)》,Directed,43119,,1,1946,上海
黎纬北,《光明报》,Directed,43123,,1,1946,香港
龚澎,《文萃》,Directed,43129,,1,1946,上海
（美）李普曼,《民主(上海)》,Directed,43140,,1,1946,上海
（苏）爱伦堡,《文萃》,Directed,43151,,1,1946,上海
（苏）爱伦堡,《正报》,Directed,43152,,1,1946,香港
石啸冲,《国讯》,Directed,43163,,55,1947,上海
舒翰,《正报》,Directed,43170,,48,1948,香港
王民,《国讯》,Directed,43173,,38,1948,上海
叶菲,《群众》,Directed,43178,,19,1947,香港
江问渔,《国讯》,Directed,43180,,19,1947,上海
费孝通,《观察》,Directed,43182,,39,1949,上海
文骊,《国讯》,Directed,43189,,16,1948,上海
许涤新,《群众》,Directed,43196,,36,1949,香港
方成,《观察》,Directed,43198,,21,1949,上海
王亚南,《时与文》,Directed,43205,,20,1948,上海
光祖,《国讯》,Directed,43210,,11,1947,上海
吕克难,《再生》,Directed,43211,,11,1947,上海
安尼,《群众》,Directed,43212,,11,1947,香港
史特朗,《群众》,Directed,43222,,15,1948,香港
君羊,《中央周刊》,Directed,43223,,134,1948,南京
方成,《时与文》,Directed,43225,,10,1947,上海
林焕平,《国讯》,Directed,43228,,21,1948,上海
梁漱溟,《观察》,Directed,43229,,10,1947,上海
米谷,《时与文》,Directed,43232,,10,1947,上海
乔木,《群众》,Directed,43235,,25,1949,香港
张文元,《时与文》,Directed,43238,,9,1947,上海
李桦,《时与文》,Directed,43239,,9,1947,上海
潘朗,《时代杂志》,Directed,43241,,9,1947,上海
穆企,《时与文》,Directed,43242,,9,1947,上海
张铁生,《正报》,Directed,43250,,8,1947,香港
楼邦彦,《观察》,Directed,43253,,15,1949,上海
沈友谷,《群众》,Directed,43254,,12,1948,香港
补斋,《国讯》,Directed,43255,,11,1948,上海
陆诒,《光明报》,Directed,43256,,13,1949,香港
米谷,《群众》,Directed,43265,,80,1949,香港
苏素,《正报》,Directed,43266,,7,1947,香港
尼龙,《时与文》,Directed,43276,,6,1947,上海
文魁,《群众》,Directed,43280,,27,1949,香港
方方,《群众》,Directed,43282,,23,1949,香港
曾昭抡,《时与文》,Directed,43283,,22,1948,上海
桐庐,《正报》,Directed,43286,,8,1948,香港
浦熙修,《观察》,Directed,43288,,6,1947,上海
石东,《时与文》,Directed,43290,,6,1947,上海
石仲子,《国讯》,Directed,43291,,15,1948,上海
胡笛,《时与文》,Directed,43294,,7,1948,上海
费正,《时与文》,Directed,43295,,6,1947,上海
默涵,《群众》,Directed,43299,,8,1948,香港
宦乡,《时与文》,Directed,43305,,7,1948,上海
怀庶,《群众》,Directed,43307,,11,1948,香港
怀湘,《群众》,Directed,43308,,17,1949,香港
施复亮,《时与文》,Directed,43312,,5,1947,上海
林海,《时与文》,Directed,43317,,13,1948,上海
林赛,《群众》,Directed,43318,,8,1948,香港
樊弘,《时与文》,Directed,43322,,9,1948,上海
潘光祖,《国讯》,Directed,43325,,5,1947,上海
舒翰,《群众》,Directed,43329,,10,1949,香港
蔡尚思,《时与文》,Directed,43333,,15,1948,上海
费孝通,《现代文摘(上海)》,Directed,43334,,5,1947,上海
静观,《再生》,Directed,43342,,5,1947,上海
云彬,《光明报》,Directed,43348,,4,1947,香港
伍丹戈,《时与文》,Directed,43351,,5,1948,上海
凌华,《时与文》,Directed,43354,,12,1948,上海
华罗庚,《时与文》,Directed,43356,,4,1947,上海
华莱士,《再生》,Directed,43357,,7,1948,上海
华莱士,《国讯》,Directed,43358,,4,1947,上海
平凡,《时与文》,Directed,43371,,4,1947,上海
张东荪,《时与文》,Directed,43372,,4,1947,上海
文琪,《时与文》,Directed,43379,,6,1948,上海
方成,《现代文摘(上海)》,Directed,43380,,4,1947,上海
方显廷,《现代文摘(上海)》,Directed,43381,,4,1947,上海
杨西孟,《现代文摘(上海)》,Directed,43386,,4,1947,上海
林焕平,《时与文》,Directed,43387,,4,1947,上海
江流,《时与文》,Directed,43391,,4,1947,上海
洪荒,《时与文》,Directed,43393,,4,1947,上海
潘光祖,《时代杂志》,Directed,43395,,4,1947,上海
老马,《时与文》,Directed,43404,,4,1947,上海
胡其亮,《正报》,Directed,43405,,8,1948,香港
苏新,《国讯》,Directed,43408,,5,1948,上海
邓初民,《光明报》,Directed,43413,,9,1948,香港
钱端升,《观察》,Directed,43417,,5,1949,上海
陈行健,《国讯》,Directed,43421,,6,1948,上海
严仁赓,《观察》,Directed,43436,,8,1948,上海
乔木,《现代文摘(上海)》,Directed,43437,,3,1947,上海
何永佶,《观察》,Directed,43444,,11,1948,上海
佚名,《现代文摘(上海)》,Directed,43445,,3,1947,上海
凤子,《时与文》,Directed,43446,,6,1948,上海
刘迺诚,《观察》,Directed,43448,,4,1948,上海
华山,《时与文》,Directed,43450,,3,1947,上海
吕剑,《群众》,Directed,43455,,3,1947,香港
吴清友,《时与文》,Directed,43456,,3,1947,上海
周伯棣,《时与文》,Directed,43458,,6,1948,上海
周达,《正报》,Directed,43460,,4,1948,香港
宦乡,《现代文摘(上海)》,Directed,43469,,3,1947,上海
崔是田,《正报》,Directed,43473,,5,1948,香港
张东荪,《现代文摘(上海)》,Directed,43475,,3,1947,上海
张志龢,《文萃》,Directed,43477,,3,1947,上海
张文元,《现代文摘(上海)》,Directed,43478,,3,1947,上海
怀庶,《正报》,Directed,43484,,3,1947,香港
朱自清,《观察》,Directed,43491,,3,1947,上海
李白凤,《国讯》,Directed,43494,,3,1947,上海
杜渐,《时与文》,Directed,43497,,4,1948,上海
杨人楩,《观察》,Directed,43498,,7,1948,上海
林其民,《时与文》,Directed,43501,,3,1947,上海
林木,《国讯》,Directed,43503,,3,1947,上海
林沧白,《时与文》,Directed,43505,,9,1948,上海
林焕平,《现代文摘(上海)》,Directed,43506,,3,1947,上海
樊弘,《观察》,Directed,43513,,11,1949,上海
欧文,《正报》,Directed,43514,,4,1948,香港
汤德明,《时与文》,Directed,43516,,6,1948,上海
潘孑农,《时与文》,Directed,43523,,3,1947,上海
田汝康,《观察》,Directed,43527,,7,1948,上海
白薇,《国讯》,Directed,43529,,3,1947,上海
穆企,《现代文摘(上海)》,Directed,43530,,3,1947,上海
端纳,《时代杂志》,Directed,43531,,4,1948,上海
筠友,《国讯》,Directed,43535,,3,1947,上海
胡适,《现代文摘(上海)》,Directed,43539,,3,1947,上海
臧克家,《时与文》,Directed,43540,,3,1947,上海
荃麟,《群众》,Directed,43542,,11,1949,香港
蔡尚思,《现代文摘(上海)》,Directed,43547,,3,1947,上海
辛之,《群众》,Directed,43552,,7,1949,香港
邓初民,《群众》,Directed,43554,,3,1947,香港
陶孟和,《现代文摘(上海)》,Directed,43565,,3,1947,上海
马叙伦,《时与文》,Directed,43569,,3,1947,上海
马寅初,《国讯》,Directed,43570,,4,1948,上海
马寅初,《现代文摘(上海)》,Directed,43571,,3,1947,上海
仲冰,《正报》,Directed,43599,,6,1948,香港
伯奇,《时与文》,Directed,43606,,2,1947,上海
何永佶,《现代文摘(上海)》,Directed,43610,,2,1947,上海
余才友,《观察》,Directed,43611,,4,1948,上海
佚名,《群众》,Directed,43612,,3,1948,香港
储安平,《现代文摘(上海)》,Directed,43615,,2,1947,上海
光祖,《时代杂志》,Directed,43616,,2,1947,上海
冯契,《时与文》,Directed,43622,,5,1948,上海
刃锋,《观察》,Directed,43623,,2,1947,上海
史特朗,《国讯》,Directed,43635,,2,1947,上海
史靖,《时与文》,Directed,43637,,3,1948,上海
向日,《再生》,Directed,43641,,2,1947,上海
吴世昌,《现代文摘(上海)》,Directed,43644,,2,1947,上海
吴晗,《时与文》,Directed,43646,,5,1948,上海
周子亚,《观察》,Directed,43649,,2,1947,上海
周建人,《时与文》,Directed,43650,,4,1948,上海
周炳琳,《观察》,Directed,43651,,3,1948,上海
周而复,《群众》,Directed,43652,,2,1947,香港
周谷城,《时与文》,Directed,43653,,2,1947,上海
夏炎德,《观察》,Directed,43656,,3,1948,上海
姜庆湘,《现代文摘(上海)》,Directed,43659,,2,1947,上海
娄立斋,《现代文摘(上海)》,Directed,43660,,2,1947,上海
孙殿伟,《时与文》,Directed,43664,,2,1947,上海
宣相权,《中央周刊》,Directed,43671,,2,1947,南京
岳光,《时代杂志》,Directed,43675,,2,1947,上海
廖方明,《群众》,Directed,43681,,2,1947,香港
张啸虎,《时与文》,Directed,43685,,3,1948,上海
张啸虎,《观察》,Directed,43686,,2,1947,上海
张铁生,《现代文摘(上海)》,Directed,43695,,2,1947,上海
拉斯基,《观察》,Directed,43708,,4,1948,上海
日丹诺夫,《时代杂志》,Directed,43716,,3,1948,上海
星星,《群众》,Directed,43718,,3,1948,香港
李健吾,《观察》,Directed,43725,,2,1947,上海
李普,《正报》,Directed,43726,,2,1947,香港
李桦,《观察》,Directed,43728,,3,1949,上海
李白凤,《文萃》,Directed,43730,,2,1947,上海
杨可扬,《观察》,Directed,43734,,2,1947,上海
杨晦,《时与文》,Directed,43735,,2,1947,上海
梁纯夫,《现代文摘(上海)》,Directed,43747,,2,1947,上海
楚图南,《时与文》,Directed,43748,,2,1947,上海
汉夫,《群众》,Directed,43753,,5,1948,香港
沈友谷,《正报》,Directed,43756,,2,1947,香港
漆琪生,《时与文》,Directed,43765,,2,1947,上海
王新命,《现代文摘(上海)》,Directed,43777,,2,1947,上海
王琦,《观察》,Directed,43779,,2,1947,上海
王芸生,《现代文摘(上海)》,Directed,43783,,2,1947,上海
王铁崖,《观察》,Directed,43784,,4,1949,上海
秋虹,《正报》,Directed,43795,,2,1947,香港
秦牧,《群众》,Directed,43796,,2,1947,香港
端纳,《群众》,Directed,43802,,5,1948,香港
米谷,《国讯》,Directed,43805,,2,1947,上海
米谷,《现代文摘(上海)》,Directed,43806,,2,1947,上海
臧克家,《现代文摘(上海)》,Directed,43820,,2,1947,上海
赵延年,《时与文》,Directed,43843,,2,1947,上海
郭大力,《时与文》,Directed,43857,,3,1948,上海
郭沫若,《国讯》,Directed,43859,,3,1948,上海
郭沫若,《现代文摘(上海)》,Directed,43860,,2,1947,上海
钱实甫,《现代文摘(上海)》,Directed,43864,,2,1947,上海
阡人,《群众》,Directed,43869,,2,1947,香港
陆诒,《群众》,Directed,43872,,2,1947,香港
陈微子,《时与文》,Directed,43879,,2,1947,上海
陈微子,《观察》,Directed,43880,,3,1948,上海
陈振汉,《观察》,Directed,43881,,3,1948,上海
陈旭麓,《时与文》,Directed,43882,,2,1947,上海
陈时臬,《国讯》,Directed,43883,,3,1948,上海
陈达,《时与文》,Directed,43886,,10,1948,上海
陈际云,《时与文》,Directed,43888,,2,1947,上海
陶大镛,《现代文摘(上海)》,Directed,43889,,2,1947,上海
颜孙,《正报》,Directed,43898,,6,1948,香港
马义,《现代文摘(上海)》,Directed,43899,,2,1947,上海
马凡陀,《现代文摘(上海)》,Directed,43900,,2,1947,上海
高歌,《国讯》,Directed,43905,,2,1947,上海
高阳,《正报》,Directed,43906,,3,1948,香港
黄作梅,《正报》,Directed,43911,,4,1948,香港
黄墅,《现代文摘(上海)》,Directed,43912,,2,1947,上海
黄磷,《正报》,Directed,43915,,2,1947,香港
龙子,《再生》,Directed,43919,,2,1947,上海
Deane，H.,《国讯》,Directed,43935,,1,1947,上海
Kingsley_Martin,《中央周刊》,Directed,43953,,1,1947,南京
一公,《文萃》,Directed,44010,,1,1947,上海
丁一,《群众》,Directed,44017,,1,1947,香港
丁易,《时与文》,Directed,44020,,1,1947,上海
东方晦之,《群众》,Directed,44037,,1,1947,香港
严凌,《再生》,Directed,44039,,1,1947,上海
于右任,《中央周刊》,Directed,44056,,1,1947,南京
以沛,《群众》,Directed,44082,,3,1948,香港
任钧,《时与文》,Directed,44091,,1,1947,上海
任钧,《现代文摘(上海)》,Directed,44092,,1,1947,上海
伊利奥特·罗斯福,《文萃》,Directed,44095,,1,1947,上海
伯奇,《再生》,Directed,44107,,1,1947,上海
何若钧,《时与文》,Directed,44131,,1,1947,上海
何达,《观察》,Directed,44134,,1,1947,上海
何香凝,《群众》,Directed,44135,,1,1947,香港
余伯约,《群众》,Directed,44139,,1,1947,香港
余所亚,《时与文》,Directed,44149,,1,1947,上海
佚名,《再生》,Directed,44155,,1,1947,上海
俞寰澄,《国讯》,Directed,44167,,2,1948,上海
俞平伯,《现代文摘(上海)》,Directed,44168,,1,1947,上海
俞颂华,《现代文摘(上海)》,Directed,44171,,1,1947,上海
傅孟真,《观察》,Directed,44179,,1,1947,上海
傅雷,《观察》,Directed,44184,,1,1947,上海
公彦,《时代杂志》,Directed,44200,,1,1947,上海
冯乃超,《群众》,Directed,44208,,1,1947,香港
刃锋,《时与文》,Directed,44221,,1,1947,上海
刘勉,《时与文》,Directed,44235,,1,1947,上海
刘白羽,《群众》,Directed,44255,,1,1947,香港
华山,《正报》,Directed,44289,,1,1947,香港
华莱士,《光明报》,Directed,44293,,3,1948,香港
华莱士,《现代文摘(上海)》,Directed,44294,,1,1947,上海
友谷,《群众》,Directed,44312,,1,1947,香港
史刚,《群众》,Directed,44320,,1,1947,香港
史量,《正报》,Directed,44330,,1,1947,香港
史量,《群众》,Directed,44331,,1,1947,香港
叶圣陶,《现代文摘(上海)》,Directed,44333,,1,1947,上海
叶萌,《群众》,Directed,44341,,2,1948,香港
叶辛,《时与文》,Directed,44342,,1,1947,上海
司马文森,《群众》,Directed,44347,,1,1947,香港
吉人,《时与文》,Directed,44348,,1,1947,上海
吴世昌,《时与文》,Directed,44363,,1,1947,上海
吴之椿,《现代文摘(上海)》,Directed,44366,,1,1947,上海
吴之椿,《观察》,Directed,44367,,1,1947,上海
吴斐丹,《中央周刊》,Directed,44380,,2,1948,南京
吴晗,《现代文摘(上海)》,Directed,44382,,1,1947,上海
吴晗,《观察》,Directed,44383,,4,1948,上海
吴景超,《现代文摘(上海)》,Directed,44384,,1,1947,上海
吴景超,《观察》,Directed,44385,,2,1948,上海
吴玉章,《群众》,Directed,44389,,2,1949,香港
吴耀宗,《国讯》,Directed,44391,,1,1947,上海
周一志,《现代文摘(上海)》,Directed,44394,,1,1947,上海
周伯棣,《现代文摘(上海)》,Directed,44395,,1,1947,上海
周建人,《现代文摘(上海)》,Directed,44400,,1,1947,上海
周达,《群众》,Directed,44409,,1,1947,香港
周钢鸣,《群众》,Directed,44411,,1,1947,香港
坚夫,《群众》,Directed,44425,,1,1947,香港
夏康农,《时与文》,Directed,44431,,1,1947,上海
夏康农,《时代杂志》,Directed,44432,,1,1947,上海
姜庆湘,《展望》,Directed,44458,,1,1947,南京
孙晓村,《中建》,Directed,44470,,1,1947,上海
孙起孟,《现代文摘(上海)》,Directed,44472,,1,1947,上海
孟南,《群众》,Directed,44477,,1,1947,香港
孟启予,《文萃》,Directed,44478,,1,1947,上海
孟宪章,《现代文摘(上海)》,Directed,44479,,1,1947,上海
孟昌,《时代杂志》,Directed,44481,,1,1947,上海
安娥,《时与文》,Directed,44497,,1,1947,上海
宋越伦,《中央周刊》,Directed,44509,,1,1947,南京
宣相权,《现代文摘(上海)》,Directed,44514,,1,1947,上海
寿进文,《现代文摘(上海)》,Directed,44520,,1,1947,上海
小云,《正报》,Directed,44521,,8,1948,香港
小云,《群众》,Directed,44522,,3,1949,香港
小诃,《国讯》,Directed,44527,,1,1947,上海
尖兵,《再生》,Directed,44528,,1,1947,上海
岳光,《国讯》,Directed,44539,,1,1947,上海
崔书琴,《现代文摘(上海)》,Directed,44541,,1,1947,上海
崔是田,《群众》,Directed,44543,,1,1947,香港
巴客,《国讯》,Directed,44549,,3,1948,上海
巴甫洛夫,《时代杂志》,Directed,44555,,1,1947,上海
张东前,《主流》,Directed,44587,,1,1947,南京
张东荪,《展望》,Directed,44588,,6,1948,南京
张华,《正报》,Directed,44599,,2,1948,香港
张庸,《时与文》,Directed,44610,,1,1947,上海
张强立,《中央周刊》,Directed,44611,,1,1947,南京
张强立,《观察》,Directed,44612,,1,1947,上海
张明养,《时与文》,Directed,44620,,1,1947,上海
张明养,《现代文摘(上海)》,Directed,44621,,1,1947,上海
张澜,《再生》,Directed,44634,,1,1947,上海
张絅伯,《国讯》,Directed,44637,,3,1948,上海
张西曼,《时代杂志》,Directed,44642,,1,1947,上海
张西超,《时与文》,Directed,44643,,1,1947,上海
张锡昌,《文萃》,Directed,44649,,1,1947,上海
彭泽民,《光明报》,Directed,44659,,1,1947,香港
徐中玉,《现代文摘(上海)》,Directed,44670,,1,1947,上海
徐中玉,《观察》,Directed,44671,,4,1948,上海
徐毓枬,《现代文摘(上海)》,Directed,44680,,1,1947,上海
徐行,《观察》,Directed,44683,,1,1947,上海
德明,《时与文》,Directed,44684,,1,1947,上海
思慕,《现代文摘(上海)》,Directed,44693,,1,1947,上海
思粤,《时与文》,Directed,44694,,1,1947,上海
思蓝,《观察》,Directed,44696,,1,1947,上海
托尔斯泰,《时代杂志》,Directed,44710,,1,1947,上海
拉斯基,《主流》,Directed,44713,,2,1948,南京
斯诺,《文萃》,Directed,44730,,1,1947,上海
新生,《再生》,Directed,44731,,1,1947,上海
新生,《文萃》,Directed,44732,,1,1947,上海
方与严,《时代杂志》,Directed,44733,,1,1947,上海
方东旭,《国讯》,Directed,44734,,7,1948,上海
方治平,《光明报》,Directed,44743,,1,1947,香港
方瑛,《时与文》,Directed,44745,,1,1947,上海
方秋苇,《国讯》,Directed,44747,,1,1947,上海
方艾,《正报》,Directed,44749,,1,1947,香港
施复亮,《展望》,Directed,44756,,6,1948,南京
施复亮,《观察》,Directed,44757,,6,1948,上海
旅人,《正报》,Directed,44763,,1,1947,香港
日丹诺夫,《群众》,Directed,44767,,1,1947,香港
时风,《时与文》,Directed,44773,,1,1947,上海
时风,《现代文摘(上海)》,Directed,44774,,1,1947,上海
景宋,《时与文》,Directed,44789,,2,1948,上海
曹孟君,《时代杂志》,Directed,44794,,1,1947,上海
望月,《国讯》,Directed,44810,,3,1948,上海
未名,《光明报》,Directed,44812,,1,1947,香港
未名,《群众》,Directed,44813,,2,1948,香港
朱绛,《国讯》,Directed,44832,,1,1947,上海
朱自清,《现代文摘(上海)》,Directed,44833,,1,1947,上海
李一雯,《国讯》,Directed,44836,,1,1947,上海
李一雯,《时与文》,Directed,44837,,1,1947,上海
李伯球,《群众》,Directed,44848,,1,1947,香港
李昂季叶夫,《现代文摘(上海)》,Directed,44877,,1,1947,上海
李普,《群众》,Directed,44881,,1,1947,香港
李普曼,《中央周刊》,Directed,44882,,1,1947,南京
李济深,《光明报》,Directed,44887,,1,1947,香港
李琪,《群众》,Directed,44892,,1,1947,香港
李紫翔,《时与文》,Directed,44898,,1,1947,上海
李紫翔,《现代文摘(上海)》,Directed,44899,,1,1947,上海
杜克洛,《群众》,Directed,44913,,1,1947,香港
杨光时,《时与文》,Directed,44922,,1,1947,上海
杨光时,《观察》,Directed,44923,,1,1947,上海
杨刚,《现代文摘(上海)》,Directed,44925,,1,1947,上海
杨华,《文萃》,Directed,44926,,1,1947,上海
杨卫玉,《中建》,Directed,44927,,1,1947,上海
杨卫玉,《现代文摘(上海)》,Directed,44929,,1,1947,上海
杨同芳,《观察》,Directed,44931,,1,1947,上海
杨深,《现代文摘(上海)》,Directed,44944,,1,1947,上海
林木,《中央周刊》,Directed,44971,,1,1947,南京
林枫,《观察》,Directed,44973,,1,1947,上海
林达,《国讯》,Directed,44980,,1,1947,上海
林达,《时代杂志》,Directed,44981,,2,1948,上海
柳亚子,《国讯》,Directed,44991,,1,1947,上海
桐庐,《群众》,Directed,44999,,5,1949,香港
梁漱溟,《光明报》,Directed,45005,,1,1947,香港
梁漱溟,《现代文摘(上海)》,Directed,45006,,1,1947,上海
梁潄溟,《观察》,Directed,45007,,1,1947,上海
梁远,《中央周刊》,Directed,45010,,1,1947,南京
梅碧华,《时代杂志》,Directed,45017,,1,1947,上海
梅碧华,《现代文摘(上海)》,Directed,45018,,1,1947,上海
楼邦彦,《现代文摘(上海)》,Directed,45024,,1,1947,上海
欧文,《现代文摘(上海)》,Directed,45027,,1,1947,上海
毛泽东,《正报》,Directed,45044,,2,1948,香港
江流,《光明报》,Directed,45057,,1,1947,香港
江流,《国讯》,Directed,45058,,1,1947,上海
江问渔,《中建》,Directed,45059,,1,1947,上海
汪叔棣,《中建》,Directed,45064,,1,1947,上海
沈从文,《现代文摘(上海)》,Directed,45067,,1,1947,上海
沈同衡,《时与文》,Directed,45069,,1,1947,上海
沈志远,《时与文》,Directed,45071,,1,1947,上海
沈志远,《时代杂志》,Directed,45072,,1,1947,上海
沈志远,《现代文摘(上海)》,Directed,45073,,1,1947,上海
沈茂坊,《观察》,Directed,45078,,1,1947,上海
沈钧儒,《国讯》,Directed,45081,,1,1947,上海
沈钧儒,《时与文》,Directed,45082,,1,1947,上海
沈钧儒,《时代杂志》,Directed,45083,,1,1947,上海
波立特,《群众》,Directed,45093,,1,1947,香港
洪深,《时与文》,Directed,45100,,1,1947,上海
洪荒,《现代文摘(上海)》,Directed,45102,,1,1947,上海
洪遒,《群众》,Directed,45104,,1,1947,香港
流金,《时与文》,Directed,45107,,2,1948,上海
涤新,《正报》,Directed,45116,,2,1948,香港
涤新,《群众》,Directed,45117,,3,1948,香港
漆琪生,《现代文摘(上海)》,Directed,45126,,1,1947,上海
漾兮,《时与文》,Directed,45128,,1,1947,上海
潘光旦,《现代文摘(上海)》,Directed,45129,,1,1947,上海
潘朗,《展望》,Directed,45135,,1,1947,南京
潘朗,《文萃》,Directed,45136,,1,1947,上海
狄超白,《群众》,Directed,45154,,1,1947,香港
王亚南,《现代文摘(上海)》,Directed,45161,,1,1947,上海
王琦,《再生》,Directed,45207,,1,1947,上海
王琦,《时代杂志》,Directed,45208,,1,1947,上海
王璧岑,《现代文摘(上海)》,Directed,45209,,1,1947,上海
王芸生,《国讯》,Directed,45218,,1,1947,上海
王造时,《时与文》,Directed,45221,,1,1947,上海
甘祠森,《时与文》,Directed,45235,,1,1947,上海
甘草,《时与文》,Directed,45237,,1,1947,上海
田汉,《现代文摘(上海)》,Directed,45243,,1,1947,上海
田禾,《群众》,Directed,45244,,1,1947,香港
田风,《文萃》,Directed,45249,,1,1947,上海
申公,《光明报》,Directed,45250,,1,1947,香港
白旭,《现代文摘(上海)》,Directed,45256,,1,1947,上海
石啸冲,《时与文》,Directed,45270,,1,1947,上海
祁文英,《群众》,Directed,45280,,1,1947,香港
秋虹,《群众》,Directed,45290,,6,1949,香港
秦似,《群众》,Directed,45292,,1,1947,香港
移山,《文萃》,Directed,45298,,1,1947,上海
章乃器,《展望》,Directed,45310,,1,1947,南京
章伯钧,《光明报》,Directed,45311,,5,1948,香港
章伯钧,《现代文摘(上海)》,Directed,45312,,1,1947,上海
笪移今,《现代文摘(上海)》,Directed,45328,,1,1947,上海
简樸,《群众》,Directed,45330,,1,1947,香港
米谷,《文萃》,Directed,45334,,1,1947,上海
粟寄沧,《现代文摘(上海)》,Directed,45336,,1,1947,上海
维洛夫,《国讯》,Directed,45355,,1,1947,上海
维洛夫,《时代杂志》,Directed,45356,,1,1947,上海
罗涵先,《展望》,Directed,45368,,2,1949,南京
翁之镛,《现代文摘(上海)》,Directed,45380,,1,1947,上海
翦伯赞,《时与文》,Directed,45385,,1,1947,上海
翰飞,《国讯》,Directed,45386,,1,1947,上海
老马,《文萃》,Directed,45390,,1,1947,上海
胡仲持,《光明报》,Directed,45397,,2,1949,香港
胡其亮,《群众》,Directed,45399,,1,1947,香港
胡庆钧,《观察》,Directed,45403,,3,1948,上海
胡曲园,《中建》,Directed,45412,,1,1947,上海
胡焕庸,《现代文摘(上海)》,Directed,45415,,1,1947,上海
胡绳,《现代文摘(上海)》,Directed,45418,,1,1947,上海
臧克家,《国讯》,Directed,45422,,1,1947,上海
臧克家,《时代杂志》,Directed,45423,,1,1947,上海
若愚,《中央周刊》,Directed,45443,,1,1947,南京
范承祥,《时与文》,Directed,45449,,4,1948,上海
范泉,《时与文》,Directed,45451,,1,1947,上海
茅盾,《时与文》,Directed,45454,,1,1947,上海
荒野,《国讯》,Directed,45457,,1,1947,上海
荒野,《观察》,Directed,45458,,1,1947,上海
萧公权,《现代文摘(上海)》,Directed,45472,,1,1947,上海
萧扬,《观察》,Directed,45476,,1,1947,上海
萧文,《正报》,Directed,45477,,1,1947,香港
葛琴,《群众》,Directed,45498,,1,1947,香港
董时进,《观察》,Directed,45501,,2,1948,上海
董秋斯,《时与文》,Directed,45502,,1,1947,上海
许寿裳,《时与文》,Directed,45549,,1,1947,上海
许广平,《时与文》,Directed,45550,,1,1947,上海
许广平,《时代杂志》,Directed,45551,,1,1947,上海
许德珩,《现代文摘(上海)》,Directed,45552,,1,1947,上海
许德珩,《观察》,Directed,45553,,2,1948,上海
许杰,《时与文》,Directed,45557,,1,1947,上海
许杰,《观察》,Directed,45558,,1,1947,上海
谷春帆,《观察》,Directed,45586,,1,1947,上海
费正清,《文萃》,Directed,45592,,1,1947,上海
费青,《观察》,Directed,45593,,1,1947,上海
赛珍珠,《观察》,Directed,45597,,1,1947,上海
赵兰坪,《现代文摘(上海)》,Directed,45603,,1,1947,上海
赵延年,《正报》,Directed,45610,,1,1947,香港
路人,《再生》,Directed,45622,,2,1948,上海
辛之,《正报》,Directed,45627,,1,1947,香港
适夷,《时与文》,Directed,45639,,1,1947,上海
适夷,《观察》,Directed,45640,,1,1947,上海
邓之诚,《现代文摘(上海)》,Directed,45647,,1,1947,上海
邓初民,《现代文摘(上海)》,Directed,45650,,1,1947,上海
邓颖超,《群众》,Directed,45653,,2,1949,香港
邹文海,《中建》,Directed,45665,,1,1947,上海
醒华,《群众》,Directed,45687,,2,1948,香港
金大均,《文萃》,Directed,45694,,1,1947,上海
钱实甫,《时与文》,Directed,45714,,1,1947,上海
铁生,《群众》,Directed,45720,,13,1949,香港
铁马,《再生》,Directed,45721,,1,1947,上海
阎宝航,《群众》,Directed,45728,,1,1947,香港
阿杨,《时与文》,Directed,45735,,1,1947,上海
陈伯达,《群众》,Directed,45758,,6,1949,香港
陈其瑗,《光明报》,Directed,45761,,1,1947,香港
陈其瑗,《文萃》,Directed,45762,,1,1947,上海
陈其瑗,《群众》,Directed,45763,,2,1948,香港
陈原,《现代文摘(上海)》,Directed,45770,,1,1947,上海
陈友松,《中央周刊》,Directed,45771,,2,1948,南京
陈旭麓,《观察》,Directed,45790,,1,1947,上海
陈本端,《再生》,Directed,45796,,2,1948,上海
陈钟浩,《中央周刊》,Directed,45814,,1,1947,南京
陈钟浩,《现代文摘(上海)》,Directed,45815,,1,1947,上海
陈铨,《正报》,Directed,45816,,1,1947,香港
陈闲,《群众》,Directed,45818,,1,1947,香港
陶大镛,《时与文》,Directed,45824,,2,1948,上海
雪峰,《现代文摘(上海)》,Directed,45841,,1,1947,上海
雷洁琼,《现代文摘(上海)》,Directed,45846,,1,1947,上海
靳以,《现代文摘(上海)》,Directed,45852,,1,1947,上海
马义,《中央周刊》,Directed,45869,,1,1947,南京
马凡陀,《时与文》,Directed,45874,,1,1947,上海
马凡陀,《群众》,Directed,45875,,1,1947,香港
马寅初,《时代杂志》,Directed,45882,,1,1947,上海
马歇尔,《时代杂志》,Directed,45890,,1,1947,上海
高阳,《群众》,Directed,45924,,1,1947,香港
魏金枝,《时与文》,Directed,45929,,1,1947,上海
鲁风,《再生》,Directed,45932,,1,1947,上海
黄墅,《中央周刊》,Directed,45952,,8,1948,南京
黄正铭,《中建》,Directed,45963,,1,1947,上海
黄炎裔,《观察》,Directed,45966,,1,1947,上海
黄药眠,《群众》,Directed,45971,,1,1947,香港
黎洪,《正报》,Directed,45977,,1,1947,香港
齐生,《正报》,Directed,45986,,1,1947,香港
龚澎,《群众》,Directed,45993,,3,1949,香港
龟溪,《国讯》,Directed,45995,,1,1947,上海
（美）E·丹尼斯,《群众》,Directed,46006,,1,1947,香港
（美）李普曼,《中央周刊》,Directed,46016,,1,1947,南京
（美）福斯特,《时代杂志》,Directed,46019,,2,1948,上海
（苏）叶菲莫夫,《时代杂志》,Directed,46024,,1,1947,上海
君山,《时代杂志》,Directed,46073,,21,1949,上海
曾昭抡,《光明报》,Directed,46074,,19,1949,香港
陈仁炳,《展望》,Directed,46081,,24,1949,南京
陈达,《新路周刊》,Directed,46089,,14,1948,北平
刘绪贻,《观察》,Directed,46092,,13,1948,上海
吴景超,《新路周刊》,Directed,46097,,12,1948,北平
张西曼,《时与文》,Directed,46098,,12,1948,上海
刘大中,《新路周刊》,Directed,46102,,11,1948,北平
林焕平,《展望》,Directed,46105,,11,1948,南京
费孝通,《中建:北平版》,Directed,46115,,10,1948,上海
司田,《时代杂志》,Directed,46119,,9,1948,上海
杜渐,《展望》,Directed,46121,,10,1949,南京
杨卫玉,《展望》,Directed,46122,,10,1949,南京
黄河清,《再生》,Directed,46126,,9,1948,上海
徐毓枬,《新路周刊》,Directed,46131,,8,1948,北平
米谷,《正报》,Directed,46140,,8,1948,香港
陈振汉,《新路周刊》,Directed,46143,,8,1948,北平
文魁,《正报》,Directed,46152,,7,1948,香港
楼邦彦,《新路周刊》,Directed,46153,,7,1948,北平
樊弘,《中建:北平版》,Directed,46154,,7,1948,上海
毛泽东,《群众》,Directed,46155,,10,1949,香港
严冬,《展望》,Directed,46165,,6,1948,南京
戴世光,《新路周刊》,Directed,46170,,6,1948,北平
林一荣,《时与文》,Directed,46173,,6,1948,上海
石啸冲,《展望》,Directed,46178,,6,1948,南京
胡光,《时与文》,Directed,46180,,6,1948,上海
萧乾,《新路周刊》,Directed,46181,,6,1948,北平
裴仁,《时与文》,Directed,46183,,6,1948,上海
辛斤,《展望》,Directed,46186,,7,1949,南京
静观,《展望》,Directed,46188,,6,1948,南京
高超,《观察》,Directed,46189,,6,1948,上海
仲子,《展望》,Directed,46192,,5,1948,南京
全慰天,《新路周刊》,Directed,46193,,5,1948,北平
吕克难,《新路周刊》,Directed,46198,,5,1948,北平
怀湘,《正报》,Directed,46206,,5,1948,香港
李广田,《中建:北平版》,Directed,46209,,5,1948,上海
欧阳春,《展望》,Directed,46212,,9,1949,南京
洪荒,《展望》,Directed,46214,,13,1949,南京
石闻,《时与文》,Directed,46218,,5,1948,上海
吕漠,《展望》,Directed,46240,,4,1948,南京
夏衍,《正报》,Directed,46244,,4,1948,香港
孟宪章,《时与文》,Directed,46245,,4,1948,上海
文琪,《展望》,Directed,46252,,4,1948,南京
昔思,《正报》,Directed,46256,,4,1948,香港
望月,《展望》,Directed,46258,,4,1948,南京
樊弘,《中建:华北航空版》,Directed,46264,,4,1948,上海
欧阳春,《时与文》,Directed,46266,,4,1948,上海
潘光旦,《新路周刊》,Directed,46271,,4,1948,北平
牛纵,《展望》,Directed,46272,,4,1948,南京
王琦,《展望》,Directed,46273,,4,1948,南京
翁独健,《新路周刊》,Directed,46282,,4,1948,北平
翰飞,《展望》,Directed,46283,,4,1948,南京
胡庆钧,《新路周刊》,Directed,46286,,4,1948,北平
范樸斋,《中建:北平版》,Directed,46288,,4,1948,上海
莫邪,《中建:北平版》,Directed,46291,,4,1948,上海
蓝川,《正报》,Directed,46292,,4,1948,香港
补斋,《展望》,Directed,46293,,4,1948,南京
袁翰青,《展望》,Directed,46294,,4,1948,南京
郑昕,《中建:北平版》,Directed,46299,,4,1948,上海
郑昕,《中建:华北航空版》,Directed,46300,,4,1948,上海
郭沫若,《光明报》,Directed,46301,,4,1948,香港
郭沫若,《群众》,Directed,46302,,5,1949,香港
默涵,《正报》,Directed,46309,,4,1948,香港
龚祥瑞,《新路周刊》,Directed,46310,,4,1948,北平
丘陵,《展望》,Directed,46312,,3,1948,南京
冯乃超,《正报》,Directed,46322,,3,1948,香港
刃锋,《展望》,Directed,46327,,3,1948,南京
刘尊棋,《光明报》,Directed,46328,,3,1948,香港
刘绪贻,《时与文》,Directed,46331,,3,1948,上海
司田,《展望》,Directed,46333,,3,1948,南京
向达,《中建:北平版》,Directed,46334,,3,1948,上海
向达,《中建:华北航空版》,Directed,46335,,3,1948,上海
喻淦邨,《再生》,Directed,46346,,3,1948,上海
孟宪章,《展望》,Directed,46348,,6,1949,南京
平伯,《中建:北平版》,Directed,46353,,3,1948,上海
张东荪,《中建:北平版》,Directed,46356,,3,1948,上海
张敏,《展望》,Directed,46357,,3,1948,南京
徐中玉,《国讯》,Directed,46360,,3,1948,上海
徐毓枬,《观察》,Directed,46364,,3,1948,上海
朱绍文,《国讯》,Directed,46369,,3,1948,上海
李桦,《中建:北平版》,Directed,46373,,3,1948,上海
杨祖之,《时与文》,Directed,46379,,3,1948,上海
林其民,《展望》,Directed,46380,,3,1948,南京
王冀民,《展望》,Directed,46398,,3,1948,南京
王思曙,《国讯》,Directed,46400,,3,1948,上海
石东,《群众》,Directed,46406,,3,1948,香港
石仲子,《展望》,Directed,46407,,3,1948,南京
筠友,《展望》,Directed,46414,,3,1948,南京
米谷,《光明报》,Directed,46415,,3,1948,香港
羊群,《正报》,Directed,46417,,3,1948,香港
胡焕庸,《中央周刊》,Directed,46418,,3,1948,南京
荃麟,《正报》,Directed,46420,,3,1948,香港
董冰如,《时与文》,Directed,46422,,3,1948,上海
袁翰青,《中建:北平版》,Directed,46428,,3,1948,上海
许德珩,《中建:北平版》,Directed,46430,,3,1948,上海
金苗,《展望》,Directed,46437,,3,1948,南京
闻家驷,《中建:北平版》,Directed,46438,,3,1948,上海
闻家驷,《中建:华北航空版》,Directed,46439,,3,1948,上海
马叙伦,《光明报》,Directed,46445,,3,1948,香港
马叙伦,《群众》,Directed,46446,,3,1948,香港
黄炎培,《展望》,Directed,46451,,3,1948,南京
黄磷,《群众》,Directed,46452,,3,1948,香港
Kingsley_Martin,《观察》,Directed,46456,,2,1948,上海
一行,《正报》,Directed,46459,,2,1948,香港
严信民,《光明报》,Directed,46465,,2,1948,香港
之谷,《展望》,Directed,46468,,3,1949,南京
何慢,《展望》,Directed,46481,,2,1948,南京
侯外庐,《群众》,Directed,46484,,2,1948,香港
俞寰澄,《展望》,Directed,46485,,2,1948,南京
俞铭传,《中建:北平版》,Directed,46486,,2,1948,上海
冯至,《新路周刊》,Directed,46493,,2,1948,北平
刘尊棋,《展望》,Directed,46496,,2,1948,南京
刘尊棋,《时与文》,Directed,46497,,2,1948,上海
力扬,《正报》,Directed,46500,,2,1948,香港
南极,《时与文》,Directed,46510,,2,1948,上海
叶菲,《时代杂志》,Directed,46517,,2,1948,上海
吴兰,《展望》,Directed,46520,,2,1948,南京
吴刚,《群众》,Directed,46521,,2,1948,香港
吴恩裕,《新路周刊》,Directed,46522,,2,1948,北平
吴晗,《中建:北平版》,Directed,46523,,2,1948,上海
周一志,《观察》,Directed,46525,,2,1948,上海
周作仁,《中建:北平版》,Directed,46526,,2,1948,上海
城北,《新路周刊》,Directed,46530,,2,1948,北平
夏康农,《中建:北平版》,Directed,46532,,2,1948,上海
大木,《时与文》,Directed,46534,,2,1948,上海
姚理,《展望》,Directed,46538,,2,1948,南京
孙晓村,《展望》,Directed,46548,,2,1948,南京
孙殿伟,《国讯》,Directed,46549,,2,1948,上海
孟宪章,《中建:北平版》,Directed,46551,,2,1948,上海
宜闲,《光明报》,Directed,46560,,2,1948,香港
小石,《展望》,Directed,46562,,2,1948,南京
平伯,《中建:华北航空版》,Directed,46569,,2,1948,上海
平凡,《中建》,Directed,46570,,2,1948,上海
张东荪,《中建:华北航空版》,Directed,46574,,2,1948,上海
张志让,《中建:北平版》,Directed,46576,,2,1948,上海
彭慧,《国讯》,Directed,46582,,2,1948,上海
徐中玉,《展望》,Directed,46583,,2,1948,南京
徐中玉,《时与文》,Directed,46584,,2,1948,上海
德明,《展望》,Directed,46586,,3,1949,南京
念慈,《中建:北平版》,Directed,46588,,2,1948,上海
斯列波夫,《群众》,Directed,46597,,2,1948,香港
方秋苇,《观察》,Directed,46599,,2,1948,上海
方迅,《正报》,Directed,46602,,2,1948,香港
景宋,《展望》,Directed,46609,,2,1948,南京
曾昭抡,《群众》,Directed,46613,,2,1948,香港
李广田,《中建:华北航空版》,Directed,46617,,2,1948,上海
李桦,《展望》,Directed,46618,,2,1948,南京
李洛,《群众》,Directed,46620,,2,1948,香港
李瑛,《新路周刊》,Directed,46621,,2,1948,北平
杜克洛,《时代杂志》,Directed,46623,,2,1948,上海
杨人楩,《中建:北平版》,Directed,46624,,2,1948,上海
杨华,《正报》,Directed,46625,,2,1948,香港
杨卫玉,《时与文》,Directed,46626,,2,1948,上海
杨振声,《新路周刊》,Directed,46628,,2,1948,北平
杨祖之,《国讯》,Directed,46629,,2,1948,上海
杨祖之,《展望》,Directed,46630,,2,1948,南京
林一荣,《展望》,Directed,46632,,2,1948,南京
林莽,《国讯》,Directed,46637,,2,1948,上海
欧阳春,《中建:北平版》,Directed,46650,,2,1948,上海
沈钧儒,《光明报》,Directed,46659,,2,1948,香港
洪涛,《展望》,Directed,46660,,2,1948,南京
温肇桐,《展望》,Directed,46664,,2,1948,南京
王民,《展望》,Directed,46675,,2,1948,南京
王铁崖,《新路周刊》,Directed,46677,,2,1948,北平
磊风,《展望》,Directed,46684,,2,1948,南京
笪移今,《展望》,Directed,46690,,2,1948,南京
粟寄沧,《新路周刊》,Directed,46691,,2,1948,北平
绿韵,《国讯》,Directed,46695,,2,1948,上海
胡光,《光明报》,Directed,46698,,2,1948,香港
胡光,《国讯》,Directed,46699,,2,1948,上海
胡光,《展望》,Directed,46700,,2,1948,南京
胡光,《群众》,Directed,46701,,2,1948,香港
胡宣之,《时与文》,Directed,46702,,2,1948,上海
蒙若,《中建:北平版》,Directed,46722,,2,1948,上海
蒙若,《展望》,Directed,46723,,3,1949,南京
蓝川,《群众》,Directed,46724,,5,1949,香港
袁方,《新路周刊》,Directed,46727,,2,1948,北平
袁方,《观察》,Directed,46728,,2,1948,上海
袁翰青,《观察》,Directed,46729,,2,1948,上海
裴仁,《中建:北平版》,Directed,46730,,2,1948,上海
谢东平,《展望》,Directed,46732,,2,1948,南京
谷春帆,《新路周刊》,Directed,46737,,2,1948,北平
费青,《中建:北平版》,Directed,46740,,2,1948,上海
郑森禹,《光明报》,Directed,46746,,2,1948,香港
郭梅荪,《时与文》,Directed,46748,,2,1948,上海
郭沫若,《展望》,Directed,46750,,2,1948,南京
铁生,《正报》,Directed,46754,,2,1948,香港
陆志韦,《时与文》,Directed,46755,,2,1948,上海
陆志韦,《观察》,Directed,46756,,2,1948,上海
陈子久,《展望》,Directed,46761,,2,1948,南京
陈林,《中建:北平版》,Directed,46762,,2,1948,上海
陈林,《中建:华北航空版》,Directed,46763,,2,1948,上海
非言,《中建:北平版》,Directed,46771,,2,1948,上海
飞海,《群众》,Directed,46776,,2,1948,香港
马寅初,《展望》,Directed,46777,,2,1948,南京
鱼忘,《时与文》,Directed,46780,,2,1948,上海
黄炎培,《中建:北平版》,Directed,46787,,2,1948,上海
黄炎裔,《新路周刊》,Directed,46788,,2,1948,北平
黎明,《群众》,Directed,46791,,2,1948,香港
Deane，H.,《中建:华北航空版》,Directed,46810,,1,1948,上海
Lyon，J.,《中建:北平版》,Directed,46826,,1,1948,上海
Lyon，J.,《中建:华北航空版》,Directed,46827,,1,1948,上海
MK,《群众》,Directed,46829,,1,1948,香港
Martin，K.,《中建:北平版》,Directed,46831,,1,1948,上海
Martin，K.,《中建:华北航空版》,Directed,46832,,1,1948,上海
一公,《中建:北平版》,Directed,46858,,1,1948,上海
丁溪阳,《时与文》,Directed,46870,,1,1948,上海
丁溪阳,《观察》,Directed,46871,,1,1948,上海
丘哲,《群众》,Directed,46881,,1,1948,香港
丘陵,《正报》,Directed,46883,,1,1948,香港
严仁赓,《新路周刊》,Directed,46889,,1,1948,北平
严冬,《观察》,Directed,46890,,1,1948,上海
严凌,《展望》,Directed,46891,,1,1948,南京
严景耀,《中建:北平版》,Directed,46893,,1,1948,上海
严景耀,《中建:华北航空版》,Directed,46894,,1,1948,上海
之谷,《国讯》,Directed,46905,,1,1948,上海
以沛,《正报》,Directed,46931,,1,1948,香港
仲子,《国讯》,Directed,46933,,1,1948,上海
仲鲁,《展望》,Directed,46935,,1,1948,南京
仲鲁,《观察》,Directed,46936,,1,1948,上海
何之,《正报》,Directed,46958,,1,1948,香港
何应钦,《中央周刊》,Directed,46965,,1,1948,南京
何慢,《国讯》,Directed,46967,,1,1948,上海
余才友,《新路周刊》,Directed,46985,,1,1948,北平
佚名,《展望》,Directed,46989,,1,1948,南京
佚名,《正报》,Directed,46990,,1,1948,香港
侯外庐,《展望》,Directed,46994,,1,1948,南京
俞平伯,《中建:北平版》,Directed,47001,,1,1948,上海
俞平伯,《中建:华北航空版》,Directed,47002,,1,1948,上海
俞铭传,《中建:华北航空版》,Directed,47003,,1,1948,上海
全慰天,《时与文》,Directed,47019,,1,1948,上海
冯友兰,《展望》,Directed,47029,,1,1948,南京
冯宽,《正报》,Directed,47033,,1,1948,香港
冯宽,《群众》,Directed,47034,,1,1948,香港
冯法禩,《中建:北平版》,Directed,47037,,1,1948,上海
冯法禩,《中建:华北航空版》,Directed,47038,,1,1948,上海
冯至,《中建:北平版》,Directed,47040,,1,1948,上海
冯至,《中建:华北航空版》,Directed,47041,,1,1948,上海
凌冰,《中建:北平版》,Directed,47051,,1,1948,上海
凌冰,《展望》,Directed,47052,,1,1948,南京
凌华,《展望》,Directed,47053,,1,1948,南京
刘勉,《中建:北平版》,Directed,47066,,1,1948,上海
刘勉,《中建:华北航空版》,Directed,47067,,1,1948,上海
刘大中,《观察》,Directed,47070,,1,1948,上海
力扬,《光明报》,Directed,47099,,1,1948,香港
北人,《时与文》,Directed,47111,,1,1948,上海
华生,《国讯》,Directed,47123,,1,1948,上海
华莱士,《主流》,Directed,47124,,1,1948,南京
南极,《展望》,Directed,47129,,1,1948,南京
卢于道,《展望》,Directed,47141,,1,1948,南京
友谷,《正报》,Directed,47149,,1,1948,香港
史特朗,《新路周刊》,Directed,47160,,1,1948,北平
史靖,《观察》,Directed,47166,,1,1948,上海
叶圣陶,《国讯》,Directed,47170,,1,1948,上海
司马夫,《中建:北平版》,Directed,47193,,1,1948,上海
司马夫,《中建:华北航空版》,Directed,47194,,1,1948,上海
向日,《群众》,Directed,47204,,1,1948,香港
向阳,《中央周刊》,Directed,47205,,1,1948,南京
向阳,《正报》,Directed,47206,,1,1948,香港
吕克难,《中建:北平版》,Directed,47207,,1,1948,上海
吕克难,《时与文》,Directed,47208,,1,1948,上海
吕漠,《时与文》,Directed,47211,,1,1948,上海
吴之椿,《中央周刊》,Directed,47217,,1,1948,南京
吴兰,《群众》,Directed,47223,,1,1948,香港
吴刚,《展望》,Directed,47225,,1,1948,南京
吴敏,《中建:北平版》,Directed,47234,,1,1948,上海
吴敏,《中建:华北航空版》,Directed,47235,,1,1948,上海
吴晗,《中建:华北航空版》,Directed,47239,,1,1948,上海
吴晗,《展望》,Directed,47240,,1,1948,南京
吴泽,《国讯》,Directed,47243,,1,1948,上海
吴泽,《时与文》,Directed,47244,,1,1948,上海
周作仁,《中央周刊》,Directed,47260,,1,1948,南京
周作仁,《中建:华北航空版》,Directed,47261,,1,1948,上海
周太玄,《主流》,Directed,47264,,1,1948,南京
周建人,《中建:北平版》,Directed,47266,,1,1948,上海
周建人,《中建:华北航空版》,Directed,47267,,1,1948,上海
周炳琳,《新路周刊》,Directed,47272,,1,1948,北平
周纳,《中建:北平版》,Directed,47278,,1,1948,上海
周纳,《中建:华北航空版》,Directed,47279,,1,1948,上海
周绶章,《时与文》,Directed,47281,,1,1948,上海
周谷城,《中建:北平版》,Directed,47284,,1,1948,上海
周谷城,《中建:华北航空版》,Directed,47285,,1,1948,上海
周钢鸣,《光明报》,Directed,47288,,1,1948,香港
喻淦邨,《新路周刊》,Directed,47299,,1,1948,北平
城北,《展望》,Directed,47307,,1,1948,南京
夏康农,《中建:华北航空版》,Directed,47315,,1,1948,上海
夏炎德,《中建:北平版》,Directed,47319,,1,1948,上海
夏炎德,《中建:华北航空版》,Directed,47320,,1,1948,上海
夏炎德,《时与文》,Directed,47322,,1,1948,上海
夏衍,《群众》,Directed,47325,,1,1948,香港
大木,《展望》,Directed,47329,,1,1948,南京
姚理,《正报》,Directed,47344,,1,1948,香港
娄立斋,《中建:北平版》,Directed,47346,,1,1948,上海
孔孝天,《中建:北平版》,Directed,47353,,1,1948,上海
孔孝天,《中建:华北航空版》,Directed,47354,,1,1948,上海
孙国萧,《中建:北平版》,Directed,47358,,1,1948,上海
孙国萧,《中建:华北航空版》,Directed,47359,,1,1948,上海
孙楷弟,《中建:北平版》,Directed,47363,,1,1948,上海
孙楷弟,《中建:华北航空版》,Directed,47364,,1,1948,上海
孟南,《光明报》,Directed,47371,,2,1949,香港
孟启予,《展望》,Directed,47372,,1,1948,南京
孟宪章,《中建:华北航空版》,Directed,47374,,1,1948,上海
孟永之,《时与文》,Directed,47376,,1,1948,上海
孟起,《展望》,Directed,47377,,1,1948,南京
孟起,《时与文》,Directed,47378,,1,1948,上海
安尼,《时代杂志》,Directed,47386,,1,1948,上海
宜闲,《正报》,Directed,47401,,1,1948,香港
容肇祖,《中建:北平版》,Directed,47407,,1,1948,上海
容肇祖,《中建:华北航空版》,Directed,47408,,1,1948,上海
宾符,《时与文》,Directed,47410,,1,1948,上海
小兵,《正报》,Directed,47417,,1,1948,香港
小石,《主流》,Directed,47422,,1,1948,南京
小石,《时与文》,Directed,47423,,1,1948,上海
小诃,《展望》,Directed,47427,,1,1948,南京
巴客,《展望》,Directed,47444,,1,1948,南京
巴甫洛夫,《国讯》,Directed,47448,,1,1948,上海
平凡,《正报》,Directed,47459,,1,1948,香港
幼华,《中建:北平版》,Directed,47464,,1,1948,上海
幼华,《中建:华北航空版》,Directed,47465,,1,1948,上海
廖冰兄,《群众》,Directed,47479,,1,1948,香港
廖方明,《正报》,Directed,47482,,1,1948,香港
张元济,《中建:北平版》,Directed,47495,,1,1948,上海
张元济,《展望》,Directed,47496,,1,1948,南京
张孟闻,《中建:北平版》,Directed,47510,,1,1948,上海
张平,《时代杂志》,Directed,47517,,1,1948,上海
张平,《观察》,Directed,47518,,1,1948,上海
张志让,《中建:华北航空版》,Directed,47522,,1,1948,上海
张志让,《国讯》,Directed,47523,,1,1948,上海
张志让,《展望》,Directed,47524,,1,1948,南京
张志让,《观察》,Directed,47525,,1,1948,上海
张敏,《国讯》,Directed,47529,,1,1948,上海
张申府,《观察》,Directed,47543,,1,1948,上海
张西曼,《观察》,Directed,47549,,1,1948,上海
彭泽民,《群众》,Directed,47566,,1,1948,香港
徐悲鸿,《中建:北平版》,Directed,47576,,1,1948,上海
徐悲鸿,《中建:华北航空版》,Directed,47577,,1,1948,上海
徐晴,《光明报》,Directed,47578,,1,1948,香港
徐晴,《展望》,Directed,47579,,1,1948,南京
徐盈,《中建:北平版》,Directed,47582,,1,1948,上海
徐铸成,《中建:北平版》,Directed,47587,,1,1948,上海
徐铸成,《中建:华北航空版》,Directed,47588,,1,1948,上海
徐铸成,《国讯》,Directed,47589,,1,1948,上海
念慈,《中央周刊》,Directed,47602,,1,1948,南京
念慈,《中建:华北航空版》,Directed,47603,,1,1948,上海
思蓝,《光明报》,Directed,47610,,1,1948,香港
憬之,《展望》,Directed,47619,,1,1948,南京
憬之,《正报》,Directed,47620,,1,1948,香港
憬之,《群众》,Directed,47621,,1,1948,香港
拂晓,《中建:北平版》,Directed,47632,,1,1948,上海
拂晓,《中建:华北航空版》,Directed,47633,,1,1948,上海
拉铁摩尔,《观察》,Directed,47638,,1,1948,上海
文华,《正报》,Directed,47646,,1,1948,香港
文骊,《展望》,Directed,47656,,2,1949,南京
斯列波夫,《时代杂志》,Directed,47658,,1,1948,上海
方与严,《光明报》,Directed,47669,,1,1948,香港
方与严,《群众》,Directed,47670,,1,1948,香港
方东旭,《展望》,Directed,47671,,1,1948,南京
方显廷,《国讯》,Directed,47677,,1,1948,上海
方显廷,《观察》,Directed,47678,,1,1948,上海
方瑛,《展望》,Directed,47682,,1,1948,南京
昔思,《群众》,Directed,47701,,1,1948,香港
星子,《正报》,Directed,47702,,1,1948,香港
星子,《群众》,Directed,47703,,1,1948,香港
景宋,《中建:北平版》,Directed,47718,,1,1948,上海
景宋,《国讯》,Directed,47719,,1,1948,上海
曾昭抡,《国讯》,Directed,47739,,1,1948,上海
木易,《时代杂志》,Directed,47749,,1,1948,上海
木易,《群众》,Directed,47750,,1,1948,香港
未名,《正报》,Directed,47752,,1,1948,香港
朱仲琴,《国讯》,Directed,47755,,1,1948,上海
朱仲琴,《展望》,Directed,47756,,1,1948,南京
朱柏,《中建:北平版》,Directed,47765,,1,1948,上海
朱柏,《中建:华北航空版》,Directed,47766,,1,1948,上海
朱树锦,《观察》,Directed,47767,,1,1948,上海
朱绛,《时与文》,Directed,47769,,1,1948,上海
朱自清,《中建:北平版》,Directed,47770,,1,1948,上海
李中严,《观察》,Directed,47776,,1,1948,上海
李伯球,《国讯》,Directed,47783,,1,1948,上海
李俞,《群众》,Directed,47784,,1,1948,香港
李敏,《正报》,Directed,47802,,1,1948,香港
李桦,《中建:华北航空版》,Directed,47811,,1,1948,上海
李洛,《光明报》,Directed,47813,,1,1948,香港
李浩培,《中建:北平版》,Directed,47815,,1,1948,上海
李浩培,《中建:华北航空版》,Directed,47816,,1,1948,上海
李浩培,《新路周刊》,Directed,47817,,1,1948,北平
李琪,《光明报》,Directed,47821,,1,1948,香港
李章达,《群众》,Directed,47823,,1,1948,香港
李筠友,《国讯》,Directed,47824,,1,1948,上海
李筠友,《展望》,Directed,47825,,1,1948,南京
李超,《观察》,Directed,47836,,1,1948,上海
李长之,《中建:北平版》,Directed,47839,,1,1948,上海
李长之,《观察》,Directed,47840,,1,1948,上海
杜守素,《国讯》,Directed,47846,,1,1948,上海
杨人楩,《新路周刊》,Directed,47853,,1,1948,北平
杨华,《国讯》,Directed,47856,,1,1948,上海
杨可扬,《展望》,Directed,47858,,1,1948,南京
杨同芳,《中建》,Directed,47859,,1,1948,上海
杨振声,《中建:北平版》,Directed,47868,,1,1948,上海
杨振声,《中建:华北航空版》,Directed,47869,,1,1948,上海
杨易,《中建:北平版》,Directed,47872,,1,1948,上海
杨易,《中建:华北航空版》,Directed,47873,,1,1948,上海
杨晦,《中建:北平版》,Directed,47875,,1,1948,上海
林庚,《中建:北平版》,Directed,47899,,1,1948,上海
林庚,《中建:华北航空版》,Directed,47900,,1,1948,上海
林木,《时与文》,Directed,47905,,1,1948,上海
林木,《正报》,Directed,47906,,1,1948,香港
林林,《正报》,Directed,47908,,1,1948,香港
林沧白,《展望》,Directed,47912,,1,1948,南京
林海,《观察》,Directed,47913,,1,1948,上海
林达,《展望》,Directed,47922,,1,1948,南京
柏万,《中建:北平版》,Directed,47926,,1,1948,上海
柏万,《中建:华北航空版》,Directed,47927,,1,1948,上海
查化,《中建:北平版》,Directed,47929,,1,1948,上海
查化,《中建:华北航空版》,Directed,47930,,1,1948,上海
梁远,《中建:北平版》,Directed,47953,,1,1948,上海
梅碧华,《时与文》,Directed,47955,,1,1948,上海
楼邦彦,《中建:华北航空版》,Directed,47962,,1,1948,上海
欧阳予倩,《时代杂志》,Directed,47968,,1,1948,上海
欧阳春,《中建:华北航空版》,Directed,47971,,1,1948,上海
求思,《时代杂志》,Directed,47982,,1,1948,上海
江问渔,《展望》,Directed,47993,,1,1948,南京
沈从文,《中央周刊》,Directed,48001,,1,1948,南京
沈从文,《新路周刊》,Directed,48002,,1,1948,北平
沈体兰,《国讯》,Directed,48003,,1,1948,上海
洛林,《光明报》,Directed,48030,,1,1948,香港
洛林,《群众》,Directed,48031,,1,1948,香港
洪涛,《光明报》,Directed,48034,,1,1948,香港
流金,《中建:北平版》,Directed,48036,,1,1948,上海
浦熙修,《国讯》,Directed,48039,,1,1948,上海
浦熙修,《展望》,Directed,48040,,1,1948,南京
浦熙修,《时与文》,Directed,48041,,1,1948,上海
渐离,《中建:北平版》,Directed,48054,,1,1948,上海
渐离,《中建:华北航空版》,Directed,48055,,1,1948,上海
温肇桐,《国讯》,Directed,48056,,1,1948,上海
游国恩,《中建:北平版》,Directed,48057,,1,1948,上海
游国恩,《中建:华北航空版》,Directed,48058,,1,1948,上海
漾兮,《中建:北平版》,Directed,48061,,1,1948,上海
潘光祖,《展望》,Directed,48062,,1,1948,南京
潘震亚,《国讯》,Directed,48068,,1,1948,上海
爽任,《中建:北平版》,Directed,48084,,1,1948,上海
爽任,《中建:华北航空版》,Directed,48085,,1,1948,上海
牛纵,《中建》,Directed,48087,,1,1948,上海
狄超白,《国讯》,Directed,48093,,1,1948,上海
王冀民,《时与文》,Directed,48103,,1,1948,上海
王思曙,《群众》,Directed,48122,,1,1948,香港
王瑶,《中建:北平版》,Directed,48131,,1,1948,上海
王瑶,《中建:华北航空版》,Directed,48132,,1,1948,上海
王璧岑,《观察》,Directed,48133,,1,1948,上海
田风,《正报》,Directed,48159,,1,1948,香港
由元,《中央周刊》,Directed,48160,,1,1948,南京
由元,《观察》,Directed,48161,,1,1948,上海
磊风,《中建:北平版》,Directed,48194,,1,1948,上海
磊风,《中建:华北航空版》,Directed,48195,,1,1948,上海
磊风,《时与文》,Directed,48196,,1,1948,上海
礼凡,《中建:北平版》,Directed,48197,,1,1948,上海
礼凡,《中建:华北航空版》,Directed,48198,,1,1948,上海
祝公健,《光明报》,Directed,48201,,1,1948,香港
秦似,《正报》,Directed,48216,,1,1948,香港
秦柳方,《时与文》,Directed,48219,,1,1948,上海
筠友,《中建:北平版》,Directed,48248,,1,1948,上海
粟寄沧,《中建:北平版》,Directed,48258,,1,1948,上海
粟寄沧,《中建:华北航空版》,Directed,48259,,1,1948,上海
绿韵,《展望》,Directed,48277,,1,1948,南京
罗伦,《中建:北平版》,Directed,48279,,1,1948,上海
罗伦,《中建:华北航空版》,Directed,48280,,1,1948,上海
罗西,《群众》,Directed,48298,,1,1948,香港
翁之镛,《中央周刊》,Directed,48300,,1,1948,南京
翦伯赞,《展望》,Directed,48304,,1,1948,南京
胡子婴,《国讯》,Directed,48315,,1,1948,上海
胡子婴,《展望》,Directed,48316,,1,1948,南京
胡宣之,《中建:北平版》,Directed,48317,,1,1948,上海
胡宣之,《中建:华北航空版》,Directed,48318,,1,1948,上海
胡绳,《正报》,Directed,48334,,1,1948,香港
胡绳,《群众》,Directed,48335,,1,1948,香港
胡适,《中央周刊》,Directed,48339,,1,1948,南京
舒曼,《中建:北平版》,Directed,48344,,1,1948,上海
舒曼,《中建:华北航空版》,Directed,48345,,1,1948,上海
艾思奇,《群众》,Directed,48347,,1,1948,香港
艾群,《光明报》,Directed,48350,,1,1948,香港
艾群,《正报》,Directed,48351,,1,1948,香港
艾芜,《新路周刊》,Directed,48352,,1,1948,北平
芮沐,《中建:北平版》,Directed,48358,,1,1948,上海
芮沐,《新路周刊》,Directed,48359,,1,1948,北平
芮沐,《观察》,Directed,48360,,1,1948,上海
苏新,《展望》,Directed,48368,,1,1948,南京
范承祥,《国讯》,Directed,48383,,1,1948,上海
范承祥,《展望》,Directed,48384,,1,1948,南京
范泉,《观察》,Directed,48386,,1,1948,上海
茅盾,《群众》,Directed,48388,,1,1948,香港
莫邪,《中建:华北航空版》,Directed,48403,,1,1948,上海
萧农,《正报》,Directed,48409,,1,1948,香港
萧农,《群众》,Directed,48410,,1,1948,香港
萧文,《观察》,Directed,48413,,1,1948,上海
董冰如,《展望》,Directed,48430,,1,1948,南京
蒋笃才,《时与文》,Directed,48448,,1,1948,上海
蒋笃才,《观察》,Directed,48449,,1,1948,上海
蒙若,《中建》,Directed,48452,,1,1948,上海
蒲特,《群众》,Directed,48453,,1,1948,香港
蒿目,《国讯》,Directed,48454,,1,1948,上海
蒿目,《展望》,Directed,48455,,1,1948,南京
蔡尚思,《中建:北平版》,Directed,48461,,1,1948,上海
蔡尚思,《国讯》,Directed,48462,,1,1948,上海
蔡尚思,《展望》,Directed,48463,,3,1949,南京
薛汕,《光明报》,Directed,48469,,1,1948,香港
袁翰青,《中建:华北航空版》,Directed,48477,,1,1948,上海
裘思,《中建:北平版》,Directed,48480,,1,1948,上海
裘思,《中建:华北航空版》,Directed,48481,,1,1948,上海
裴仁,《展望》,Directed,48483,,1,1948,南京
许德珩,《中建:华北航空版》,Directed,48492,,1,1948,上海
许杰,《中建:北平版》,Directed,48498,,1,1948,上海
谢东平,《国讯》,Directed,48502,,1,1948,上海
费孝通,《展望》,Directed,48521,,2,1949,南京
费正清,《观察》,Directed,48523,,1,1948,上海
费青,《中建:华北航空版》,Directed,48524,,1,1948,上海
赵超构,《国讯》,Directed,48543,,1,1948,上海
赵超构,《观察》,Directed,48544,,1,1948,上海
路人,《正报》,Directed,48549,,1,1948,香港
适夷,《正报》,Directed,48564,,1,1948,香港
郑伯彬,《中建:北平版》,Directed,48586,,1,1948,上海
郑伯彬,《中建:华北航空版》,Directed,48587,,1,1948,上海
郑伯彬,《新路周刊》,Directed,48588,,1,1948,北平
郭根,《中建:北平版》,Directed,48601,,1,1948,上海
郭绍虞,《群众》,Directed,48605,,1,1948,香港
郭绍虞,《观察》,Directed,48606,,1,1948,上海
金苗,《时与文》,Directed,48625,,1,1948,上海
金重,《展望》,Directed,48628,,1,1948,南京
金风,《正报》,Directed,48629,,1,1948,香港
铁生,《观察》,Directed,48640,,1,1948,上海
长之,《中建:北平版》,Directed,48643,,1,1948,上海
长之,《中建:华北航空版》,Directed,48644,,1,1948,上海
阡人,《正报》,Directed,48652,,1,1948,香港
陆志韦,《中建:北平版》,Directed,48666,,1,1948,上海
陈仁炳,《观察》,Directed,48675,,1,1948,上海
陈子久,《国讯》,Directed,48688,,1,1948,上海
陈平,《群众》,Directed,48693,,1,1948,香港
陈旭麓,《展望》,Directed,48700,,1,1948,南京
陈望道,《国讯》,Directed,48703,,1,1948,上海
陈毅,《正报》,Directed,48707,,1,1948,香港
陈毅,《群众》,Directed,48708,,2,1949,香港
陈立夫,《中央周刊》,Directed,48715,,1,1948,南京
陈翰笙,《光明报》,Directed,48719,,1,1948,香港
陈行健,《展望》,Directed,48722,,2,1949,南京
陈路,《中建:北平版》,Directed,48724,,1,1948,上海
陈路,《中建:华北航空版》,Directed,48725,,1,1948,上海
陈达,《观察》,Directed,48727,,1,1948,上海
陈际云,《新路周刊》,Directed,48733,,1,1948,北平
陶大镛,《光明报》,Directed,48735,,2,1949,香港
雷海宗,《主流》,Directed,48750,,1,1948,南京
霖萍,《国讯》,Directed,48756,,1,1948,上海
霖萍,《展望》,Directed,48757,,1,1948,南京
静之,《新路周刊》,Directed,48760,,1,1948,北平
静之,《时与文》,Directed,48761,,1,1948,上海
非言,《中建:华北航空版》,Directed,48763,,1,1948,上海
韦文,《中建:北平版》,Directed,48769,,1,1948,上海
韦文,《中建:华北航空版》,Directed,48770,,1,1948,上海
韩德培,《时与文》,Directed,48775,,1,1948,上海
颜孙,《群众》,Directed,48793,,3,1949,香港
马丁,《再生》,Directed,48797,,1,1948,上海
马丁,《正报》,Directed,48798,,1,1948,香港
马寅初,《中建:北平版》,Directed,48811,,1,1948,上海
马汀,《中建:北平版》,Directed,48821,,1,1948,上海
马汀,《观察》,Directed,48822,,1,1948,上海
高向华,《国讯》,Directed,48834,,1,1948,上海
高向华,《展望》,Directed,48835,,1,1948,南京
高山,《正报》,Directed,48840,,1,1948,香港
高歌,《正报》,Directed,48846,,1,1948,香港
高超,《中建:北平版》,Directed,48849,,1,1948,上海
高超,《中建:华北航空版》,Directed,48850,,1,1948,上海
高阳,《时代杂志》,Directed,48852,,1,1948,上海
鱼忘,《展望》,Directed,48857,,1,1948,南京
鲁宾荪,《中建:北平版》,Directed,48862,,1,1948,上海
鲁宾荪,《中建:华北航空版》,Directed,48863,,1,1948,上海
黄炎培,《中建:华北航空版》,Directed,48895,,1,1948,上海
黄药眠,《正报》,Directed,48903,,1,1948,香港
黎明,《正报》,Directed,48919,,1,1948,香港
齐生,《群众》,Directed,48931,,1,1948,香港
龙子,《观察》,Directed,48934,,1,1948,上海
龟溪,《展望》,Directed,48939,,1,1948,南京
（美）E·丹尼斯,《时代杂志》,Directed,48949,,1,1948,上海
（美）艾伦,《时代杂志》,Directed,48953,,1,1948,上海
蔡尚思,《中建:综合版》,Directed,49006,,4,1949,上海
陈仁炳,《中建:综合版》,Directed,49008,,4,1949,上海
张孟闻,《中建:综合版》,Directed,49017,,3,1949,上海
思慕,《群众》,Directed,49019,,3,1949,香港
梁纯夫,《光明报》,Directed,49025,,3,1949,香港
漆琪生,《中建:综合版》,Directed,49027,,3,1949,上海
笪移今,《中建:综合版》,Directed,49031,,3,1949,上海
仲冰,《群众》,Directed,49042,,2,1949,香港
刘尊棋,《群众》,Directed,49048,,2,1949,香港
孙大雨,《中建:综合版》,Directed,49050,,2,1949,上海
孟宪章,《中建:综合版》,Directed,49051,,2,1949,上海
林枫,《群众》,Directed,49060,,2,1949,香港
漆琪生,《展望》,Directed,49065,,2,1949,南京
潘震亚,《中建:综合版》,Directed,49066,,2,1949,上海
高梁,《群众》,Directed,49080,,2,1949,香港
龚祥瑞,《观察》,Directed,49082,,2,1949,上海
（美）艾伦,《群众》,Directed,49083,,2,1949,香港
一之,《群众》,Directed,49088,,1,1949,香港
冯契,《中建:综合版》,Directed,49123,,1,1949,上海
刘士伟,《光明报》,Directed,49129,,1,1949,香港
千家驹,《观察》,Directed,49134,,1,1949,上海
南人,《展望》,Directed,49137,,1,1949,南京
卢于道,《观察》,Directed,49142,,1,1949,上海
史靖,《中建》,Directed,49153,,1,1949,上海
向阳,《群众》,Directed,49162,,1,1949,香港
吴大琨,《观察》,Directed,49167,,1,1949,上海
周伯棣,《中建:综合版》,Directed,49173,,1,1949,上海
周太玄,《群众》,Directed,49174,,1,1949,香港
周谷城,《中建:综合版》,Directed,49176,,1,1949,上海
夏康农,《光明报》,Directed,49183,,1,1949,香港
夏炎德,《中建:综合版》,Directed,49184,,1,1949,上海
夏炎德,《展望》,Directed,49185,,1,1949,南京
子冈,《观察》,Directed,49192,,1,1949,上海
孙大雨,《展望》,Directed,49194,,1,1949,南京
宋越伦,《中建:综合版》,Directed,49203,,1,1949,上海
小鱼,《光明报》,Directed,49209,,1,1949,香港
廖盖隆,《群众》,Directed,49223,,1,1949,香港
张华,《群众》,Directed,49226,,1,1949,香港
张明养,《中建:综合版》,Directed,49233,,1,1949,上海
张殊明,《光明报》,Directed,49235,,1,1949,香港
文华,《群众》,Directed,49255,,1,1949,香港
旅人,《群众》,Directed,49265,,1,1949,香港
曹锡珍,《展望》,Directed,49269,,1,1949,南京
曾伟,《光明报》,Directed,49271,,1,1949,香港
朱绍文,《中建:综合版》,Directed,49280,,1,1949,上海
李中严,《主流》,Directed,49283,,1,1949,南京
李家榆,《群众》,Directed,49288,,1,1949,香港
杨卫玉,《中建:综合版》,Directed,49303,,1,1949,上海
林林,《群众》,Directed,49308,,1,1949,香港
林焕平,《光明报》,Directed,49309,,1,1949,香港
汤德明,《中建:综合版》,Directed,49333,,1,1949,上海
洪荒,《观察》,Directed,49344,,1,1949,上海
流金,《中建:综合版》,Directed,49345,,1,1949,上海
流金,《展望》,Directed,49346,,1,1949,南京
焦敏之,《中建:综合版》,Directed,49350,,1,1949,上海
王造时,《中建:综合版》,Directed,49358,,1,1949,上海
王铁崖,《展望》,Directed,49359,,1,1949,南京
石闻,《展望》,Directed,49372,,1,1949,南京
秦牧,《光明报》,Directed,49376,,1,1949,香港
羊群,《光明报》,Directed,49394,,1,1949,香港
翁独健,《观察》,Directed,49395,,1,1949,上海
胡绳,《观察》,Directed,49400,,1,1949,上海
苏素,《群众》,Directed,49406,,1,1949,香港
董冰如,《中建:综合版》,Directed,49416,,1,1949,上海
郭梅荪,《中建:综合版》,Directed,49447,,1,1949,上海
郭沫若,《观察》,Directed,49449,,1,1949,上海
郭绍虞,《中建:综合版》,Directed,49450,,1,1949,上海
陈旭麓,《中建:综合版》,Directed,49460,,1,1949,上海
陈望道,《中建:综合版》,Directed,49461,,1,1949,上海
静远,《观察》,Directed,49473,,1,1949,上海
靳以,《中建:综合版》,Directed,49475,,1,1949,上海
高山,《光明报》,Directed,49483,,1,1949,香港
黄作梅,《群众》,Directed,49492,,1,1949,香港
（苏）叶菲莫夫,《观察》,Directed,49503,,1,1949,上海
