"title","author","journal","year","vol","page","place"
"我的控诉!(昆明通讯)","莫白水","民主(上海)","1945","第11期","265-266","上海"
"韬奋的流亡生活(四)","杨明","民主(上海)","1945","第6期","150-151","上海"
"搁浅的“政治协商会议”(重庆通讯)","罗西","民主(上海)","1945","第9期","218-219","上海"
"苏联民主政治的实施与成效","嚴景耀","民主(上海)","1945","第9期","205-208","上海"
"一九四六年中国妇女运动瞻望","金枫","民主(上海)","1945","第12期","274-275","上海"
"国立图书馆当前的几个课题","徐调孚","民主(上海)","1945","第7期","157-158","上海"
"闲话新疆","桦","民主(上海)","1945","第3期","69","上海"
"东北收复地方的行政新区画","王伯祥","民主(上海)","1945","第3期","70-71","上海"
"打败日本的是那一些国家","董秋斯","民主(上海)","1945","第3期","76-78","上海"
"胜利后的北平报纸","安逸","民主(上海)","1945","第3期","84-85","上海"
"韬奋的流亡生活(1):附照片","杨明","民主(上海)","1945","第3期","79-81","上海"
"推进一步","秉志","民主(上海)","1945","第3期","75","上海"
"澈底清算赫而利政策，欢迎政治协商会议，迎接政治协商会议","叔梁","民主(上海)","1945","第12期","305-306","上海"
"民主宪政的基本问题","平心","民主(上海)","1945","第2期","47-50","上海"
"美国人的正义呼声","陈时臬","民主(上海)","1945","第12期","282-284","上海"
"物价问题和政治民主化","敏之","民主(上海)","1945","第5期","126","上海"
"加强运翰:[图]","蒲崗","民主(上海)","1945","第5期","129","上海"
"引西江之水以救我涸辙之鲋:[图]","陈范","民主(上海)","1945","第3期","83","上海"
"“人品”及其他","端木泉","民主(上海)","1945","第10期","234-235","上海"
"三国会商与远东问题","湘漁","民主(上海)","1945","第11期","261-263","上海"
"大事记","民主(上海)","1945","创刊号","25-27",NA,"上海"
"橘子","景宋","民主(上海)","1945","第5期","127","上海"
"怎样消弭内战区危机","龙天峯","民主(上海)","1945","第6期","138-139","上海"
"毛泽东飞渝:[照片]","民主(上海)","1945","第2期","57",NA,"上海"
"国民的责任应该说话","马叙倫","民主(上海)","1945","第8期","1页，174-175","上海"
"我的呼喊","景宋","民主(上海)","1945","第6期","137","上海"
"给美国人民的公开信(来件二)","民主(上海)","1945","第12期","304",NA,"上海"
"上海市大中学生欢迎马歇而特使始末","一生","民主(上海)","1945","第12期","289-291","上海"
"上海学生的呼声","存真","民主(上海)","1945","第12期","289-290","上海"
"死了却还活着","许傑","民主(上海)","1945","第2期","42-44","上海"
"绝对价值","清漣","民主(上海)","1945","第7期","165","上海"
"从胜利说到底","徐撤","民主(上海)","1945","第7期","168-169","上海"
"半呓语","贺依","民主(上海)","1945","创刊号","19-20","上海"
"韬奋的流亡生活(二):附照片","杨明","民主(上海)","1945","第4期","107-109","上海"
"人猿牌:[图]","民主(上海)","1945","第4期","1页",NA,"上海"
"走上民主政治的第一步","鄭振铎","民主(上海)","1945","创刊号","6","上海"
"谁日不宜:[图]","李兆安","民主(上海)","1945","第6期","134","上海"
"建议","民主(上海)","1945","第7期","171",NA,"上海"
"鲁迅的作风","尊闻","民主(上海)","1945","第2期","41-42","上海"
"如此民意:原它永为陈迹:[图]","亚槐","民主(上海)","1945","第12期","295","上海"
"名利双收:[图]","蒲崗","民主(上海)","1945","第6期","135","上海"
"胜利万岁:[图]","蒲崗","民主(上海)","1945","第5期","129","上海"
"增加生产:[图]","蒲作","民主(上海)","1945","第5期","127","上海"
"纽伦堡大审","杨学纯","民主(上海)","1945","第10期","230-231","上海"
"杜鲁门宣言与中国前途","鄭振铎","民主(上海)","1945","第11期","248-249","上海"
"不要中计","景宋","民主(上海)","1945","第4期","92","上海"
"我们的主张和态度","民主(上海)","1945","第7期","1页，154-155",NA,"上海"
"物价问题中比较谁进步","张一凡","民主(上海)","1945","第5期","123-125","上海"
"高等教育管见(上)","王以中","民主(上海)","1945","第11期","254-255","上海"
"人格与财产","罗稷南","民主(上海)","1945","第4期","98-99","上海"
"决定今后历史的十五天","吴晗","民主(上海)","1946","第35期","870","上海"
"纪念民主战士高而基:为他逝世十周年而作","寒松","民主(上海)","1946","第36期","910-911","上海"
"一周大事表(三十五年六月五日至十一日)","民主(上海)","1946","第35期","890",NA,"上海"
"中华民国未来民主宪法中之立法权问题(上):民主宪法十读中之第六讲","张君劢","民主(上海)","1946","第43期","1081-1083","上海"
"伟大的爱国者韬奋","胡愈之","民主(上海)","1946","第43期","1084-1085","上海"
"论暗杀政治","吴晗","民主(上海)","1946","第43期","1085-1087","上海"
"周报被勒停刊了","马叙倫","民主(上海)","1946","第44期","1093-1094","上海"
"痛悼陶先生","景宋","民主(上海)","1946","第42期","1061","上海"
"胜利一年间","丁静","民主(上海)","1946","第43期","1070-1071","上海"
"和平很有希望的","马叙倫","民主(上海)","1946","第42期","1043-1047","上海"
"每周时事述评:面对着内战与分裂的深渊","念青","民主(上海)","1946","第44期","1097-1098","上海"
"谨悼闻一多教授","沈体兰","民主(上海)","1946","第41期","1034","上海"
"记不全的一首陶诗、郭沫若","民主(上海)","1946","第42期","1060",NA,"上海"
"我对苏北问题的意见","韩泽芳","民主(上海)","1946","第41期","1021-1023","上海"
"上海人民圑体联合会，上海全国和平运动大会对于六·二三纠察被诬拘押事件宣言(来件)","民主(上海)","1946","第40期","1015",NA,"上海"
"一件事开始了","东风","民主(上海)","1946","第40期","1006","上海"
"哭李公朴先生","夏晨","民主(上海)","1946","第40期","997","上海"
"哭亡友闻一多先生","吴晗","民主(上海)","1946","第40期","1000-1001","上海"
"肃剥夺他们的武器，每周时事述评","念青","民主(上海)","1946","第41期","1019-1021","上海"
"欧洲政治形势图解:[图]","民主(上海)","1946","第37期","932",NA,"上海"
"悼李公朴先生:附照片","寒松","民主(上海)","1946","第40期","998","上海"
"玩手段和诚意","马叙倫","民主(上海)","1946","第39期","972-974","上海"
"一周大事表(三十五年六月二十六至三十日)","民主(上海)","1946","第38期","968",NA,"上海"
"再朂政治协会诸君","鄭振铎","民主(上海)","1946","第14期","336-338","上海"
"造成五四的历史经过","景宋","民主(上海)","1946","第29期","728-730","上海"
"韬奋的路向","孙起孟","民主(上海)","1946","第41期","1029-1030","上海"
"十年","適夷","民主(上海)","1946","第36期","911","上海"
"漫谈中国政党","野叟","民主(上海)","1946","第2卷 第3/4期","1346-1350","上海"
"论中美的经济关系","方治平","民主(上海)","1946","第38期","956-957","上海"
"光绪壬午朝鲜内乳史实之一节(下)","沈燕谋","民主(上海)","1946","第16期","416-417","上海"
"苏北战事形势图解","民主(上海)","1946","第41期","1024",NA,"上海"
"非正式的五人小组会议","马叙倫","民主(上海)","1946","第47期","1164-1166","上海"
"记六二三下关事件","马叙倫","民主(上海)","1946","第38期","947-954","上海"
"民主的休刋与评价:“民主”不是“民奴”“民猪”","蔡尚思","民主(上海)","1946","第2卷 第3/4期","1311-1312","上海"
"高等教育管见(续完)","王以中","民主(上海)","1946","第13期","321-323","上海"
"从“从匪谈起”变“清乡”","锡民","民主(上海)","1946","第13期","330","上海"
"也来宪法谈谈","稽古","民主(上海)","1946","第16期","402-407","上海"
"“民主是封闭不了的”","向师程","民主(上海)","1946","第2卷 第3/4期","1350","上海"
"略谈目前的职工运动","锺人羣","民主(上海)","1946","第18期","477-479","上海"
"三人会议主角之一:张群于徐永昌将军","陆诒","民主(上海)","1946","第2卷 第3/4期","1351","上海"
"军粮第一:[图]","马戈","民主(上海)","1946","第25期","629","上海"
"世界和平的定向舵","癀","民主(上海)","1946","第2卷 第1/2期","1260","上海"
"要求澈查南通惨案","民主(上海)","1946","第28期","714",NA,"上海"
"我们要求民主的选举","鄭振铎","民主(上海)","1946","第24期","1页，598-600","上海"
"所望与新市长的","马叙倫","民主(上海)","1946","第32期","1页，790-791","上海"
"警员警管区到底是什么一回事","马叙倫","民主(上海)","1946","第34期","849-850","上海"
"覆函","民主(上海)","1946","第30期","762",NA,"上海"
"职工呼声(六):京沪沪铁路员工告全国同胞书","民主(上海)","1946","第17期","457-458",NA,"上海"
"中国民主促进会对于时局的宣言(来件一)","民主(上海)","1946","第14期","357-358",NA,"上海"
"中国不能是一个战场:每周时事述评","念青","民主(上海)","1946","第39期","975-977","上海"
"明暗的交流(杭州通讯)","李苓","民主(上海)","1946","第21/22期","555-558","上海"
"张学良将军","思遼","民主(上海)","1946","第31期","778-779","上海"
"统一和一统","倫","民主(上海)","1946","第14期","335","上海"
"拆穿中美人民问题的铁幕","求思","民主(上海)","1946","第36期","903-906","上海"
"国立浙江大学学生自治会促进统一御侮实施民主大会宣言(来件)","民主(上海)","1946","第17期","458-459",NA,"上海"
"是对立还是合作?","鄭振铎","民主(上海)","1946","第36期","1页，894-895","上海"
"一周大事表(三十五年九月十八日至二十四日)","民主(上海)","1946","第50期","1254",NA,"上海"
"抗议南京暴行","罗稷南","民主(上海)","1946","第37期","923","上海"
"我不承认“民主”是休刋了","余審之","民主(上海)","1946","第2卷 第3/4期","1312","上海"
"内战新形势","農慕之","民主(上海)","1946","第2卷 第3/4期","1330-1332","上海"
"武力不可恃的例证","蔡尚思","民主(上海)","1946","第33期","822","上海"
"二中全会与反民主","郭生","民主(上海)","1946","第24期","608-609","上海"
"有幸有不幸","景宋","民主(上海)","1946","第31期","776-777","上海"
"一周大事表(三士一年八月二十日至二十七日)","民主(上海)","1946","第46期","1159",NA,"上海"
"民主教育的初步实践:两月来社大教学总结","李公侠","民主(上海)","1946","第33期","828-832","上海"
"写在政治协会议闭幕以后","马叙倫","民主(上海)","1946","第17期","440-443","上海"
"拉得住么:[图]","马戈","民主(上海)","1946","第21/22期","538","上海"
"联合国机构是怎样组成的?","求思","民主(上海)","1946","第31期","780","上海"
"一个美国兵的延安游记(上)","董秋斯","民主(上海)","1946","第31期","785-786","上海"
"抗战往事:徐州今昔观","陆诒","民主(上海)","1946","第31期","782-783","上海"
"上海杂志界联会国民政会电(来件)","民主(上海)","1946","第23期","595",NA,"上海"
"论根绝食污现象","鄭振铎","民主(上海)","1946","第34期","842-844","上海"
"所望与司徒先生","董秋斯","民主(上海)","1946","第41期","1032","上海"
"“截尾巴”主义的破产","尤魯","民主(上海)","1946","第46期","1156","上海"
"民主运动又一大损失，陶行知先生，突患脑溢血逝世","民主(上海)","1946","第41期","1026",NA,"上海"
"中国糟到这样地步谁的责任?","马叙倫","民主(上海)","1946","第48期","1188-1191","上海"
"争民主潮浪的涌起","齐人","民主(上海)","1946","第13期","317-319","上海"
"临大学生来信","民主(上海)","1946","第19期","502-503",NA,"上海"
"反对不民主的上海市参议会","马叙倫","民主(上海)","1946","第25期","624-627","上海"
"反内战救中国","喬峯","民主(上海)","1946","第33期","819-810","上海"
"四贤哀词","倫","民主(上海)","1946","第29期","735","上海"
"“户口编宪了，又挂姓名牌”","周建人","民主(上海)","1946","第26期","655-656","上海"
"为苏北四百万灾民呼吁(苏北通讯)","黎洪","民主(上海)","1946","第26期","657-658","上海"
"“接收大员”素描","民主(上海)","1946","第19期","499-500",NA,"上海"
"“水鸟政策”颂外一章","任钧","民主(上海)","1946","第19期","497-498","上海"
"古事新谈","西谛","民主(上海)","1946","第30期","754-755","上海"
"“逆耳之言”","马叙倫","民主(上海)","1946","第46期","1146-1152","上海"
"遭难前后(十二)","景宋","民主(上海)","1946","第21/22期","540-544","上海"
"梅十雨时期的政局","鄭振铎","民主(上海)","1946","第41期","1页，1018-1019","上海"
"保卫言论出版自由","丁静","民主(上海)","1946","第36期","901-902","上海"
"和会前后的插曲","湘漁","民主(上海)","1946","第29期","725-727","上海"
"中国须急谋进步才得安全","建人","民主(上海)","1946","第50期","1252-1253","上海"
"整军论","鄭振铎","民主(上海)","1946","第16期","394-399","上海"
"专家动工了:[图]","蒲崗","民主(上海)","1946","第20期","519","上海"
"认清时局","景宋","民主(上海)","1946","第39期","977-979","上海"
"一周大事表(三十五年五月一日至七日)","民主(上海)","1946","第30期","763",NA,"上海"
"做生可畏:[图]","马戈","民主(上海)","1946","第21/22期","554","上海"
"记者公会也官僚化了","谢东平","民主(上海)","1946","第25期","635-637","上海"
"为和平而奋门","念青","民主(上海)","1946","第50期","1236-1237","上海"
"我们不是我争取民主口号","马叙倫","民主(上海)","1946","第24期","599-602","上海"
"物以类聚:[图]","蒲崗","民主(上海)","1946","第21/22期","536","上海"
"谈张苍水","唐弢","民主(上海)","1946","第31期","784","上海"
"遭难前后(十一)","景宋","民主(上海)","1946","第20期","529-530","上海"
"战后大学教育问题:附图","鄭振铎","民主(上海)","1946","第23期","575-577","上海"
"人民自己来解放吧!","马叙倫","民主(上海)","1946","第43期","1072-1075，1080","上海"
"救济圈外:[图]","蒲崗","民主(上海)","1946","第15期","379","上海"
"假民主必然失败","周建人","民主(上海)","1946","第21/22期","545","上海"
"愤怒与担忧:一位读者来函慰问马先生等","紫槿","民主(上海)","1946","第37期","926","上海"
"平津版界二三事","子午","民主(上海)","1946","第15期","384","上海"
"怎么回事:[图]","蒲崗","民主(上海)","1946","第16期","391","上海"
"是谁绞死了民主?","吴晗","民主(上海)","1946","第2卷 第3/4期","1308-1309","上海"
"记苏北一女县长","董秋斯","民主(上海)","1946","第19期","500-502","上海"
"谁配有最后仲裁权","董秋斯","民主(上海)","1946","第35期","871","上海"
"我打算开三片铺子","任钧","民主(上海)","1946","第28期","712-713","上海"
"原来如此:[图]","马戈","民主(上海)","1946","第20期","522","上海"
"我们的要求","民主(上海)","1946","第24期","618",NA,"上海"
"国家大事锁得住吗:[图]","阿杨","民主(上海)","1946","第26期","649","上海"
"我们要求政府切实保障言论自由","民主(上海)","1946","第2卷 第1/2期","1258-1259",NA,"上海"
"美军必须立刻退出中国","马叙倫","民主(上海)","1946","第2卷 第1/2期","1262-1264","上海"
"重行申明我们的态度和主张","鄭振铎","民主(上海)","1946","第2卷 第1/2期","1258-1259","上海"
"复与上海(?)","濤","民主(上海)","1946","第2卷 第1/2期","1261","上海"
"创建“中华民国”","明","民主(上海)","1946","第2卷 第1/2期","1261","上海"
"民主在那里?","荷","民主(上海)","1946","第2卷 第1/2期","1261","上海"
"绝望了:和平","一孔","民主(上海)","1946","第2卷 第1/2期","1260","上海"
"美国的原子帝国主义","梁纯夫","民主(上海)","1946","第50期","1240-1241","上海"
"美国华政策最近改变吗?","求思","民主(上海)","1946","第50期","1242","上海"
"郁逹夫的流亡和失踪:给全国文艺界协会报告书(下)","胡愈之","民主(上海)","1946","第50期","1245-1248","上海"
"如此逻辑","愚公","民主(上海)","1946","第50期","1241","上海"
"对于校场口惨宁再说几句","马叙倫","民主(上海)","1946","第19期","1页，486-487","上海"
"人权保障在那裹","鄭振铎","民主(上海)","1946","第30期","746-748","上海"
"一周大事表(三十五年六月十二日至十八日)","民主(上海)","1946","第36期","914",NA,"上海"
"以不变应万变","张絅伯","民主(上海)","1946","第46期","1151-1152","上海"
"遭难前后(九)","景宋","民主(上海)","1946","第18期","479-480","上海"
"评国民党扩政府组织的提议","文琴","民主(上海)","1946","第15期","366-368","上海"
"一个警察的自诉","民主(上海)","1946","第21/22期","570",NA,"上海"
"对于当前严重局势的估计","鄧初民","民主(上海)","1946","第2卷 第1/2期","1280-1281","上海"
"民主还是寺禁了不的","马叙倫","民主(上海)","1946","第2卷 第3/4期","1307-1308","上海"
"我们的抗议","鄭振铎","民主(上海)","1946","第2卷 第3/4期","1306-1307","上海"
"好战派的幻想","臥龙山人","民主(上海)","1946","第2卷 第1/2期","1282-1284","上海"
"亡友鲁迅印象记(五)","许壽裳","民主(上海)","1946","第2卷 第1/2期","1296-1297","上海"
"保障安全乎?制造战争乎:抗议美国的世界挑战政策","沈志遠","民主(上海)","1946","第48期","1194-1198","上海"
"脱离了福斯的人们","周建人","民主(上海)","1946","第25期","628-629","上海"
"最后决定权属于人民:一周时事述评","念青","民主(上海)","1946","第37期","919-920","上海"
"“历史的镜子”(书评)","傅雷","民主(上海)","1946","第13期","324-325","上海"
"重压下面的申诉","任钧","民主(上海)","1946","第21/22期","552-554","上海"
"创建和平民主统一战缐","平心","民主(上海)","1946","第2卷 第1/2期","1276-1279","上海"
"胜利周年在南京","慧年","民主(上海)","1946","第48期","1201","上海"
"对死者的安慰和纪念茅盾","民主(上海)","1946","第40期","995",NA,"上海"
"这是选举吗?","民主(上海)","1946","第27期","691",NA,"上海"
"沉痛的悼念:附照片","罗丹","民主(上海)","1946","第41期","1036","上海"
"怎样平衡:[图]","马戈","民主(上海)","1946","第25期","641","上海"
"人必归户，户必归甲:[图]","普森","民主(上海)","1946","第26期","656","上海"
"论中苏关系","鄭振铎","民主(上海)","1946","第20期","1页，510","上海"
"记于先生追悼会及大游行","民主(上海)","1946","第15期","380-381",NA,"上海"
"歇手罢!想想可怜的人民","马叙倫","民主(上海)","1946","第29期","720-722","上海"
"敬悼李公朴先生","陆诒","民主(上海)","1946","第40期","999","上海"
"多说没有用，只说几句","叶圣陶","民主(上海)","1946","第40期","997","上海"
"不能忘记的一幕:[图]","乃__","民主(上海)","1946","第17期","441","上海"
"陶行知先生永在人间","平心","民主(上海)","1946","第2卷 第3/4期","1337-1338","上海"
"在内战中还都","马叙倫","民主(上海)","1946","第30期","1页，742-743","上海"
"读者的义愤:“言论自由”何在","任四维","民主(上海)","1946","第14期","356","上海"
"冷静下来，注意事实:东北问题的我见","沈志遠","民主(上海)","1946","第20期","516-522","上海"
"遭难前后(八)","景宋","民主(上海)","1946","第17期","447-449","上海"
"这打声得了民主运动么:怀念韬奋先生·痛悼陶行知先生","张中府","民主(上海)","1946","第42期","1059","上海"
"经济危机拖不得了(下)","非昔","民主(上海)","1946","第35期","882-884","上海"
"当心新战俯:[图]","蒲崗","民主(上海)","1946","第14期","338","上海"
"一周时事述评","石啸冲","民主(上海)","1946","第34期","840-841","上海"
"国是问题的前瞻","鄭振铎","民主(上海)","1946","第35期","1页，862","上海"
"金圆外交的新姿态","湘漁","民主(上海)","1946","第30期","751-753","上海"
"一周时事述评","石啸冲","民主(上海)","1946","第31期","768-769","上海"
"从“工业日本，农业中国”想起","鄭森禹","民主(上海)","1946","第38期","955-956","上海"
"身外之物:附图","新武","民主(上海)","1946","第13期","311-313","上海"
"胜利以来的经济","张一帆","民主(上海)","1946","第14期","342-346","上海"
"上海人民图体联合会及全国和平运动大会，为下关暴行与蒋主席电(来件)","民主(上海)","1946","第37期","940",NA,"上海"
"亡友鲁迅印象记(四)","许壽裳","民主(上海)","1946","第38期","966-967","上海"
"除夕:[图]","蒲崗","民主(上海)","1946","第16期","415","上海"
"蒋先生要听这样的话","马叙倫","民主(上海)","1946","第35期","875-879","上海"
"职工呼声(二)","民主(上海)","1946","第17期","455-456",NA,"上海"
"改造教育与实施民主宪政","新武","民主(上海)","1946","第15期","374-375","上海"
"时事索隐","马叙倫","民主(上海)","1946","第34期","1页，838-839","上海"
"风雨中的南通城:他们怎样在刺刀欢迎三人调处组","通人","民主(上海)","1946","第25期","642-643","上海"
"饥荒与内战:内战危机严重","周建人","民主(上海)","1946","第34期","844-846","上海"
"论事业机关附设学校:改革高考教育的一个建议","丁志进","民主(上海)","1946","第16期","413","上海"
"拖塌了国家骗惯了人民","马叙倫","民主(上海)","1946","第50期","1238-1239","上海"
"“民主”也停刋了","周建人","民主(上海)","1946","第2卷 第3/4期","1311","上海"
"上海杂志界联谊会为抗议摧残言论·发行·自由，声援重庆·西安·北平·广州被压迫同业宣言(来件)","民主(上海)","1946","第24期","619",NA,"上海"
"写在政治协商会议开幕以前","马叙倫","民主(上海)","1946","第14期","1页，334-335","上海"
"纪念“七七节”","鄭振铎","民主(上海)","1946","第38期","1页，942-944","上海"
"亡友鲁迅印象记(三)","许壽裳","民主(上海)","1946","第37期","935-936","上海"
"从原子弹说起","景宋","民主(上海)","1946","第27期","682-684","上海"
"真民主与共和行","蔡尚思","民主(上海)","1946","第47期","1182","上海"
"哭羊枣","芻雷","民主(上海)","1946","第17期","454","上海"
"消息半周刊致本会函(附件):为报告该刊被迫停刊经过","民主(上海)","1946","第36期","915",NA,"上海"
"遭难前后(五)","景宋","民主(上海)","1946","第14期","351-352","上海"
"文化正被扼杀着","鄭振铎","民主(上海)","1946","第44期","1页，1090-1092","上海"
"初访美国:猎书偶记","蒋天佐","民主(上海)","1946","第2卷 第3/4期","1352-1353","上海"
"全面内战爆发了!","鄭振铎","民主(上海)","1946","第45期","1页，1114","上海"
"读了美国特使和大使的声明","马叙倫","民主(上海)","1946","第44期","1099-1101","上海"
"争取民主与言论自由","天顽","民主(上海)","1946","第2卷 第3/4期","1315-1316","上海"
"美国反动派走上了希特勒的道路","剪伯赞","民主(上海)","1946","第2卷 第1/2期","1265-1266","上海"
"巴而干与地中海之争","梁纯夫","民主(上海)","1946","第47期","1179-1181","上海"
"记原子弹下的广岛(一)","约翰、赫而塞 求思诀","民主(上海)","1946","第2卷 第1/2期","1298-1301","上海"
"取消掺杂法西斯思想的国定教科书","史永","民主(上海)","1946","第29期","731-733","上海"
"漫谈上海职工(中):胜利以来加强组织，争取民主，改善生活，协国建国的努力","永生","民主(上海)","1946","第26期","661-664","上海"
"我们也举行美军退出中周","马叙倫","民主(上海)","1946","第50期","1页，1234","上海"
"他们成了和平民主圑结的号角，记陪都追悼王秦邓黄大会","慧年","民主(上海)","1946","第28期","703-704","上海"
"迎接和平之年:华侨当前的两童任务","胡愈之","民主(上海)","1946","第16期","394-397","上海"
"真假分明","寒松","民主(上海)","1946","第2卷 第3/4期","1312-1313","上海"
"从周报停刊说起","求思","民主(上海)","1946","第44期","1096","上海"
"韬奋先生的时代并没有过去:纪念他的逝世两周年","寒松","民主(上海)","1946","第41期","1030","上海"
"论抗战，，和平与美国的援华","丁静","民主(上海)","1946","第38期","958-960","上海"
"学术讲座论什么是哲学","张中府","民主(上海)","1946","第46期","1153-1155","上海"
"抗敌队伍裹的妇女们(下)","希苓","民主(上海)","1946","第24期","616-617","上海"
"中国与各头等国的异点:纪念胜利一年后的国庆日","蔡尚思","民主(上海)","1946","第2卷 第1/2期","1271-1273","上海"
"“从中国撤退”集锦","景宋","民主(上海)","1946","第50期","1243-1244","上海"
"当心马帅嵴骨被抽去:[图]","霧城","民主(上海)","1946","第36期","911","上海"
"送韬奋之葬","杨卫玉","民主(上海)","1946","第41期","1026","上海"
"杭州反内战大游行","艾草","民主(上海)","1946","第36期","908-909","上海"
"“明日的学校”设计:这可作为“明日的学校设计”的提网之二，提网之发表于“真理与自由”","孙起孟","民主(上海)","1946","第23期","578-580","上海"
"踏着南通的血迹前进","求思","民主(上海)","1946","第27期","674-675","上海"
"为下关遭难代表向美国人进言","景宋","民主(上海)","1946","第37期","924","上海"
"国际援助与中国人民利益","阿萍","民主(上海)","1946","第38期","964-965","上海"
"胜而不利:津沪途上什记","子午","民主(上海)","1946","第16期","418-420","上海"
"谈“和”“战”关头","鄭振铎","民主(上海)","1946","第48期","1页，1186-1187","上海"
"追念韬奋先生","沈志遠","民主(上海)","1946","第41期","1027","上海"
"解决国是的一个理想","鄭振铎","民主(上海)","1946","第31期","1页，766-768","上海"
"反对纳粹式的警区制","沈志遠","民主(上海)","1946","第32期","798","上海"
"从“无法无天”说起","克士","民主(上海)","1946","第17期","442-444","上海"
"天坛与天桥:北平通讯","绍芬","民主(上海)","1946","第2卷 第3/4期","1354-1355","上海"
"纪念五一国际劳动节","永生","民主(上海)","1946","第28期","708-710","上海"
"对于推进当前民主运动的一点意见","吴大琨","民主(上海)","1946","第17期","450-452","上海"
"诗兰","梅湜","民主(上海)","1946","第13期","317","上海"
"从忍辱负重到沼吴","稽古","民主(上海)","1946","第15期","380-381","上海"
"太平洋战争大事记(完)","董秋斯","民主(上海)","1946","第13期","324-327","上海"
"一周时事述评","念青","民主(上海)","1946","第35期","863-864","上海"
"关于中国时局的美国舆论","兆均","民主(上海)","1946","第35期","889","上海"
"为南通惨案告界人士书(来件)","民主(上海)","1946","第26期","666",NA,"上海"
"南洋通讯","任叔谨","民主(上海)","1946","第14期","355","上海"
"亡友鲁迅印象记(二)","许壽裳","民主(上海)","1946","第36期","912","上海"
"动刀兵者必死于刀兵之下","念青","民主(上海)","1946","第40期","1001-1003","上海"
"我们对于国是的意见(来件)","民主(上海)","1946","第15期","386",NA,"上海"
"论半殖民地法西斯的特质","周建人","民主(上海)","1946","第38期","963-964","上海"
"这应该是兑现的一张:[图]","蒲崗","民主(上海)","1946","第15期","372","上海"
"东北问题的症结","實革","民主(上海)","1946","第31期","777-779","上海"
"论内战应即停止","喬峯","民主(上海)","1946","第30期","748-750","上海"
"天下那些民主而会“休刋”的?","田汉","民主(上海)","1946","第2卷 第3/4期","1310-1311","上海"
"从徐州到武汉","陆诒","民主(上海)","1946","第33期","831-833","上海"
"每周时事述评:全世界在看着中国","念青","民主(上海)","1946","第42期","1048-1049","上海"
"自由了吗:[图]","蒲崗","民主(上海)","1946","第23期","574","上海"
"书报为什么没有寄递自由?","民主(上海)","1946","第26期","665",NA,"上海"
"写在国民党二中全会的期内","马叙倫","民主(上海)","1946","第21/22期","1页，534-539","上海"
"不由不放手:[图]","陈烟桥","民主(上海)","1946","第16期","402","上海"
"希特勒墨索里尼的路是走不通的","鄧初民","民主(上海)","1946","第49期","1221-224","上海"
"南通血案抗议","民主(上海)","1946","第26期","1页",NA,"上海"
"剥削民众自由的保甲制度","惕庵","民主(上海)","1946","第20期","531","上海"
"“警员”向老百姓说","臧克家","民主(上海)","1946","第34期","851","上海"
"不要把人民看做敌人","史逸","民主(上海)","1946","第32期","796-797","上海"
"职工呼声(七):上海市银钱业失业同人聊合宣言","民主(上海)","1946","第17期","458",NA,"上海"
"保卫经济的自主权","鄭森禹","民主(上海)","1946","第37期","929-930","上海"
"美国对日政策的秘密文件","求思","民主(上海)","1946","第38期","961-962","上海"
"内战与人民的重担","鄭森禹","民主(上海)","1946","第2卷 第3/4期","1333-1334","上海"
"民联轮上","慧年","民主(上海)","1946","第40期","1012-1014","上海"
"陶孟和先生也说话了","素风","民主(上海)","1946","第2卷 第1/2期","1268","上海"
"动员民众的一个实例","陆诒","民主(上海)","1946","第28期","706-707","上海"
"初春裹的广州侧影(广州通讯二)","文雛","民主(上海)","1946","第21/22期","557-558","上海"
"让苏北一新型大学","董秋斯","民主(上海)","1946","第21/22期","565-568","上海"
"古事新谈","古谛","民主(上海)","1946","第31期","781-783","上海"
"“启示”之后","景宋","民主(上海)","1946","第42期","1062-1063","上海"
"将怎样应付这微妙的时局?","鄭振铎","民主(上海)","1946","第26期","650-652","上海"
"重庆出版业对治政协商意见书(来件)","民主(上海)","1946","第16期","430-432",NA,"上海"
"论民主于法治:民主讲话之五","嚴景耀","民主(上海)","1946","第16期","410-412","上海"
"一周大事表(三十五年七月三十一至八月六日)","民主(上海)","1946","第43期","1088",NA,"上海"
"对十五天停战的看法","柳湜","民主(上海)","1946","第35期","868","上海"
"政府代表说“这也是民意”","蒲崗","民主(上海)","1946","第19期","486","上海"
"大事表(三十五年九月二十五至十月六日)","民主(上海)","1946","第2卷 第1/2期","1303",NA,"上海"
"他们自己也莫明其妙!什么东西绊住了脚:[图]","蒲崗","民主(上海)","1946","第15期","370","上海"
"忙和梦","景宋","民主(上海)","1946","第50期","1248","上海"
"美国人笔下的边区的劳动英雄(二)","求思","民主(上海)","1946","第34期","857-858","上海"
"“呀!呀!呀!”","(美)杰克·伦敦 董秋斯","民主(上海)","1946","第16期","422-426","上海"
"美报论徐州屠杀学生案","董秋斯","民主(上海)","1946","第39期","988-989","上海"
"论民主与民众组织:民主讲话之九","嚴景耀","民主(上海)","1946","第25期","632-635","上海"
"揭穿鲁斯的宣传技俩","求思","民主(上海)","1946","第25期","636-639","上海"
"各代表慰问电","民主(上海)","1946","第37期","940",NA,"上海"
"美国人笔下的边区的劳动英雄(一)","求思","民主(上海)","1946","第33期","833-834","上海"
"“本刊一年”","鄭振铎","民主(上海)","1946","第50期","1235","上海"
"“民主”是对禁不了的","马叙倫","民主(上海)","1946","第47期","1页，1162-1163","上海"
"一周大事表(三十五年七月二十四至三十日)","民主(上海)","1946","第42期","1064",NA,"上海"
"上海市学生追悼昆明死难师大会致政治协会议电文(来件)","民主(上海)","1946","第15期","387",NA,"上海"
"每周时速述评:全面内虞在扩大","念青","民主(上海)","1946","第46期","1139-1140","上海"
"论美国“基本之目标”","景宋","民主(上海)","1946","第48期","1199-1200","上海"
"为反对北平不合法国大代表选举告全国同胞书","民主(上海)","1946","第28期","715",NA,"上海"
"经济的民主:民主政治的根本","李列","民主(上海)","1946","第15期","385","上海"
"改造:[图]","蒲崗","民主(上海)","1946","第13期","320","上海"
"上海人民圑体联合，上海全国和全国和平运动大会对时局联合宣言","民主(上海)","1946","第45期","1134",NA,"上海"
"职工呼声(三)","民主(上海)","1946","第17期","456",NA,"上海"
"政治协会商议以后","鄭振铎","民主(上海)","1946","第17期","1页，438-440","上海"
"悲愤的抗议","鄭振铎","民主(上海)","1946","第37期","1页，918","上海"
"“五四”在北平","伊仲羊","民主(上海)","1946","第30期","750-751","上海"
"请重民意:[图]","蒲崗","民主(上海)","1946","第13期","310","上海"
"一周大事表(三十五年七月十七至二十三日)","民主(上海)","1946","第41期","1039",NA,"上海"
"龙华水泥厂工人为要求进厂工作告各界书","民主(上海)","1946","第19期","502",NA,"上海"
"抗议南通血案，为正义与人道而呼吁:为南通血案写","鄭振铎","民主(上海)","1946","第27期","672-673","上海"
"论民主与经济:民主讲话之七","嚴景耀","民主(上海)","1946","第19期","490-492","上海"
"拿国家来“赌气”","马叙倫","民主(上海)","1946","第45期","1114-1117","上海"
"上海各界呼吁和平，马叙伦等一六四人书，蒋主席马歇而及各党派","民主(上海)","1946","第35期","891-892",NA,"上海"
"“胜利新年”及其他(苏州通讯)","隐扬","民主(上海)","1946","第14期","354","上海"
"一封迟误的信","姚又馀","民主(上海)","1946","第15期","385-386","上海"
"言论统制者的幻想:[图]","蒲崗","民主(上海)","1946","第14期","347","上海"
"悼闻一多","郭沫若","民主(上海)","1946","第40期","996","上海"
"哭闻立鹤兄:附照片","绍荃","民主(上海)","1946","第41期","1035","上海"
"日暮途穷","紫槿","民主(上海)","1946","第37期","927","上海"
"停战才是生路:读彭学沛部长谈话有感","丁静","民主(上海)","1946","第42期","1050-1051","上海"
"亡友鲁迅的印象记(一)","许壽裳","民主(上海)","1946","第35期","885-886","上海"
"论停战问题","文琴","民主(上海)","1946","第13期","311-313","上海"
"中国民主促进会给政治协会议建议书(来件)","民主(上海)","1946","第16期","430",NA,"上海"
"向党政者进一言","民主(上海)","1946","第26期","665",NA,"上海"
"一周大事表(三十五年六月十九日至二十五日)","民主(上海)","1946","第37期","939",NA,"上海"
"论民主与教育:民主讲话之八","嚴景耀","民主(上海)","1946","第21/22期","549-552","上海"
"一周大事表(三十五年四月二十四日三十日)","民主(上海)","1946","第29期","739",NA,"上海"
"老沪纵横话时局","鄧初民","民主(上海)","1946","第2卷 第3/4期","1323-1324","上海"
"美国的对华政策","茅盾","民主(上海)","1946","第35期","866","上海"
"保甲与连坐","民主(上海)","1946","第21/22期","570-571",NA,"上海"
"“我来了，请他走!”:[图]","莱","民主(上海)","1946","第20期","513","上海"
"不要包办的市参议会","周建人","民主(上海)","1946","第24期","603","上海"
"我们需要人民的报纸","学范","民主(上海)","1946","第13期","330-331","上海"
"论联合政府","鄭振铎","民主(上海)","1946","第46期","1页，1138-1139","上海"
"改组政府与否决权","施復亮","民主(上海)","1946","第47期","1167-1168","上海"
"特别提高对于外务干涉的警觉性","鄧初民","民主(上海)","1946","第47期","1175-1176","上海"
"提高教职员待遇:附图","以中","民主(上海)","1946","第24期","614-616","上海"
"人民的力量决定一切","鄧初民","民主(上海)","1946","第45期","1120-1123","上海"
"悼李公朴闻一多二先生","鄭振铎","民主(上海)","1946","第40期","1页，994-995","上海"
"大事表(三十五年十月七日至十五日)","民主(上海)","1946","第2卷 第3/4期","1362-1363",NA,"上海"
"中国民主促进会反对不合民主的上海市参议会宣言(来件)","民主(上海)","1946","第26期","667",NA,"上海"
"什么时候才有新闻自由","求思","民主(上海)","1946","第24期","609-613","上海"
"真理与退学","景宋","民主(上海)","1946","第45期","1126-1127","上海"
"统治者的悲哀","吴耀宗","民主(上海)","1946","第41期","1033","上海"
"驳中央社报导(来件)","民主(上海)","1946","第19期","504-505",NA,"上海"
"东北取样(长春通讯)","张大雷","民主(上海)","1946","第14期","352-353","上海"
"中国经济理论的贫困","杨选堂","民主(上海)","1946","第13期","314-316","上海"
"古事新谈","西谛","民主(上海)","1946","第29期","736","上海"
"再论内战必须立即停止","周建人","民主(上海)","1946","第47期","1173-1175","上海"
"反内战与“反内乱”","丁静","民主(上海)","1946","第37期","926-928","上海"
"迎双十节","景宋","民主(上海)","1945","创刊号","3-5","上海"
"制止物价高翔的方案","民主(上海)","1945","第4期","1页，90",NA,"上海"
"遭难前后(二)","景宋","民主(上海)","1945","第11期","264-265","上海"
"让人民便利点罢","张一凡","民主(上海)","1945","第6期","144","上海"
"美国舆论在转变中","董秋斯","民主(上海)","1945","第8期","184-186","上海"
"卑下文学:附图","罗稷南","民主(上海)","1945","第2期","54-55","上海"
"国庆小感","方禺","民主(上海)","1945","创刊号","10","上海"
"略谈这回大战的性质与法西斯的歪曲事实","周建人","民主(上海)","1945","创刊号","8-10","上海"
"享受自由的条件","周建人","民主(上海)","1945","第5期","128-129","上海"
"关于莫斯科外长会议","賓符","民主(上海)","1945","第10期","224-226","上海"
"油灯","索非","民主(上海)","1945","创刊号","19","上海"
"大事记:附照片","民主(上海)","1945","第2期","57-59",NA,"上海"
"回忆:附图","吴大琨","民主(上海)","1945","第2期","45-46","上海"
"太平洋战争大事记","董秋斯","民主(上海)","1945","第10期","234-238","上海"
"记某战地医院","任华","民主(上海)","1945","第12期","297-300","上海"
"此其时矣:[图]","蒲崗","民主(上海)","1945","第8期","186","上海"
"初冬的重庆(重庆通讯)","陈辛","民主(上海)","1945","第10期","241","上海"
"和平需要武力做保障吗","马叙伦","民主(上海)","1945","第5期","1页，114-115","上海"
"胜利的到来","渠之","民主(上海)","1945","第2期","55","上海"
"韬奋的流亡生活(五)","杨明","民主(上海)","1945","第7期","166-167","上海"
"“无路可走”","尊聞","民主(上海)","1945","第7期","165","上海"
"胜利的常州","王铁猴","民主(上海)","1945","第10期","243","上海"
"由昆明学潮说起","鄭振铎","民主(上海)","1945","第10期","1页，222-223","上海"
"与严景曜先生论帮助失业青年问题","知廉","民主(上海)","1945","第6期","149","上海"
"诗两首:为鲁迅先生九周年祭作","民主(上海)","1945","第3期","63",NA,"上海"
"又一提议，赶快成立全国反内战大联合之提议","徐相任","民主(上海)","1945","第10期","243","上海"
"非礼勿视:[图]","李兆安","民主(上海)","1945","第9期","199","上海"
"耕耘:[图]","陈烟桥刻","民主(上海)","1945","第10期","239","上海"
"大赠送:[图]","蒲崗","民主(上海)","1945","第10期","233","上海"
"从匪谈起","端木泉","民主(上海)","1945","第10期","225","上海"
"读“甲申三百年祭”","奴齐","民主(上海)","1945","第2期","56","上海"
"人民需要和平反对内战","周建人","民主(上海)","1945","第6期","135","上海"
"时代行进的步伐","余伯约","民主(上海)","1945","创刊号","11-12","上海"
"肃清贪冒是实现民主政治的前奏","民主(上海)","1945","第3期","1页，62-64",NA,"上海"
"大事记","民主(上海)","1945","第3期","86-87",NA,"上海"
"“丑史”之类","尊闻","民主(上海)","1945","第9期","202-203","上海"
"我们的责任更加重","鄭振铎","民主(上海)","1945","创刊号","19","上海"
"走上民主的路吧!","马叙倫","民主(上海)","1945","第11期","1页，246-247","上海"
"论新闻自由运动","董秋斯","民主(上海)","1945","第6期","146-147","上海"
"写在政治协商议以前","马叙倫","民主(上海)","1945","第12期","271-272","上海"
"梦醒时","济之","民主(上海)","1945","创刊号","16-17","上海"
"年终大扫除备忘录:[图]","蒲崗","民主(上海)","1945","第12期","278-279","上海"
"纳粹犯访问记","斯诺 秋斯","民主(上海)","1945","创刊号","13-16","上海"
"读史杂志(二):论“人心”","尊闻","民主(上海)","1945","第8期","190","上海"
"美国对华政策与中国内争","尊闻","民主(上海)","1945","第12期","280-283","上海"
"请莫认为父","立壘","民主(上海)","1945","第12期","307","上海"
"上海市大中学生为欢迎马歇而大使阻被假冒与被打事:告归长同学与社会人士书(来件一)","马歇尔特","民主(上海)","1945","第12期","302-303","上海"
"高等教育管见(二)","王以中","民主(上海)","1945","第12期","287-288","上海"
"人民需要爱抚","景宋","民主(上海)","1945","第5期","125-126","上海"
"两种优持","奴齐","民主(上海)","1945","第8期","175-177","上海"
"欧美的民主政治是怎样开展的:民主讲话之二","嚴景曜","民主(上海)","1945","第6期","140-141，151","上海"
"中国的癌","景宋","民主(上海)","1945","第9期","216-217","上海"
"外国军火与中国内战","求思","民主(上海)","1945","第6期","136-137","上海"
"发刊词","民主(上海)","1945","创刊号","1页",NA,"上海"
"中国民主运动的经验:民主讲话之四","嚴景耀","民主(上海)","1945","第12期","276-281","上海"
"杜鲁门对华宣言的前因后果","东方晦之","民主(上海)","1945","第11期","250-253","上海"
"从万花筒中看物价","娄立齐","民主(上海)","1945","第5期","121-123","上海"
"爆仗","罗稷南","民主(上海)","1945","第4期","106","上海"
"鲁迅先生对我的影响","秋斯","民主(上海)","1945","第2期","44-45","上海"
"坟墓","贺依","民主(上海)","1945","第3期","83","上海"
"今日种种:[图]","蒲崗","民主(上海)","1945","第8期","178-181","上海"
"我们反对内战","民主(上海)","1945","第6期","1页，134",NA,"上海"
"“反对宴会政治”","尊聞","民主(上海)","1945","第5期","128-129","上海"
"日本投降的经过","老圣","民主(上海)","1945","创刊号","23-24","上海"
"整顿市容:[图]","蒲崗","民主(上海)","1945","第5期","127","上海"
"关于新年的希望","周建人","民主(上海)","1945","第12期","273","上海"
"胜利日","唐弢","民主(上海)","1945","创刊号","17-19","上海"
"独立自主的外交路线","杨动","民主(上海)","1945","第4期","97-98","上海"
"印度国民军问题","董秋斯","民主(上海)","1945","第9期","207-209","上海"
"太平洋战争大事记(二)","董秋斯","民主(上海)","1945","第11期","261-263","上海"
"迎中华民国三十五年","鄭振铎","民主(上海)","1945","第12期","1页，270","上海"
"读国共会议记录","民主(上海)","1945","第2期","1页，30-31",NA,"上海"
"美国人眼中的延安:评The Challenge Red China","求思","民主(上海)","1945","第12期","284-285","上海"
"中苏联合影响英美:为苏联十月革命二十八周年纪念作","柳亚子","民主(上海)","1945","第4期","93","上海"
"人为的物价政策之必要","张一凡","民主(上海)","1945","第4期","91","上海"
"二十世纪五十年代的圣诞老人","蒲崗","民主(上海)","1945","第11期","167","上海"
"关于收换伪钞的办法问题","张一凡","民主(上海)","1945","第3期","72-73","上海"
"日本的新党运动","鄭森禹","民主(上海)","1945","第6期","142-143","上海"
"鲁迅逝世九周年纪念特辑:我们怎样纪念","景宋","民主(上海)","1945","第2期","38-39","上海"
"剪报见闻","许癀平","民主(上海)","1945","第7期","163-164","上海"
"胜利到来","師陀","民主(上海)","1945","创刊号","17","上海"
"一个重要的建议","倫","民主(上海)","1945","第11期","247","上海"
"大后方的民主运动","吴王琨","民主(上海)","1945","创刊号","21-22","上海"
"谈纪律","郭绍虞","民主(上海)","1945","第6期","148","上海"
"澈底的民主与形式的民主:民主讲话之一","嚴景曜","民主(上海)","1945","第4期","102-104","上海"
"韬奋的流亡生活(六)","杨明","民主(上海)","1945","第8期","192-194","上海"
"国民义务教育与县附税","魏金枝","民主(上海)","1945","第10期","229","上海"
"民主与狂狷精神","郭绍虞","民主(上海)","1945","创刊号","2-3","上海"
"有为与有守","郭绍虞","民主(上海)","1945","第2期","36-37","上海"
"芜言篇","齐人","民主(上海)","1945","第12期","296-297","上海"
"谈文化建设","周振甫","民主(上海)","1945","第4期","105-106","上海"
"记成都“一二九”太游行青年人是永远公正的","陈菊珍","民主(上海)","1945","第12期","301-303","上海"
"记美国军人所说的话","冷红","民主(上海)","1945","第12期","306-307","上海"
"鲁迅先生与苏联","葛一虹","民主(上海)","1945","第2期","40-41","上海"
"给亚美利亚的人民","绀弩","民主(上海)","1945","第7期","159","上海"
"民心","杨愚","民主(上海)","1945","第10期","243","上海"
"原子弹与希特勒","新武","民主(上海)","1945","第12期","294-295","上海"
"昆明冬讯(昆明通讯)","胡剑","民主(上海)","1945","第9期","219","上海"
"陪都各界追悼昆明死难师生文锦:附照片","民主(上海)","1945","第11期","260",NA,"上海"
"怎样帮助全国失业青年","嚴景矅","民主(上海)","1945","第2期","51-52","上海"
"伦敦外长会议","賓符","民主(上海)","1945","第2期","34-35","上海"
"空军第五大队参加湘西会战记","鄭光昭","民主(上海)","1945","第9期","213-215","上海"
"无党派者的愿望","程启钧","民主(上海)","1945","第7期","169-170","上海"
"“上海热”:[图]","李兆","民主(上海)","1945","第4期","93","上海"
"遭难前后(三)","景宋","民主(上海)","1945","第12期","292-295","上海"
"试问小薪水阶级如何生活?","周建人","民主(上海)","1945","第10期","227-228","上海"
"对马歇而特的期望","求思","民主(上海)","1945","第9期","201-202","上海"
"日本的动乱与阴谋","郑森禹","民主(上海)","1945","第2期","32-33","上海"
"一本书杂志","周煦良","民主(上海)","1945","第2期","53-54","上海"
"关于鲁迅先生的有些性格:附照片","克士","民主(上海)","1945","第2期","39-40","上海"
"我们的抗议","鄭振铎","民主(上海)","1945","第9期","1页，198","上海"
"再说些老百姓的话","马叙倫","民主(上海)","1945","第9期","199-200","上海"
"抑平物价:[图]","蒲崗","民主(上海)","1945","第5期","127","上海"
"论人民应该多说话","周建人","民主(上海)","1945","第3期","67-69","上海"
"反“修身齐家治国平天下”论","嚴景耀","民主(上海)","1945","第3期","73-74","上海"
"赎罪:但原这是谣傅:[图]","蒲崗","民主(上海)","1946","第15期","371","上海"
"和平商谈走入绝境","念青","民主(上海)","1946","第49期","1216-1217","上海"
"为争取自由而歌","董致白","民主(上海)","1946","第45期","1122","上海"
"一周大事表(三十五年五月二十九日六月四日)","民主(上海)","1946","第34期","859",NA,"上海"
"答问时事","马敍倫","民主(上海)","1946","第33期","814-818","上海"
"邱吉而是怎样和史压林战门的:尼铭康牧合译自夸下月一号纽约展望半月刊","伊利奥特·罗斯福","民主(上海)","1946","第2卷 第3/4期","1339-1343","上海"
"黑暗与光明","吴耀宗","民主(上海)","1946","第2卷 第3/4期","1309-1310","上海"
"一周大事表(三十五年七月十一至十六日)","民主(上海)","1946","第40期","1016",NA,"上海"
"南京的“群魔乱舞”(南京通讯)","李敏","民主(上海)","1946","第2卷 第1/2期","1292-1293","上海"
"反美与反苏","马叙倫","民主(上海)","1946","第36期","895-897","上海"
"如何执行政协诀议","施復亮","民主(上海)","1946","第43期","1076-1080","上海"
"时局笔谈特辑:高末若，马叙伦，郑振铎，景宋先生答本刊时局六问题","民主(上海)","1946","第35期","865-866",NA,"上海"
"放歌","何家槐","民主(上海)","1946","第49期","1230","上海"
"论法西斯分子罪行","周建人","民主(上海)","1946","第40期","1011-1013","上海"
"每周时事述评:五人小组流产以后","念青","民主(上海)","1946","第48期","1192-1193","上海"
"职工呼声(一):资源委员会中央机器厂全体职员罢工宣言","民主(上海)","1946","第17期","455",NA,"上海"
"停战协议失败以后","萧扬","民主(上海)","1946","第29期","722-724","上海"
"民主生活的威胁:保甲制度","民主(上海)","1946","第20期","530-531",NA,"上海"
"请协商诸公看看当前的事实:[图]","乃鹤","民主(上海)","1946","第16期","396","上海"
"记夏丐尊先生","徐调孚","民主(上海)","1946","第29期","738","上海"
"一周时事述评","麦逸","民主(上海)","1946","第29期","718-719","上海"
"北平岁寒图(北平通讯)","方纾","民主(上海)","1946","第17期","451-452","上海"
"万一再拖呢只好拖向和!","茅盾","民主(上海)","1946","第38期","944-945","上海"
"“国大”是中华民国的丧","赵飞廉","民主(上海)","1946","第2卷 第3/4期","1328-1329","上海"
"又来挽“民主”","叶圣陶","民主(上海)","1946","第2卷 第3/4期","1309","上海"
"论民主逆流急须遏止","建人","民主(上海)","1946","第31期","774-775","上海"
"民意","景宋","民主(上海)","1946","第33期","823-824","上海"
"专制之下:[图]","阿杨","民主(上海)","1946","第26期","653","上海"
"双十节感言","张絅伯","民主(上海)","1946","第2卷 第1/2期","1274-1275","上海"
"锄奸续论","鄭振铎","民主(上海)","1946","第15期","1页，362-363","上海"
"手黑的恶罪:[图]","蒲崗","民主(上海)","1946","第19期","493-494","上海"
"并非抗议","罗稷南","民主(上海)","1946","第2卷 第3/4期","1313-1314","上海"
"每周时速述评:究竟是什么?","念青","民主(上海)","1946","第47期","1169-1170","上海"
"从凄寂的“九一八”说起","鄭振铎","民主(上海)","1946","第49期","1页，1210","上海"
"不可缺少的反对党","(美)李普曼 雇均正","民主(上海)","1946","第14期","336-341","上海"
"关于检举汉奸","周建人","民主(上海)","1946","第15期","364-365","上海"
"做尾巴与被利用","民主(上海)","1946","第47期","1182",NA,"上海"
"我们对马歇而特使的警告应有的认识","求思","民主(上海)","1946","第23期","583-588","上海"
"无名的英雄","景文","民主(上海)","1946","第33期","826","上海"
"为重庆二月十日凶击事件致国府电(来件)","民主(上海)","1946","第18期","482-483",NA,"上海"
"人民的封不住","鄭森禹","民主(上海)","1946","第2卷 第3/4期","1314","上海"
"考验(诗画)","陈烟桥","民主(上海)","1946","第33期","816-817","上海"
"一个重伤医院的故事","民主(上海)","1946","第23期","595",NA,"上海"
"国际舆论","兆均","民主(上海)","1946","第36期","913","上海"
"解决时局与改组政府","施復亮","民主(上海)","1946","第44期","1105-1107","上海"
"再论东北问题需要张学良","东衣","民主(上海)","1946","第32期","799-800","上海"
"反民主作风有助长民主势力的作用","克士","民主(上海)","1946","第32期","795-796","上海"
"欧洲的外交战:四个外长会议的争执","湘漁","民主(上海)","1946","第32期","802-805","上海"
"纪念韬奋先生","周建人","民主(上海)","1946","第41期","1028","上海"
"在中国受纵容的纳粹党徒","求思","民主(上海)","1946","第48期","1202-1204","上海"
"上海杂志界及出版业提供政治协商会议的意见(来件)","民主(上海)","1946","第17期","459",NA,"上海"
"一周大事表(三十五年五月八日至十四日)","民主(上海)","1946","第31期","787",NA,"上海"
"为青岛女教员惨案的呼吁","民主(上海)","1946","第14期","356-357",NA,"上海"
"到经济民主之路","杜岩","民主(上海)","1946","第34期","845-848","上海"
"经济危机不拖不得了(上)","非昔","民主(上海)","1946","第34期","852-854","上海"
"最后仲裁权应归人民","鄭森禹","民主(上海)","1946","第35期","874","上海"
"大国民风度:[图]","蒲崗","民主(上海)","1946","第17期","450","上海"
"抗战往事，悼念张自忠将军，瞻望南瓜店前路，抗战史上第一人","民主(上海)","1946","第27期","680-681",NA,"上海"
"易政治协商会议诸君","鄭振铎","民主(上海)","1946","第13期","1页，310","上海"
"一个美国兵的延安游记(下)","董秋斯","民主(上海)","1946","第32期","808-809","上海"
"给和平老人及其他英雄们","雾城","民主(上海)","1946","第37期","937-938","上海"
"军粮与民食:[图]","明","民主(上海)","1946","第2卷 第1/2期","1284","上海"
"内战局势","丁静","民主(上海)","1946","第47期","1171-1172","上海"
"司徒雷登来了怎么样","丁静","民主(上海)","1946","第40期","1004-1006","上海"
"敬告第三方面政协代表","施復亮","民主(上海)","1946","第2卷 第3/4期","1325-1326","上海"
"庐山诗话","罗稷南","民主(上海)","1946","第42期","1063","上海"
"从农村看内战","陈守實","民主(上海)","1946","第39期","982-983","上海"
"读报杂感","政客","民主(上海)","1946","第37期","937-938","上海"
"职工呼声(五)","民主(上海)","1946","第17期","457",NA,"上海"
"“召开国大”“改组政府”","丁静","民主(上海)","1946","第39期","980-983","上海"
"当心转移目标的战术:[图]","莱","民主(上海)","1946","第20期","525","上海"
"漫谈上海职工(上):在抗战时期中，一切为着抗战而努力","永生","民主(上海)","1946","第25期","639-643","上海"
"火药气味的剩余物资","鄭森禹","民主(上海)","1946","第46期","1141","上海"
"巴黎和会的成功与失败","梁纯夫","民主(上海)","1946","第2卷 第3/4期","1344-1345","上海"
"中国民主运动的前瞻","吴耀宗","民主(上海)","1946","第2卷 第1/2期","1289-1291，1297","上海"
"孙院的两次谈话","怀椒","民主(上海)","1946","第2卷 第3/4期","1329","上海"
"魔术家的玩具:[图]","普森","民主(上海)","1946","第25期","637","上海"
"郁逵夫的失踪和流亡:给全国文艺协会报告书","胡愈之","民主(上海)","1946","第48期","1205-1207","上海"
"阿Q家鄕底二三事(浙江通讯)","彳亍","民主(上海)","1946","第16期","418-419","上海"
"东北问题与中苏关系","萧扬","民主(上海)","1946","第20期","523-528","上海"
"来宾被禁止讲话","民主(上海)","1946","第27期","690-691",NA,"上海"
"彷徨","史笃","民主(上海)","1946","第39期","990","上海"
"沈钧儒、郭沫若、章伯钧三先生对“召开国大”的意见","民主(上海)","1946","第39期","978-979",NA,"上海"
"圑拜和朝贺","倫","民主(上海)","1946","第15期","363","上海"
"难得的际遇和两个前途","稽古","民主(上海)","1946","第18期","470-472","上海"
"时局中资产阶级的责任","马叙倫","民主(上海)","1946","第49期","1211-1215","上海"
"民主浪潮在广州(广州通讯)","任遠","民主(上海)","1946","第21/22期","555-556","上海"
"生活之路:游牧先生的信","民主(上海)","1946","第30期","761-762",NA,"上海"
"总该有一缐光明罢","鄭振铎","民主(上海)","1946","第42期","1页，1042","上海"
"速捕女汉奸以防流毒","勒巩","民主(上海)","1946","第14期","348-350","上海"
"我们反对用嫌联总的物资作政治武器","求思","民主(上海)","1946","第18期","473-475","上海"
"三八话今年:附图","景宋","民主(上海)","1946","第21/22期","553-554","上海"
"五四运动节的意义","鄭振铎","民主(上海)","1946","第29期","1页","上海"
"光明的还没有到来:附图","陈烟桥","民主(上海)","1946","第18期","467-469","上海"
"“坏政府”","Grary，W. 尊闻","民主(上海)","1946","第37期","933-934","上海"
"结束一党尃政与改选代表","周建人","民主(上海)","1946","第16期","400-401","上海"
"不要忽视南通惨案","民主(上海)","1946","第27期","691",NA,"上海"
"为东北问题说公道话","东衣","民主(上海)","1946","第27期","678-680","上海"
"“大国民风度”班","蒲崗","民主(上海)","1946","第19期","501","上海"
"一周大事表(三十五年五月十五日至二十一日)","民主(上海)","1946","第32期","811",NA,"上海"
"清晨漫笔","景宋","民主(上海)","1946","第41期","1037-1038","上海"
"七七第一周年在武汉","郭沫若","民主(上海)","1946","第38期","943","上海"
"说说因东北问题而起的学生运动","马叙倫","民主(上海)","1946","第20期","511-513","上海"
"协商会未次大会通过各案全文","民主(上海)","1946","第18期","483",NA,"上海"
"出奇的事","景宋","民主(上海)","1946","第46期","1142","上海"
"司徒大使任重途艰:[图]","霧城","民主(上海)","1946","第42期","1061","上海"
"朱富胜的新家庭","林红","民主(上海)","1946","第46期","1157-1158","上海"
"关于民主与统一","周建人","民主(上海)","1946","第14期","345-346","上海"
"一周大事表(三十五年八月二十八至九月三日)","民主(上海)","1946","第47期","1183",NA,"上海"
"在迫害下(二)","董秋斯","民主(上海)","1946","第28期","711-713","上海"
"光明与黑暗(南昌通讯)","何恕","民主(上海)","1946","第28期","710-711","上海"
"双十文告的评注和后语","马敘倫","民主(上海)","1946","第2卷 第3/4期","1317-1332","上海"
"“吟罢低眉无写处”","贺依","民主(上海)","1946","第2卷 第3/4期","1316","上海"
"美国对华政策会不会改变?","张鐵生","民主(上海)","1946","第2卷 第1/2期","1267-1268","上海"
"怎样使双十节更值得庆幸?","郭沫若","民主(上海)","1946","第2卷 第1/2期","1269-1272","上海"
"新疆之谜","宗石","民主(上海)","1946","第21/22期","559-561","上海"
"当前一个严重问题","马叙倫","民主(上海)","1946","第23期","1页，574-576","上海"
"猎书偶记:“不是打鸽子杀乌鸦，倒是打乌鸦鸽子”","蒋天佐","民主(上海)","1946","第2卷 第1/2期","1301-1302","上海"
"三人会议主角之一马歇而将军","陆诒","民主(上海)","1946","第2卷 第1/2期","1294-1295","上海"
"统一(?)和平(?)","何天","民主(上海)","1946","第2卷 第3/4期","1335-1336","上海"
"请政府停止整编保甲","求思","民主(上海)","1946","第20期","517-522","上海"
"在迫害下(三)","董秋斯","民主(上海)","1946","第29期","734-735","上海"
"东北问题需要张学良","东衣","民主(上海)","1946","第28期","699-701","上海"
"邱吉而所扮演的角色:附图","湘漁","民主(上海)","1946","第23期","589-592","上海"
"“停战!停战!!”","鄭振铎","民主(上海)","1946","第28期","1页，694","上海"
"人民的归给人民(故事诗)","陈烟桥","民主(上海)","1946","第20期","511-513","上海"
"内战打得下去吗?","求思","民主(上海)","1946","第28期","700-704","上海"
"青年学生在走上战场","陆诒","民主(上海)","1946","第29期","737","上海"
"几句关于南通惨案的话","周建人","民主(上海)","1946","第27期","673-675","上海"
"抢救内战复发的灾难","项念青","民主(上海)","1946","第27期","676-679","上海"
"一周大事表(三十五年九月四日至九日)","民主(上海)","1946","第48期","1208",NA,"上海"
"敬书最后的忠告与国民党","马叙倫","民主(上海)","1946","第28期","695-699","上海"
"从接收说到官规与军纪","鄭振铎","民主(上海)","1946","第25期","1页，622-624","上海"
"遭难前后(续完)","景宋","民主(上海)","1946","第23期","593-595","上海"
"民主生活的学习:谈国大妇女代表的选举","景宋","民主(上海)","1946","第28期","705-708","上海"
"戴笠将军的死","徐深","民主(上海)","1946","第24期","601-602","上海"
"论中苏外交和东北内政:附图","尊闻","民主(上海)","1946","第23期","580-583","上海"
"应该由人民来打开这个混乱的局面","马叙倫","民主(上海)","1946","第26期","646-651","上海"
"新新公司同人联名检举大汉奸李泽","民主(上海)","1946","第14期","357",NA,"上海"
"关于联总物资的分配问题:答联总暑长恺撒先生","求思","民主(上海)","1946","第21/22期","568-569","上海"
"旅美观感","爱倫堡 尊闻","民主(上海)","1946","第44期","1111","上海"
"为什么让马歇而成功?","于潮","民主(上海)","1946","第44期","1102-1103","上海"
"无法无天","求思","民主(上海)","1946","第16期","403-405","上海"
"中华民国未来民的宪法中之立法权问题(下):民主宪法十讲中之第六讲","张君劢","民主(上海)","1946","第44期","1108-1110","上海"
"和平还有希望么?","念青","民主(上海)","1946","第2卷 第3/4期","1325-1327","上海"
"漫谈皇帝的悲喜剧","野叟","民主(上海)","1946","第50期","1249-1251","上海"
"给政治协商会议","张凤举","民主(上海)","1946","第14期","339-341","上海"
"论民主与自由:民主讲话之六","嚴景耀","民主(上海)","1946","第17期","444-448","上海"
"呑吃着中国农村的大荒灾","黄醒华","民主(上海)","1946","第45期","1124-1125","上海"
"胜利周年以后人们获得了些甚么","周建人","民主(上海)","1946","第44期","1104","上海"
"新生的张家口","求思","民主(上海)","1946","第30期","757-758","上海"
"美国人民将考验杜鲁门","费孝通","民主(上海)","1946","第39期","984-987","上海"
"国民党反民主的证实","马叙倫","民主(上海)","1946","第27期","1页，670-671","上海"
"主席行辕","湘子","民主(上海)","1946","第50期","1240","上海"
"日本投降经来的中国政局的清算","鄭振铎","民主(上海)","1946","第43期","1页，1056-1067","上海"
"读美国费正清论中国时局","马敘倫","民主(上海)","1946","第2卷 第1/2期","1285-1288","上海"
"“民主不死”","求思","民主(上海)","1946","第2卷 第3/4期","1314-1315","上海"
"民国政治的空前阶段","蔡尚思","民主(上海)","1946","第14期","343-344","上海"
"如此曲折","方直","民主(上海)","1946","第35期","879-881","上海"
"一周时事述评","石啸冲","民主(上海)","1946","第30期","744-745","上海"
"北方文化拉杂谈","劳荣","民主(上海)","1946","第18期","474-476","上海"
"事实的说明","许傑","民主(上海)","1946","第2卷 第3/4期","1313","上海"
"上海文化界八圑体致电慰问晋京代表","民主(上海)","1946","第37期","940",NA,"上海"
"今日的巴黎和会","梁纯夫","民主(上海)","1946","第42期","1054-1055","上海"
"在宪法问题上争的是什么:附图","胡绳","民主(上海)","1946","第24期","604-607","上海"
"当前的几个重要问题","宗億","民主(上海)","1946","第15期","373-375","上海"
"向政治协商议提供初步意见:(来件二)民主建国会","民主(上海)","1946","第14期","358-359",NA,"上海"
"美国民意与对华政策?","求思","民主(上海)","1946","第47期","1177-1178","上海"
"常熟读者来信","民主(上海)","1946","第19期","503",NA,"上海"
"中国在转变中","萧扬","民主(上海)","1946","第18期","467-469","上海"
"记原子弹下的广岛9(二)","约翰·赫而塞 求思诀","民主(上海)","1946","第2卷 第3/4期","1356-1359","上海"
"什么叫做“过渡时期”","胡绳","民主(上海)","1946","第26期","652-655","上海"
"论争主权之类:附图","周建人","民主(上海)","1946","第20期","514-516","上海"
"漫谈上海职工(下):上海职工向着心与建国的目标继续迈进","永生","民主(上海)","1946","第27期","687-689","上海"
"祝苏联红军节","子起","民主(上海)","1946","第19期","494-496","上海"
"在迫害下(一)","董秋斯","民主(上海)","1946","第27期","685-687","上海"
"论中美“传统睦谊”","周建人","民主(上海)","1946","第42期","1056","上海"
"韬奋先生逝世两年纪念特辑:祭邹韬奋先生文:附照片","陶行知","民主(上海)","1946","第41期","1025-1026","上海"
"论官僚资本","鄭振铎","民主(上海)","1946","第19期","487-489","上海"
"迎马与送魏","景宋","民主(上海)","1946","第25期","627-628","上海"
"光绪壬午朝鲜内内实之一节(上)","沈燕谋","民主(上海)","1946","第15期","382-384","上海"
"马歇尔被窃","倫","民主(上海)","1946","第15期","364-365","上海"
"哈而滨小景(东北通讯)","张大雷","民主(上海)","1946","第15期","376","上海"
"假中杂写","克士","民主(上海)","1946","第16期","414-415","上海"
"人民的力量","景宋","民主(上海)","1946","第18期","470-472","上海"
"上海市保险时间同人致马歇而生书(来件)","民主(上海)","1946","第13期","331",NA,"上海"
"租借法案的再检讨，这是当前必须认清的头等问题，不要看轻它呵!","戴文葆","民主(上海)","1946","第15期","369-372","上海"
"漫谈袁世凯:张一麟谈袁世凯","陆诒","民主(上海)","1946","第34期","854-857","上海"
"一周时事述评","石啸冲","民主(上海)","1946","第33期","820-821","上海"
"战后的英国妇女","景宋","民主(上海)","1946","第24期","615-616","上海"
"开封通讯","羣锋","民主(上海)","1946","第18期","481","上海"
"民权到底有保障没有","鄭振铎","民主(上海)","1946","第18期","1页，462","上海"
"警察做事难","民主(上海)","1946","第18期","481",NA,"上海"
"悼:[诗歌]","任钧","民主(上海)","1946","第13期","316","上海"
"一周大事表(三十五月二十二日至二十八日)","民主(上海)","1946","第33期","835",NA,"上海"
"一周时事述评","石啸冲","民主(上海)","1946","第32期","792-793","上海"
"不要再打下去了!","鄭振铎","民主(上海)","1946","第32期","794","上海"
"古事新谈","西谛","民主(上海)","1946","第33期","827","上海"
"古事新谈","西谛","民主(上海)","1946","第32期","806-807","上海"
"上海人民圑体联合反对警管制宣言(来件)","民主(上海)","1946","第32期","810",NA,"上海"
"“国”与“民”的解剖","仁柳","民主(上海)","1946","第15期","366-368","上海"
"民主宪政与民主经济:附图","新武","民主(上海)","1946","第16期","406-409","上海"
"关于国民大会最后的饶舌","马叙倫","民主(上海)","1946","第16期","1页，390-393","上海"
"民主统一与两派看法","郭生","民主(上海)","1946","第13期","319-320","上海"
"赶快和平协商吧","鄭振铎","民主(上海)","1946","第33期","1页，814","上海"
"从美国政策看东北","湘漁","民主(上海)","1946","第33期","824-826","上海"
"永安公司职工呼声(来件)","民主(上海)","1946","第15期","387",NA,"上海"
"遭难前后(四)","景宋","民主(上海)","1946","第13期","326-329","上海"
"让人民站起来","景宋","民主(上海)","1946","第16期","401-402","上海"
"遭难前后(十)","景宋","民主(上海)","1946","第19期","495-496","上海"
"新中国的牌图和形势","陈尔夀","民主(上海)","1946","第19期","497-499","上海"
"遭难前后(六)","景宋","民主(上海)","1946","第15期","377-379","上海"
"新和平机构的初次考验","史枚","民主(上海)","1946","第16期","408-411","上海"
"再论执法与玩法","娄立齐","民主(上海)","1946","第25期","630-632","上海"
"中国人为发财而做官:财迷论","蔡尚思","民主(上海)","1946","第19期","488-489","上海"
"联总物资与苏北内战","求思","民主(上海)","1946","第42期","1052-1053","上海"
"记韬奋先生的葬仪","邑君","民主(上海)","1946","第41期","1031","上海"
"陶行知思想路线:附照片","陈家康","民主(上海)","1946","第42期","1057-1058","上海"
"光荣归于民主:谈解放区的政治与军事","民主(上海)","1946","第16期","397",NA,"上海"
"由衷之献","梅湜","民主(上海)","1946","第16期","398-399","上海"
"关于剩余物资的始末","于潮","民主(上海)","1946","第46期","1143-1145","上海"
"新闻自由的滥用","求思","民主(上海)","1946","第32期","800-801","上海"
"在迫害下(续完)","董秋斯","民主(上海)","1946","第30期","758-760","上海"
"关于中美合作所","求思","民主(上海)","1946","第26期","660","上海"
"无锡景","杨清河","民主(上海)","1946","第17期","454-455","上海"
"“五四时代”没有过去","叙功","民主(上海)","1946","第29期","729-730","上海"
"职工呼声(四):永安公司职工来信","民主(上海)","1946","第17期","456-457",NA,"上海"
"悼冼星海","桂濤声","民主(上海)","1946","第26期","658-660","上海"
"怎么知道的?","单行","民主(上海)","1946","第26期","659","上海"
"抗敌队伍裹的妇女们(上)","希苓","民主(上海)","1946","第23期","594-595","上海"
"徐州撤退前后","陆诒","民主(上海)","1946","第32期","807-809","上海"
"来信两则","民主(上海)","1946","第16期","428-429",NA,"上海"
"上海杂志联谊会:致政协第三方面代表备忘录，衡山、政之、沫若、君劢、伯钧、努生、王幼椿先生并转政协第三方面诸位代表先生公鉴","民主(上海)","1946","第2卷 第3/4期","1360-1361",NA,"上海"
"从英国名画说起","何家槐","民主(上海)","1946","第40期","1014-1015","上海"
"救济内幕","文琴","民主(上海)","1946","第40期","1009-1010","上海"
"联总物资华竟成了政治武器","求思","民主(上海)","1946","第40期","1007-1010","上海"
"关于驻军的见闻(吴江通讯)","戾野","民主(上海)","1946","第17期","453","上海"
"常熟的形形色色(通讯)","民盾","民主(上海)","1946","第16期","420-421","上海"
"西北纪实","东衣","民主(上海)","1946","第45期","1132-1134","上海"
"“拖”的结果是什么","鄭振铎","民主(上海)","1946","第39期","1页，970-971","上海"
"一周大事表(三十五年七月一日至十日)","民主(上海)","1946","第39期","991-992",NA,"上海"
"忆费巩教授","以中","民主(上海)","1946","第30期","755-756","上海"
"遭难前后(七)","景宋","民主(上海)","1946","第16期","427-429","上海"
"为吁请政策释放费巩教授并取消组织:敬告社会士书(来件)","民主(上海)","1946","第16期","432-433",NA,"上海"
"欧洲政治的转形斯","梁纯夫","民主(上海)","1946","第37期","931-932","上海"
"陪都各界庆祝政治协商议成功大会告全国胞书(来件)","民主(上海)","1946","第18期","482",NA,"上海"
"一周大事表(三十五年八月十四日至二十日)","民主(上海)","1946","第45期","1135",NA,"上海"
"每周时事述评:内战全面化的展开了","念青","民主(上海)","1946","第45期","1118-1120","上海"
"为学校收费及教师待遇等问题:告各界书(来件)","民主(上海)","1946","第16期","433-434",NA,"上海"
"美国人笔下的边区的劳动英雄(三)","求思","民主(上海)","1946","第35期","887-888","上海"
"人民好像仍然生活地侵略者的铁蹄下:附图","周建人","民主(上海)","1946","第23期","586-588","上海"
"孔学总批判(上)","蔡尚思","民主(上海)","1946","第21/22期","560-566","上海"
"从袁项城说起","克士","民主(上海)","1946","第19期","493-494","上海"
"汇率放长何用?","鄭森禹","民主(上海)","1946","第45期","1123","上海"
"协商末次大会通过各案全文(续完)","民主(上海)","1946","第19期","505-507",NA,"上海"
"向谁呼吁(杭州通讯)","俞平清","民主(上海)","1946","第13期","329","上海"
"论中国美苏关系与中国前途","鄭振铎","民主(上海)","1946","第21/22期","540-544","上海"
"道义的懦怯:战后我国外交的检讨","稽古","民主(上海)","1946","第21/22期","546-549","上海"
"上海市公用事业职工会联谊会，关于电力公司职工流血事件各界宣言(来件)","民主(上海)","1946","第19期","503-504",NA,"上海"
"上海杂志界联谊会，为抗议当局非法禁“消息周刊”向各界宣言","民主(上海)","1946","第36期","915",NA,"上海"
"抗议暴徒欧打我们的代表","周建人","民主(上海)","1946","第37期","921-922","上海"
"一周大事表(三十五年八月七日至十三日)","民主(上海)","1946","第44期","1112",NA,"上海"
"每周时事述评:是谁拒绝和平?","念青","民主(上海)","1946","第43期","1068-1069","上海"
"论文化杀戮","吴晗","民主(上海)","1946","第44期","1095","上海"
"黑色恐怖的昆明","李何林","民主(上海)","1946","第45期","1128-1131","上海"
"杜鲁门应负中国内战的责任","求思","民主(上海)","1946","第37期","925","上海"
"美国干涉与中国内争","哈里逊·福门 君羊","民主(上海)","1946","第36期","905-907","上海"
"关于“警员警管区制”","马叙倫","民主(上海)","1946","第31期","770-775","上海"
"“无名肿毒”的病根(每周时事述评)","念青","民主(上海)","1946","第38期","945-946","上海"
"美国兵在中国干什么?","求思","民主(上海)","1946","第29期","733-734","上海"
"实施民主宪政应由选举开始","新武","民主(上海)","1946","第14期","347-348","上海"
"论美国的独占资本","方治平","民主(上海)","1946","第49期","1223-1224","上海"
"郁逹夫的流亡和失踪:给全国文艺界协会报告书(中)","胡愈之","民主(上海)","1946","第49期","1225-1228","上海"
"评华士的外交政策演说","施復亮","民主(上海)","1946","第49期","1218-1220","上海"
"一周大事表(三十五年九月十一日至十七日)(补十日)","民主(上海)","1946","第49期","1231",NA,"上海"
"华莱士的政治立场","董秋斯","民主(上海)","1946","第49期","1228","上海"
"论学生运动","许傑","民主(上海)","1946","第24期","611-613","上海"
"一个浅近的道理","周建人","民主(上海)","1946","第35期","880-883","上海"
"言论自由与言论立场","子午","民主(上海)","1946","第27期","683-685","上海"
"谁有仲裁权?","景宋","民主(上海)","1946","第35期","872-873","上海"
"中国现势图:[图]","方皇绘","民主(上海)","1946","第36期","900","上海"
"转移时局的两个力量","吴耀宗","民主(上海)","1946","第35期","867-868","上海"
"关于目前时局看法","周建人","民主(上海)","1946","第35期","868","上海"
"关于目前时局的意见","寒松","民主(上海)","1946","第35期","869","上海"
"掌握起自己的命运:每周时事述评","念青","民主(上海)","1946","第36期","898-899","上海"
"上海人","景宋","民主(上海)","1945","第3期","82-83","上海"
"昆明“民主周刊社”来信","民主(上海)","1945","第10期","242",NA,"上海"
"从残废兵士说起","克士","民主(上海)","1945","第9期","203-204","上海"
"遭难前后","景宋","民主(上海)","1945","第10期","232-233","上海"
"嗜学风气大学义务讲座及平民图书馆","李玄伯","民主(上海)","1945","第11期","251-253","上海"
"民瘼:物价问题特辑","张凤举","民主(上海)","1945","第5期","116-118","上海"
"收复区的三个现象","柳蕴","民主(上海)","1945","第8期","195","上海"
"读“黄花”","景宋","民主(上海)","1945","第8期","191","上海"
"迎马歇尔特使","炎火","民主(上海)","1945","第11期","249-250","上海"
"立法执法与玩法","娄立齐","民主(上海)","1945","第9期","210-212","上海"
"漫谈一党尃政","克士","民主(上海)","1945","第12期","285-286","上海"
"待解乎?自解乎:[图]","蒲崗","民主(上海)","1945","第11期","266","上海"
"展开艺术运动","程及","民主(上海)","1945","第10期","230-231","上海"
"“一二一”惨案实录:附照片","民主(上海)","1945","第11期","257-259",NA,"上海"
"思想解放","马叙伦","民主(上海)","1945","创刊号","7-8","上海"
"诗三章:梦之余、心诉、秋空","梅湜","民主(上海)","1945","第9期","214","上海"
"联合国胜利万岁:[图]","刘鐵华","民主(上海)","1945","第3期","77","上海"
"论中国的澈底个人主义","周建人","民主(上海)","1945","第7期","160-161","上海"
"东南亚洲的动荡与世界和平:附图","鄭振铎","民主(上海)","1945","第4期","94-96","上海"
"太平洋战争大事记(三)","董秋斯","民主(上海)","1945","第12期","300-301","上海"
"物价平抑识小","李玄伯","民主(上海)","1945","第5期","121","上海"
"论实业救国","董秋斯","民主(上海)","1945","第4期","109-110","上海"
"赖伐尔的后悔:[图]","亚槐","民主(上海)","1945","第8期","177","上海"
"读史杂志","尊闻","民主(上海)","1945","第6期","145","上海"
"炮竹声前的顺民(无锡通讯)","直心","民主(上海)","1945","第11期","267","上海"
"侦察:[图]","刘鐵华","民主(上海)","1945","第3期","74","上海"
"人为的涨价与人为的抑价","鄭振铎","民主(上海)","1945","第5期","119-120","上海"
"也算呼吁","叶圣陶","民主(上海)","1945","第5期","117-118","上海"
"韬奋的流亡生活(三):附照片","杨明","民主(上海)","1945","第5期","130-131","上海"
"胜利的感想","耀羣","民主(上海)","1945","创刊号","17-19","上海"
"读教练官:注意目标是什么","李兆安","民主(上海)","1945","第9期","200","上海"
"俄罗斯性格","托尔斯泰 罗稷南","民主(上海)","1945","第10期","236-240","上海"
"中华与光华","翁文灝","民主(上海)","1945","第7期","156-157","上海"
"肃奸与民主运动","许傑","民主(上海)","1945","创刊号","4-5","上海"
"昆明学潮述评","尊聞","民主(上海)","1945","第10期","226","上海"
"为什么内战?","杨作雨","民主(上海)","1945","第8期","194-195","上海"
"教育前进之路","杨宗億","民主(上海)","1945","第11期","255-256","上海"
"双十颂","天顽","民主(上海)","1945","创刊号","9","上海"
"中国的实用主义害:附图","周建人","民主(上海)","1945","第4期","99-101","上海"
"美国报纸论中国内战问题","秋斯","民主(上海)","1945","第7期","162-163","上海"
"日本国民之再教育","鄭振铎","民主(上海)","1945","第3期","65-66","上海"
"国共会谈的收获","尊闻","民主(上海)","1945","第3期","67-69","上海"
"学生会也要“接收”","一学生","民主(上海)","1945","第12期","290-291","上海"
"人民的愿望","以君","民主(上海)","1945","第8期","182","上海"
"人民需要的是什么","史笃","民主(上海)","1945","第8期","183-184","上海"
"论历史行进的方向","克士","民主(上海)","1945","第8期","189-190","上海"
"陋巷所见","辛笛","民主(上海)","1945","第8期","187-188","上海"
"敏感，错觉和麻木","蓝光","民主(上海)","1945","第6期","144-145","上海"
"大事记","民主(上海)","1945","第4期","111",NA,"上海"
"全国同胞负责建国","振寰","民主(上海)","1945","创刊号","20","上海"
