Source,Target,Type,Id,Label,timeset,Weight,year,place
左拉(1945),《周报(上海1945)》,Directed,10598,,"<[1945.0, 1945.0]>",30,1945,上海
黄炎培(1945),《国讯》,Directed,10599,,"<[1945.0, 1945.0]>",25,1945,上海
新命(1945),《中央周刊》,Directed,10600,,"<[1945.0, 1945.0]>",23,1945,重庆
努生(1945),《民主周刊(昆明)》,Directed,10601,,"<[1945.0, 1945.0]>",21,1945,昆明
郑振铎(1945),《周报(上海1945)》,Directed,10602,,"<[1945.0, 1945.0]>",21,1945,上海
阿尔古斯(1945),《时代杂志》,Directed,10603,,"<[1945.0, 1945.0]>",20,1945,上海
昭抡(1945),《民主周刊(昆明)》,Directed,10604,,"<[1945.0, 1945.0]>",19,1945,昆明
俞颂华(1945),《国讯》,Directed,10605,,"<[1945.0, 1945.0]>",17,1945,上海
丰子恺(1945),《周报(上海1945)》,Directed,10606,,"<[1945.0, 1945.0]>",16,1945,上海
张文伯(1945),《中央周刊》,Directed,10607,,"<[1945.0, 1945.0]>",16,1945,重庆
陶行知(1945),《民主(重庆)》,Directed,10608,,"<[1945.0, 1945.0]>",14,1945,重庆
梁公任(1945),《国讯》,Directed,10609,,"<[1945.0, 1945.0]>",13,1945,上海
景宋(1945),《民主(上海)》,Directed,10610,,"<[1945.0, 1945.0]>",12,1945,上海
蒲岗(1945),《民主(上海)》,Directed,10611,,"<[1945.0, 1945.0]>",11,1945,上海
守巧夫(1945),《时代杂志》,Directed,10612,,"<[1945.0, 1945.0]>",9,1945,上海
尊闻(1945),《民主(上海)》,Directed,10613,,"<[1945.0, 1945.0]>",9,1945,上海
秦柳方(1945),《国讯》,Directed,10614,,"<[1945.0, 1945.0]>",9,1945,上海
米谷(1945),《时代杂志》,Directed,10615,,"<[1945.0, 1945.0]>",9,1945,上海
郑振铎(1945),《民主(上海)》,Directed,10616,,"<[1945.0, 1945.0]>",9,1945,上海
郭沫若(1945),《时代杂志》,Directed,10617,,"<[1945.0, 1945.0]>",9,1945,上海
钱穆(1945),《中央周刊》,Directed,10618,,"<[1945.0, 1945.0]>",9,1945,重庆
史大林(1945),《时代杂志》,Directed,10619,,"<[1945.0, 1945.0]>",8,1945,上海
周建人(1945),《民主(上海)》,Directed,10620,,"<[1945.0, 1945.0]>",8,1945,上海
平心(1945),《周报(上海1945)》,Directed,10621,,"<[1945.0, 1945.0]>",8,1945,上海
施维卓夫(1945),《时代杂志》,Directed,10622,,"<[1945.0, 1945.0]>",8,1945,上海
王新命(1945),《中央周刊》,Directed,10623,,"<[1945.0, 1945.0]>",8,1945,重庆
董秋斯(1945),《民主(上海)》,Directed,10624,,"<[1945.0, 1945.0]>",8,1945,上海
右民(1945),《中央周刊》,Directed,10625,,"<[1945.0, 1945.0]>",7,1945,重庆
建人(1945),《中央周刊》,Directed,10626,,"<[1945.0, 1945.0]>",7,1945,重庆
引流(1945),《国讯》,Directed,10627,,"<[1945.0, 1945.0]>",7,1945,上海
石啸冲(1945),《再生》,Directed,10628,,"<[1945.0, 1945.0]>",7,1945,重庆
伊戈斯(1945),《时代杂志》,Directed,10629,,"<[1945.0, 1945.0]>",6,1945,上海
孟南(1945),《民主周刊(昆明)》,Directed,10630,,"<[1945.0, 1945.0]>",6,1945,昆明
杨明(1945),《民主(上海)》,Directed,10631,,"<[1945.0, 1945.0]>",6,1945,上海
罗隆基(1945),《民主周刊(昆明)》,Directed,10632,,"<[1945.0, 1945.0]>",6,1945,昆明
胡春冰(1945),《中央周刊》,Directed,10633,,"<[1945.0, 1945.0]>",6,1945,重庆
蒋炳贤(1945),《中央周刊》,Directed,10634,,"<[1945.0, 1945.0]>",6,1945,重庆
费孝通(1945),《民主周刊(昆明)》,Directed,10635,,"<[1945.0, 1945.0]>",6,1945,昆明
邓初民(1945),《文萃》,Directed,10636,,"<[1945.0, 1945.0]>",6,1945,上海
钱纳水(1945),《中央周刊》,Directed,10637,,"<[1945.0, 1945.0]>",6,1945,重庆
马叙伦(1945),《周报(上海1945)》,Directed,10638,,"<[1945.0, 1945.0]>",6,1945,上海
马叙伦(1945),《民主(上海)》,Directed,10639,,"<[1945.0, 1945.0]>",6,1945,上海
Pen(1945),《时代杂志》,Directed,10640,,"<[1945.0, 1945.0]>",5,1945,上海
加里宁(1945),《时代杂志》,Directed,10641,,"<[1945.0, 1945.0]>",5,1945,上海
叶青(1945),《中央周刊》,Directed,10642,,"<[1945.0, 1945.0]>",5,1945,重庆
吴晗(1945),《民主周刊(昆明)》,Directed,10643,,"<[1945.0, 1945.0]>",5,1945,昆明
周建人(1945),《周报(上海1945)》,Directed,10644,,"<[1945.0, 1945.0]>",5,1945,上海
小鱼(1945),《国讯》,Directed,10645,,"<[1945.0, 1945.0]>",5,1945,上海
思慕(1945),《民主周刊(昆明)》,Directed,10646,,"<[1945.0, 1945.0]>",5,1945,昆明
景宋(1945),《周报(上海1945)》,Directed,10647,,"<[1945.0, 1945.0]>",5,1945,上海
曹聚仁(1945),《周报(上海1945)》,Directed,10648,,"<[1945.0, 1945.0]>",5,1945,上海
杨卫玉(1945),《国讯》,Directed,10649,,"<[1945.0, 1945.0]>",5,1945,上海
柳宗元(1945),《周报(上海1945)》,Directed,10650,,"<[1945.0, 1945.0]>",5,1945,上海
珂田(1945),《周报(上海1945)》,Directed,10651,,"<[1945.0, 1945.0]>",5,1945,上海
翦伯赞(1945),《中华论坛》,Directed,10652,,"<[1945.0, 1945.0]>",5,1945,重庆
胡曲园(1945),《周报(上海1945)》,Directed,10653,,"<[1945.0, 1945.0]>",5,1945,上海
蒋君章(1945),《中央周刊》,Directed,10654,,"<[1945.0, 1945.0]>",5,1945,重庆
许师愼(1945),《中央周刊》,Directed,10655,,"<[1945.0, 1945.0]>",5,1945,重庆
郑学稼(1945),《中央周刊》,Directed,10656,,"<[1945.0, 1945.0]>",5,1945,重庆
郭寿生(1945),《中央周刊》,Directed,10657,,"<[1945.0, 1945.0]>",5,1945,重庆
陶伯(1945),《文萃》,Directed,10658,,"<[1945.0, 1945.0]>",5,1945,上海
黄义本(1945),《中央周刊》,Directed,10659,,"<[1945.0, 1945.0]>",5,1945,重庆
齐纬(1945),《国讯》,Directed,10660,,"<[1945.0, 1945.0]>",5,1945,上海
龚德柏(1945),《中央周刊》,Directed,10661,,"<[1945.0, 1945.0]>",5,1945,重庆
严延(1945),《中华论坛》,Directed,10662,,"<[1945.0, 1945.0]>",4,1945,重庆
伯侨(1945),《中央周刊》,Directed,10663,,"<[1945.0, 1945.0]>",4,1945,重庆
光未然(1945),《民主周刊(昆明)》,Directed,10664,,"<[1945.0, 1945.0]>",4,1945,昆明
克士(1945),《民主(上海)》,Directed,10665,,"<[1945.0, 1945.0]>",4,1945,上海
君山(1945),《民主周刊(昆明)》,Directed,10666,,"<[1945.0, 1945.0]>",4,1945,昆明
张一凡(1945),《民主(上海)》,Directed,10667,,"<[1945.0, 1945.0]>",4,1945,上海
张礼千(1945),《国讯》,Directed,10668,,"<[1945.0, 1945.0]>",4,1945,上海
戈尔巴朵夫(1945),《时代杂志》,Directed,10669,,"<[1945.0, 1945.0]>",4,1945,上海
曾资生(1945),《中央周刊》,Directed,10670,,"<[1945.0, 1945.0]>",4,1945,重庆
李翼民(1945),《中央周刊》,Directed,10671,,"<[1945.0, 1945.0]>",4,1945,重庆
澹庐(1945),《国讯》,Directed,10672,,"<[1945.0, 1945.0]>",4,1945,上海
王立果(1945),《民主周刊(昆明)》,Directed,10673,,"<[1945.0, 1945.0]>",4,1945,昆明
百辞(1945),《民主(重庆)》,Directed,10674,,"<[1945.0, 1945.0]>",4,1945,重庆
章伯钧(1945),《中华论坛》,Directed,10675,,"<[1945.0, 1945.0]>",4,1945,重庆
端木蕻良(1945),《文萃》,Directed,10676,,"<[1945.0, 1945.0]>",4,1945,上海
米哈伊洛夫(1945),《时代杂志》,Directed,10677,,"<[1945.0, 1945.0]>",4,1945,上海
索非(1945),《周报(上海1945)》,Directed,10678,,"<[1945.0, 1945.0]>",4,1945,上海
罗稷南(1945),《民主(上海)》,Directed,10679,,"<[1945.0, 1945.0]>",4,1945,上海
罗西(1945),《民主周刊(昆明)》,Directed,10680,,"<[1945.0, 1945.0]>",4,1945,昆明
翁逸之(1945),《周报(上海1945)》,Directed,10681,,"<[1945.0, 1945.0]>",4,1945,上海
胡钊(1945),《民主周刊(昆明)》,Directed,10682,,"<[1945.0, 1945.0]>",4,1945,昆明
茅盾(1945),《文萃》,Directed,10683,,"<[1945.0, 1945.0]>",4,1945,上海
茅盾(1945),《民主(重庆)》,Directed,10684,,"<[1945.0, 1945.0]>",4,1945,重庆
萧萧(1945),《文萃》,Directed,10685,,"<[1945.0, 1945.0]>",4,1945,上海
许若明(1945),《周报(上海1945)》,Directed,10686,,"<[1945.0, 1945.0]>",4,1945,上海
邵翰齐(1945),《周报(上海1945)》,Directed,10687,,"<[1945.0, 1945.0]>",4,1945,上海
陈正飞(1945),《中华论坛》,Directed,10688,,"<[1945.0, 1945.0]>",4,1945,重庆
陶大镛(1945),《国讯》,Directed,10689,,"<[1945.0, 1945.0]>",4,1945,上海
高尔基(1945),《时代杂志》,Directed,10690,,"<[1945.0, 1945.0]>",4,1945,上海
丁聪(1945),《周报(上海1945)》,Directed,10691,,"<[1945.0, 1945.0]>",3,1945,上海
丘斌存(1945),《中央周刊》,Directed,10692,,"<[1945.0, 1945.0]>",3,1945,重庆
严景耀(1945),《民主(上海)》,Directed,10693,,"<[1945.0, 1945.0]>",3,1945,上海
乔木(1945),《文萃》,Directed,10694,,"<[1945.0, 1945.0]>",3,1945,上海
于友(1945),《文萃》,Directed,10695,,"<[1945.0, 1945.0]>",3,1945,上海
勃拉尼克(1945),《时代杂志》,Directed,10696,,"<[1945.0, 1945.0]>",3,1945,上海
叶靑(1945),《中央周刊》,Directed,10697,,"<[1945.0, 1945.0]>",3,1945,重庆
周新民(1945),《民主周刊(昆明)》,Directed,10698,,"<[1945.0, 1945.0]>",3,1945,昆明
唐言(1945),《中华论坛》,Directed,10699,,"<[1945.0, 1945.0]>",3,1945,重庆
子冈(1945),《民主周刊(昆明)》,Directed,10700,,"<[1945.0, 1945.0]>",3,1945,昆明
守仁(1945),《中央周刊》,Directed,10701,,"<[1945.0, 1945.0]>",3,1945,重庆
巴斯金(1945),《时代杂志》,Directed,10702,,"<[1945.0, 1945.0]>",3,1945,上海
师陀(1945),《周报(上海1945)》,Directed,10703,,"<[1945.0, 1945.0]>",3,1945,上海
库尔干诺夫(1945),《时代杂志》,Directed,10704,,"<[1945.0, 1945.0]>",3,1945,上海
张大任(1945),《周报(上海1945)》,Directed,10705,,"<[1945.0, 1945.0]>",3,1945,上海
愚公(1945),《民主(重庆)》,Directed,10706,,"<[1945.0, 1945.0]>",3,1945,重庆
戚礼朴(1945),《时代杂志》,Directed,10707,,"<[1945.0, 1945.0]>",3,1945,上海
晓歌(1945),《周报(上海1945)》,Directed,10708,,"<[1945.0, 1945.0]>",3,1945,上海
曾昭抡(1945),《民主周刊(昆明)》,Directed,10709,,"<[1945.0, 1945.0]>",3,1945,昆明
李兆安(1945),《民主(上海)》,Directed,10710,,"<[1945.0, 1945.0]>",3,1945,上海
杨槐(1945),《中央周刊》,Directed,10711,,"<[1945.0, 1945.0]>",3,1945,重庆
查斯拉夫斯基(1945),《时代杂志》,Directed,10712,,"<[1945.0, 1945.0]>",3,1945,上海
柯马洛夫(1945),《时代杂志》,Directed,10713,,"<[1945.0, 1945.0]>",3,1945,上海
柳亚子(1945),《周报(上海1945)》,Directed,10714,,"<[1945.0, 1945.0]>",3,1945,上海
柳亚子(1945),《民主(重庆)》,Directed,10715,,"<[1945.0, 1945.0]>",3,1945,重庆
楚图南(1945),《民主周刊(昆明)》,Directed,10716,,"<[1945.0, 1945.0]>",3,1945,昆明
毅生(1945),《再生》,Directed,10717,,"<[1945.0, 1945.0]>",3,1945,重庆
求思(1945),《民主(上海)》,Directed,10718,,"<[1945.0, 1945.0]>",3,1945,上海
沈志远(1945),《民主周刊(昆明)》,Directed,10719,,"<[1945.0, 1945.0]>",3,1945,昆明
洪深(1945),《文萃》,Directed,10720,,"<[1945.0, 1945.0]>",3,1945,上海
源天(1945),《文萃》,Directed,10721,,"<[1945.0, 1945.0]>",3,1945,上海
潮声(1945),《国讯》,Directed,10722,,"<[1945.0, 1945.0]>",3,1945,上海
爱伦堡(1945),《时代杂志》,Directed,10723,,"<[1945.0, 1945.0]>",3,1945,上海
王少燕(1945),《民主(重庆)》,Directed,10724,,"<[1945.0, 1945.0]>",3,1945,重庆
祝世康(1945),《中华论坛》,Directed,10725,,"<[1945.0, 1945.0]>",3,1945,重庆
秋斯(1945),《民主(上海)》,Directed,10726,,"<[1945.0, 1945.0]>",3,1945,上海
粟显运(1945),《中央周刊》,Directed,10727,,"<[1945.0, 1945.0]>",3,1945,重庆
绀弩(1945),《文萃》,Directed,10728,,"<[1945.0, 1945.0]>",3,1945,上海
罗加正(1945),《再生》,Directed,10729,,"<[1945.0, 1945.0]>",3,1945,重庆
罗曼(1945),《时代杂志》,Directed,10730,,"<[1945.0, 1945.0]>",3,1945,上海
罗涵先(1945),《民主(重庆)》,Directed,10731,,"<[1945.0, 1945.0]>",3,1945,重庆
肥遯(1945),《民主(重庆)》,Directed,10732,,"<[1945.0, 1945.0]>",3,1945,重庆
胡毅(1945),《民主周刊(昆明)》,Directed,10733,,"<[1945.0, 1945.0]>",3,1945,昆明
若愚(1945),《民主(重庆)》,Directed,10734,,"<[1945.0, 1945.0]>",3,1945,重庆
范华农(1945),《民主(重庆)》,Directed,10735,,"<[1945.0, 1945.0]>",3,1945,重庆
荒烟(1945),《文萃》,Directed,10736,,"<[1945.0, 1945.0]>",3,1945,上海
莫斯(1945),《时代杂志》,Directed,10737,,"<[1945.0, 1945.0]>",3,1945,上海
葛洛斯曼(1945),《时代杂志》,Directed,10738,,"<[1945.0, 1945.0]>",3,1945,上海
西蒙诺夫(1945),《时代杂志》,Directed,10739,,"<[1945.0, 1945.0]>",3,1945,上海
迈之(1945),《民主周刊(昆明)》,Directed,10740,,"<[1945.0, 1945.0]>",3,1945,昆明
邓初民(1945),《民主(重庆)》,Directed,10741,,"<[1945.0, 1945.0]>",3,1945,重庆
邓初民(1945),《民主周刊(昆明)》,Directed,10742,,"<[1945.0, 1945.0]>",3,1945,昆明
郭沫若(1945),《文萃》,Directed,10743,,"<[1945.0, 1945.0]>",3,1945,上海
郭绍虞(1945),《民主(上海)》,Directed,10744,,"<[1945.0, 1945.0]>",3,1945,上海
问梁(1945),《国讯》,Directed,10745,,"<[1945.0, 1945.0]>",3,1945,上海
陶行知(1945),《周报(上海1945)》,Directed,10746,,"<[1945.0, 1945.0]>",3,1945,上海
陶行知(1945),《文萃》,Directed,10747,,"<[1945.0, 1945.0]>",3,1945,上海
静远(1945),《周报(上海1945)》,Directed,10748,,"<[1945.0, 1945.0]>",3,1945,上海
顾均正(1945),《周报(上海1945)》,Directed,10749,,"<[1945.0, 1945.0]>",3,1945,上海
马丁(1945),《周报(上海1945)》,Directed,10750,,"<[1945.0, 1945.0]>",3,1945,上海
高克奇(1945),《民主(重庆)》,Directed,10751,,"<[1945.0, 1945.0]>",3,1945,重庆
黄巨兴(1945),《民主周刊(昆明)》,Directed,10752,,"<[1945.0, 1945.0]>",3,1945,昆明
黄洛(1945),《中央周刊》,Directed,10753,,"<[1945.0, 1945.0]>",3,1945,重庆
黄茅(1945),《文萃》,Directed,10754,,"<[1945.0, 1945.0]>",3,1945,上海
黄裳(1945),《周报(上海1945)》,Directed,10755,,"<[1945.0, 1945.0]>",3,1945,上海
一民(1945),《周报(上海1945)》,Directed,10756,,"<[1945.0, 1945.0]>",2,1945,上海
上官青(1945),《中央周刊》,Directed,10757,,"<[1945.0, 1945.0]>",2,1945,重庆
严景曜(1945),《民主(上海)》,Directed,10758,,"<[1945.0, 1945.0]>",2,1945,上海
于彦胜(1945),《中央周刊》,Directed,10759,,"<[1945.0, 1945.0]>",2,1945,重庆
亚槐(1945),《民主(上海)》,Directed,10760,,"<[1945.0, 1945.0]>",2,1945,上海
伊巴鲁里(1945),《时代杂志》,Directed,10761,,"<[1945.0, 1945.0]>",2,1945,上海
元璧(1945),《中央周刊》,Directed,10762,,"<[1945.0, 1945.0]>",2,1945,重庆
光年(1945),《民主周刊(昆明)》,Directed,10763,,"<[1945.0, 1945.0]>",2,1945,昆明
克年席夫(1945),《中央周刊》,Directed,10764,,"<[1945.0, 1945.0]>",2,1945,重庆
其良(1945),《民主周刊(昆明)》,Directed,10765,,"<[1945.0, 1945.0]>",2,1945,昆明
农慕之(1945),《民主周刊(昆明)》,Directed,10766,,"<[1945.0, 1945.0]>",2,1945,昆明
冬予里(1945),《民主周刊(昆明)》,Directed,10767,,"<[1945.0, 1945.0]>",2,1945,昆明
冯玉祥(1945),《周报(上海1945)》,Directed,10768,,"<[1945.0, 1945.0]>",2,1945,上海
凤子(1945),《周报(上海1945)》,Directed,10769,,"<[1945.0, 1945.0]>",2,1945,上海
刘逸(1945),《再生》,Directed,10770,,"<[1945.0, 1945.0]>",2,1945,重庆
刘铁华(1945),《周报(上海1945)》,Directed,10771,,"<[1945.0, 1945.0]>",2,1945,上海
刘铁华(1945),《民主(上海)》,Directed,10772,,"<[1945.0, 1945.0]>",2,1945,上海
力扬(1945),《周报(上海1945)》,Directed,10773,,"<[1945.0, 1945.0]>",2,1945,上海
千里(1945),《国讯》,Directed,10774,,"<[1945.0, 1945.0]>",2,1945,上海
华心(1945),《民主周刊(昆明)》,Directed,10775,,"<[1945.0, 1945.0]>",2,1945,昆明
华阳(1945),《民主周刊(昆明)》,Directed,10776,,"<[1945.0, 1945.0]>",2,1945,昆明
卢蕻(1945),《民主周刊(昆明)》,Directed,10777,,"<[1945.0, 1945.0]>",2,1945,昆明
史米尔诺夫(1945),《时代杂志》,Directed,10778,,"<[1945.0, 1945.0]>",2,1945,上海
史迁宾(1945),《时代杂志》,Directed,10779,,"<[1945.0, 1945.0]>",2,1945,上海
叶圣陶(1945),《周报(上海1945)》,Directed,10780,,"<[1945.0, 1945.0]>",2,1945,上海
吴斐丹(1945),《国讯》,Directed,10781,,"<[1945.0, 1945.0]>",2,1945,上海
吴清友(1945),《国讯》,Directed,10782,,"<[1945.0, 1945.0]>",2,1945,上海
吴约翰(1945),《中央周刊》,Directed,10783,,"<[1945.0, 1945.0]>",2,1945,重庆
吴铁城(1945),《中央周刊》,Directed,10784,,"<[1945.0, 1945.0]>",2,1945,重庆
周予同(1945),《周报(上海1945)》,Directed,10785,,"<[1945.0, 1945.0]>",2,1945,上海
周伯棣(1945),《国讯》,Directed,10786,,"<[1945.0, 1945.0]>",2,1945,上海
周敦礼(1945),《中央周刊》,Directed,10787,,"<[1945.0, 1945.0]>",2,1945,重庆
周谷城(1945),《中华论坛》,Directed,10788,,"<[1945.0, 1945.0]>",2,1945,重庆
嘉喜善(1945),《时代杂志》,Directed,10789,,"<[1945.0, 1945.0]>",2,1945,上海
夏衍(1945),《周报(上海1945)》,Directed,10790,,"<[1945.0, 1945.0]>",2,1945,上海
外卢(1945),《中华论坛》,Directed,10791,,"<[1945.0, 1945.0]>",2,1945,重庆
夷初(1945),《周报(上海1945)》,Directed,10792,,"<[1945.0, 1945.0]>",2,1945,上海
奥勃拉齐卓夫(1945),《时代杂志》,Directed,10793,,"<[1945.0, 1945.0]>",2,1945,上海
奴齐(1945),《民主(上海)》,Directed,10794,,"<[1945.0, 1945.0]>",2,1945,上海
娄立齐(1945),《民主(上海)》,Directed,10795,,"<[1945.0, 1945.0]>",2,1945,上海
子叶(1945),《时代杂志》,Directed,10796,,"<[1945.0, 1945.0]>",2,1945,上海
子敬(1945),《再生》,Directed,10797,,"<[1945.0, 1945.0]>",2,1945,重庆
孙科(1945),《中央周刊》,Directed,10798,,"<[1945.0, 1945.0]>",2,1945,重庆
孙科(1945),《时代杂志》,Directed,10799,,"<[1945.0, 1945.0]>",2,1945,上海
孟南(1945),《文萃》,Directed,10800,,"<[1945.0, 1945.0]>",2,1945,上海
孟心坚(1945),《民主周刊(昆明)》,Directed,10801,,"<[1945.0, 1945.0]>",2,1945,昆明
宁墨公(1945),《中央周刊》,Directed,10802,,"<[1945.0, 1945.0]>",2,1945,重庆
宋孟桃(1945),《中央周刊》,Directed,10803,,"<[1945.0, 1945.0]>",2,1945,重庆
宾符(1945),《民主(上海)》,Directed,10804,,"<[1945.0, 1945.0]>",2,1945,上海
尚丁(1945),《国讯》,Directed,10805,,"<[1945.0, 1945.0]>",2,1945,上海
居正(1945),《中央周刊》,Directed,10806,,"<[1945.0, 1945.0]>",2,1945,重庆
屠西(1945),《民主(重庆)》,Directed,10807,,"<[1945.0, 1945.0]>",2,1945,重庆
巴金(1945),《周报(上海1945)》,Directed,10808,,"<[1945.0, 1945.0]>",2,1945,上海
张一凡(1945),《周报(上海1945)》,Directed,10809,,"<[1945.0, 1945.0]>",2,1945,上海
张勉(1945),《中央周刊》,Directed,10810,,"<[1945.0, 1945.0]>",2,1945,重庆
张子毅(1945),《民主周刊(昆明)》,Directed,10811,,"<[1945.0, 1945.0]>",2,1945,昆明
张澜(1945),《周报(上海1945)》,Directed,10812,,"<[1945.0, 1945.0]>",2,1945,上海
张申府(1945),《文萃》,Directed,10813,,"<[1945.0, 1945.0]>",2,1945,上海
张申府(1945),《民主(重庆)》,Directed,10814,,"<[1945.0, 1945.0]>",2,1945,重庆
张若达(1945),《周报(上海1945)》,Directed,10815,,"<[1945.0, 1945.0]>",2,1945,上海
徐植(1945),《民主周刊(昆明)》,Directed,10816,,"<[1945.0, 1945.0]>",2,1945,昆明
拾风(1945),《周报(上海1945)》,Directed,10817,,"<[1945.0, 1945.0]>",2,1945,上海
施坦因(1945),《时代杂志》,Directed,10818,,"<[1945.0, 1945.0]>",2,1945,上海
曹刚(1945),《民主周刊(昆明)》,Directed,10819,,"<[1945.0, 1945.0]>",2,1945,昆明
曹萝阳(1945),《民主周刊(昆明)》,Directed,10820,,"<[1945.0, 1945.0]>",2,1945,昆明
李公樸(1945),《文萃》,Directed,10821,,"<[1945.0, 1945.0]>",2,1945,上海
李公樸(1945),《民主(重庆)》,Directed,10822,,"<[1945.0, 1945.0]>",2,1945,重庆
李凌飞(1945),《国讯》,Directed,10823,,"<[1945.0, 1945.0]>",2,1945,上海
李及(1945),《民主(重庆)》,Directed,10824,,"<[1945.0, 1945.0]>",2,1945,重庆
李战林(1945),《再生》,Directed,10825,,"<[1945.0, 1945.0]>",2,1945,重庆
李玄伯(1945),《民主(上海)》,Directed,10826,,"<[1945.0, 1945.0]>",2,1945,上海
李鼎芳(1945),《中央周刊》,Directed,10827,,"<[1945.0, 1945.0]>",2,1945,重庆
杨保民(1945),《中央周刊》,Directed,10828,,"<[1945.0, 1945.0]>",2,1945,重庆
杨先义(1945),《中央周刊》,Directed,10829,,"<[1945.0, 1945.0]>",2,1945,重庆
杨刚(1945),《周报(上海1945)》,Directed,10830,,"<[1945.0, 1945.0]>",2,1945,上海
林植(1945),《中央周刊》,Directed,10831,,"<[1945.0, 1945.0]>",2,1945,重庆
柏寒(1945),《民主周刊(昆明)》,Directed,10832,,"<[1945.0, 1945.0]>",2,1945,昆明
柳诒(1945),《再生》,Directed,10833,,"<[1945.0, 1945.0]>",2,1945,重庆
梁漱溟(1945),《民主(重庆)》,Directed,10834,,"<[1945.0, 1945.0]>",2,1945,重庆
毕尔伏玛依斯基(1945),《时代杂志》,Directed,10835,,"<[1945.0, 1945.0]>",2,1945,上海
沈志远(1945),《民主(重庆)》,Directed,10836,,"<[1945.0, 1945.0]>",2,1945,重庆
沈涛(1945),《周报(上海1945)》,Directed,10837,,"<[1945.0, 1945.0]>",2,1945,上海
沙柯(1945),《文萃》,Directed,10838,,"<[1945.0, 1945.0]>",2,1945,上海
沙清泉(1945),《文萃》,Directed,10839,,"<[1945.0, 1945.0]>",2,1945,上海
波克希雪夫斯基(1945),《时代杂志》,Directed,10840,,"<[1945.0, 1945.0]>",2,1945,上海
波列伏伊(1945),《时代杂志》,Directed,10841,,"<[1945.0, 1945.0]>",2,1945,上海
洛扬(1945),《民主周刊(昆明)》,Directed,10842,,"<[1945.0, 1945.0]>",2,1945,昆明
熊佛西(1945),《文萃》,Directed,10843,,"<[1945.0, 1945.0]>",2,1945,上海
燕士(1945),《民主(重庆)》,Directed,10844,,"<[1945.0, 1945.0]>",2,1945,重庆
王以中(1945),《民主(上海)》,Directed,10845,,"<[1945.0, 1945.0]>",2,1945,上海
王伯祥(1945),《周报(上海1945)》,Directed,10846,,"<[1945.0, 1945.0]>",2,1945,上海
王沿津(1945),《国讯》,Directed,10847,,"<[1945.0, 1945.0]>",2,1945,上海
王良嘉(1945),《中央周刊》,Directed,10848,,"<[1945.0, 1945.0]>",2,1945,重庆
王铁华(1945),《周报(上海1945)》,Directed,10849,,"<[1945.0, 1945.0]>",2,1945,上海
田汉(1945),《文萃》,Directed,10850,,"<[1945.0, 1945.0]>",2,1945,上海
秦牧(1945),《文萃》,Directed,10851,,"<[1945.0, 1945.0]>",2,1945,上海
章伯钧(1945),《文萃》,Directed,10852,,"<[1945.0, 1945.0]>",2,1945,上海
章伯钧(1945),《民主(重庆)》,Directed,10853,,"<[1945.0, 1945.0]>",2,1945,重庆
端木泉(1945),《民主(上海)》,Directed,10854,,"<[1945.0, 1945.0]>",2,1945,上海
米尔尼柯夫(1945),《时代杂志》,Directed,10855,,"<[1945.0, 1945.0]>",2,1945,上海
维希聂夫斯基(1945),《时代杂志》,Directed,10856,,"<[1945.0, 1945.0]>",2,1945,上海
胡剑(1945),《民主周刊(昆明)》,Directed,10857,,"<[1945.0, 1945.0]>",2,1945,昆明
胡秋原(1945),《中央周刊》,Directed,10858,,"<[1945.0, 1945.0]>",2,1945,重庆
臧克家(1945),《文萃》,Directed,10859,,"<[1945.0, 1945.0]>",2,1945,上海
艾秋飙(1945),《民主周刊(昆明)》,Directed,10860,,"<[1945.0, 1945.0]>",2,1945,昆明
苏尔(1945),《时代杂志》,Directed,10861,,"<[1945.0, 1945.0]>",2,1945,上海
苏尔齐伯格(1945),《再生》,Directed,10862,,"<[1945.0, 1945.0]>",2,1945,重庆
范蕙(1945),《周报(上海1945)》,Directed,10863,,"<[1945.0, 1945.0]>",2,1945,上海
萧明(1945),《民主(重庆)》,Directed,10864,,"<[1945.0, 1945.0]>",2,1945,重庆
葛罗宾(1945),《时代杂志》,Directed,10865,,"<[1945.0, 1945.0]>",2,1945,上海
葭水(1945),《周报(上海1945)》,Directed,10866,,"<[1945.0, 1945.0]>",2,1945,上海
袁水拍(1945),《文萃》,Directed,10867,,"<[1945.0, 1945.0]>",2,1945,上海
袁西华(1945),《民主周刊(昆明)》,Directed,10868,,"<[1945.0, 1945.0]>",2,1945,昆明
裘维瑛(1945),《中央周刊》,Directed,10869,,"<[1945.0, 1945.0]>",2,1945,重庆
许傑(1945),《民主(上海)》,Directed,10870,,"<[1945.0, 1945.0]>",2,1945,上海
许杰(1945),《周报(上海1945)》,Directed,10871,,"<[1945.0, 1945.0]>",2,1945,上海
费稳(1945),《再生》,Directed,10872,,"<[1945.0, 1945.0]>",2,1945,重庆
贺依(1945),《民主(上海)》,Directed,10873,,"<[1945.0, 1945.0]>",2,1945,上海
赵兰坪(1945),《中央周刊》,Directed,10874,,"<[1945.0, 1945.0]>",2,1945,重庆
赵得之(1945),《中央周刊》,Directed,10875,,"<[1945.0, 1945.0]>",2,1945,重庆
赵铭(1945),《中央周刊》,Directed,10876,,"<[1945.0, 1945.0]>",2,1945,重庆
达伊金(1945),《时代杂志》,Directed,10877,,"<[1945.0, 1945.0]>",2,1945,上海
邓初民(1945),《中华论坛》,Directed,10878,,"<[1945.0, 1945.0]>",2,1945,重庆
邓初民(1945),《再生》,Directed,10879,,"<[1945.0, 1945.0]>",2,1945,重庆
邵力子(1945),《时代杂志》,Directed,10880,,"<[1945.0, 1945.0]>",2,1945,上海
郑森禹(1945),《民主(上海)》,Directed,10881,,"<[1945.0, 1945.0]>",2,1945,上海
郭沫若(1945),《中华论坛》,Directed,10882,,"<[1945.0, 1945.0]>",2,1945,重庆
郭沫若(1945),《周报(上海1945)》,Directed,10883,,"<[1945.0, 1945.0]>",2,1945,上海
郭生(1945),《时代杂志》,Directed,10884,,"<[1945.0, 1945.0]>",2,1945,上海
金枫(1945),《周报(上海1945)》,Directed,10885,,"<[1945.0, 1945.0]>",2,1945,上海
钱端升(1945),《文萃》,Directed,10886,,"<[1945.0, 1945.0]>",2,1945,上海
铁霍诺夫(1945),《时代杂志》,Directed,10887,,"<[1945.0, 1945.0]>",2,1945,上海
镜民(1945),《国讯》,Directed,10888,,"<[1945.0, 1945.0]>",2,1945,上海
阿特拉斯(1945),《时代杂志》,Directed,10889,,"<[1945.0, 1945.0]>",2,1945,上海
陆复初(1945),《中央周刊》,Directed,10890,,"<[1945.0, 1945.0]>",2,1945,重庆
陆钦墀(1945),《民主周刊(昆明)》,Directed,10891,,"<[1945.0, 1945.0]>",2,1945,昆明
陈康成(1945),《民主周刊(昆明)》,Directed,10892,,"<[1945.0, 1945.0]>",2,1945,昆明
陈志中(1945),《民主(重庆)》,Directed,10893,,"<[1945.0, 1945.0]>",2,1945,重庆
陈曦(1945),《国讯》,Directed,10894,,"<[1945.0, 1945.0]>",2,1945,上海
陈锺浩(1945),《中央周刊》,Directed,10895,,"<[1945.0, 1945.0]>",2,1945,重庆
陈鼎龢(1945),《再生》,Directed,10896,,"<[1945.0, 1945.0]>",2,1945,重庆
项黎(1945),《民主(重庆)》,Directed,10897,,"<[1945.0, 1945.0]>",2,1945,重庆
马哲民(1945),《民主(重庆)》,Directed,10898,,"<[1945.0, 1945.0]>",2,1945,重庆
马超俊(1945),《中央周刊》,Directed,10899,,"<[1945.0, 1945.0]>",2,1945,重庆
骆闻(1945),《民主(重庆)》,Directed,10900,,"<[1945.0, 1945.0]>",2,1945,重庆
高尔金(1945),《时代杂志》,Directed,10901,,"<[1945.0, 1945.0]>",2,1945,上海
高扬(1945),《民主周刊(昆明)》,Directed,10902,,"<[1945.0, 1945.0]>",2,1945,昆明
魏矢(1945),《再生》,Directed,10903,,"<[1945.0, 1945.0]>",2,1945,重庆
鲁小詹(1945),《民主周刊(昆明)》,Directed,10904,,"<[1945.0, 1945.0]>",2,1945,昆明
鲍乐蒂(1945),《周报(上海1945)》,Directed,10905,,"<[1945.0, 1945.0]>",2,1945,上海
黄炎培(1945),《再生》,Directed,10906,,"<[1945.0, 1945.0]>",2,1945,重庆
黄炎培(1945),《周报(上海1945)》,Directed,10907,,"<[1945.0, 1945.0]>",2,1945,上海
黄炎培(1945),《文萃》,Directed,10908,,"<[1945.0, 1945.0]>",2,1945,上海
黄药眠(1945),《民主周刊(昆明)》,Directed,10909,,"<[1945.0, 1945.0]>",2,1945,昆明
黎舫(1945),《周报(上海1945)》,Directed,10910,,"<[1945.0, 1945.0]>",2,1945,上海
B._Ifor_Evans(1945),《中央周刊》,Directed,10911,,"<[1945.0, 1945.0]>",1,1945,重庆
Bercovici，K.(1945),《民主周刊(昆明)》,Directed,10912,,"<[1945.0, 1945.0]>",1,1945,昆明
Clark，B.(1945),《周报(上海1945)》,Directed,10913,,"<[1945.0, 1945.0]>",1,1945,上海
E.C.(1945),《时代杂志》,Directed,10914,,"<[1945.0, 1945.0]>",1,1945,上海
F._Geyrasi(1945),《中华论坛》,Directed,10915,,"<[1945.0, 1945.0]>",1,1945,重庆
Francis_Sill_wickwrne(1945),《中央周刊》,Directed,10916,,"<[1945.0, 1945.0]>",1,1945,重庆
Hogg，P.(1945),《民主周刊(昆明)》,Directed,10917,,"<[1945.0, 1945.0]>",1,1945,昆明
Kenneth_de_Coorcy(1945),《中央周刊》,Directed,10918,,"<[1945.0, 1945.0]>",1,1945,重庆
Lebedev-kumach，V.(1945),《时代杂志》,Directed,10919,,"<[1945.0, 1945.0]>",1,1945,上海
Maurice_Hinbu(1945),《中央周刊》,Directed,10920,,"<[1945.0, 1945.0]>",1,1945,重庆
Mewhinnie(1945),《中央周刊》,Directed,10921,,"<[1945.0, 1945.0]>",1,1945,重庆
Milner，I.(1945),《再生》,Directed,10922,,"<[1945.0, 1945.0]>",1,1945,重庆
Mokrousov，B.(1945),《时代杂志》,Directed,10923,,"<[1945.0, 1945.0]>",1,1945,上海
Phillis_Bentley(1945),《中央周刊》,Directed,10924,,"<[1945.0, 1945.0]>",1,1945,重庆
Richard_D._Moalar(1945),《中央周刊》,Directed,10925,,"<[1945.0, 1945.0]>",1,1945,重庆
Stantey_Barnes(1945),《中央周刊》,Directed,10926,,"<[1945.0, 1945.0]>",1,1945,重庆
__塞鲁(1945),《中央周刊》,Directed,10927,,"<[1945.0, 1945.0]>",1,1945,重庆
一学生(1945),《民主(上海)》,Directed,10928,,"<[1945.0, 1945.0]>",1,1945,上海
一生(1945),《民主(上海)》,Directed,10929,,"<[1945.0, 1945.0]>",1,1945,上海
一记者(1945),《文萃》,Directed,10930,,"<[1945.0, 1945.0]>",1,1945,上海
丁一(1945),《国讯》,Directed,10931,,"<[1945.0, 1945.0]>",1,1945,上海
丁易(1945),《民主周刊(昆明)》,Directed,10932,,"<[1945.0, 1945.0]>",1,1945,昆明
丁波(1945),《文萃》,Directed,10933,,"<[1945.0, 1945.0]>",1,1945,上海
丁玲(1945),《周报(上海1945)》,Directed,10934,,"<[1945.0, 1945.0]>",1,1945,上海
丁西林(1945),《周报(上海1945)》,Directed,10935,,"<[1945.0, 1945.0]>",1,1945,上海
万影(1945),《国讯》,Directed,10936,,"<[1945.0, 1945.0]>",1,1945,上海
万昭__(1945),《中央周刊》,Directed,10937,,"<[1945.0, 1945.0]>",1,1945,重庆
万歌(1945),《文萃》,Directed,10938,,"<[1945.0, 1945.0]>",1,1945,上海
万英(1945),《民主周刊(昆明)》,Directed,10939,,"<[1945.0, 1945.0]>",1,1945,昆明
不耳(1945),《周报(上海1945)》,Directed,10940,,"<[1945.0, 1945.0]>",1,1945,上海
丘八大(1945),《周报(上海1945)》,Directed,10941,,"<[1945.0, 1945.0]>",1,1945,上海
东方晦之(1945),《周报(上海1945)》,Directed,10942,,"<[1945.0, 1945.0]>",1,1945,上海
东方晦之(1945),《民主(上海)》,Directed,10943,,"<[1945.0, 1945.0]>",1,1945,上海
严亚明(1945),《周报(上海1945)》,Directed,10944,,"<[1945.0, 1945.0]>",1,1945,上海
严信民(1945),《中华论坛》,Directed,10945,,"<[1945.0, 1945.0]>",1,1945,重庆
严克(1945),《周报(上海1945)》,Directed,10946,,"<[1945.0, 1945.0]>",1,1945,上海
严奇(1945),《周报(上海1945)》,Directed,10947,,"<[1945.0, 1945.0]>",1,1945,上海
严景矅(1945),《民主(上海)》,Directed,10948,,"<[1945.0, 1945.0]>",1,1945,上海
严问天(1945),《国讯》,Directed,10949,,"<[1945.0, 1945.0]>",1,1945,上海
丹尼尔(1945),《国讯》,Directed,10950,,"<[1945.0, 1945.0]>",1,1945,上海
乔治六世(1945),《时代杂志》,Directed,10951,,"<[1945.0, 1945.0]>",1,1945,上海
乔治高(1945),《中央周刊》,Directed,10952,,"<[1945.0, 1945.0]>",1,1945,重庆
于右任(1945),《时代杂志》,Directed,10953,,"<[1945.0, 1945.0]>",1,1945,上海
于斌(1945),《中央周刊》,Directed,10954,,"<[1945.0, 1945.0]>",1,1945,重庆
于殷(1945),《文萃》,Directed,10955,,"<[1945.0, 1945.0]>",1,1945,上海
于蒪(1945),《民主(重庆)》,Directed,10956,,"<[1945.0, 1945.0]>",1,1945,重庆
云中(1945),《中央周刊》,Directed,10957,,"<[1945.0, 1945.0]>",1,1945,重庆
云彬(1945),《文萃》,Directed,10958,,"<[1945.0, 1945.0]>",1,1945,上海
仁荪(1945),《文萃》,Directed,10959,,"<[1945.0, 1945.0]>",1,1945,上海
以君(1945),《民主(上海)》,Directed,10960,,"<[1945.0, 1945.0]>",1,1945,上海
任华(1945),《民主(上海)》,Directed,10961,,"<[1945.0, 1945.0]>",1,1945,上海
任四维(1945),《周报(上海1945)》,Directed,10962,,"<[1945.0, 1945.0]>",1,1945,上海
伊凡诺夫(1945),《时代杂志》,Directed,10963,,"<[1945.0, 1945.0]>",1,1945,上海
伊利奥特(1945),《国讯》,Directed,10964,,"<[1945.0, 1945.0]>",1,1945,上海
伊古斯(1945),《时代杂志》,Directed,10965,,"<[1945.0, 1945.0]>",1,1945,上海
伊戈斯(1945),《文萃》,Directed,10966,,"<[1945.0, 1945.0]>",1,1945,上海
伍同伐(1945),《再生》,Directed,10967,,"<[1945.0, 1945.0]>",1,1945,重庆
伍启元(1945),《文萃》,Directed,10968,,"<[1945.0, 1945.0]>",1,1945,上海
伍启元(1945),《民主周刊(昆明)》,Directed,10969,,"<[1945.0, 1945.0]>",1,1945,昆明
伏冷斯基(1945),《时代杂志》,Directed,10970,,"<[1945.0, 1945.0]>",1,1945,上海
伏斯克列兴斯基(1945),《时代杂志》,Directed,10971,,"<[1945.0, 1945.0]>",1,1945,上海
伏斯克列辛斯基(1945),《时代杂志》,Directed,10972,,"<[1945.0, 1945.0]>",1,1945,上海
伯伟(1945),《再生》,Directed,10973,,"<[1945.0, 1945.0]>",1,1945,重庆
伯华(1945),《民主周刊(昆明)》,Directed,10974,,"<[1945.0, 1945.0]>",1,1945,昆明
伯韩(1945),《民主周刊(昆明)》,Directed,10975,,"<[1945.0, 1945.0]>",1,1945,昆明
但维斯(1945),《国讯》,Directed,10976,,"<[1945.0, 1945.0]>",1,1945,上海
何其芳(1945),《周报(上海1945)》,Directed,10977,,"<[1945.0, 1945.0]>",1,1945,上海
何其芳(1945),《文萃》,Directed,10978,,"<[1945.0, 1945.0]>",1,1945,上海
何应钦(1945),《时代杂志》,Directed,10979,,"<[1945.0, 1945.0]>",1,1945,上海
何惧(1945),《民主(重庆)》,Directed,10980,,"<[1945.0, 1945.0]>",1,1945,重庆
何成濬(1945),《中央周刊》,Directed,10981,,"<[1945.0, 1945.0]>",1,1945,重庆
何方(1945),《民主(重庆)》,Directed,10982,,"<[1945.0, 1945.0]>",1,1945,重庆
何满子(1945),《文萃》,Directed,10983,,"<[1945.0, 1945.0]>",1,1945,上海
何达(1945),《民主周刊(昆明)》,Directed,10984,,"<[1945.0, 1945.0]>",1,1945,昆明
余伯约(1945),《民主(上海)》,Directed,10985,,"<[1945.0, 1945.0]>",1,1945,上海
余剡溪(1945),《周报(上海1945)》,Directed,10986,,"<[1945.0, 1945.0]>",1,1945,上海
余剡溪(1945),《民主(重庆)》,Directed,10987,,"<[1945.0, 1945.0]>",1,1945,重庆
余所亚(1945),《文萃》,Directed,10988,,"<[1945.0, 1945.0]>",1,1945,上海
余林(1945),《文萃》,Directed,10989,,"<[1945.0, 1945.0]>",1,1945,上海
侯外卢(1945),《中华论坛》,Directed,10990,,"<[1945.0, 1945.0]>",1,1945,重庆
侯外庐(1945),《国讯》,Directed,10991,,"<[1945.0, 1945.0]>",1,1945,上海
侯外庐(1945),《民主(重庆)》,Directed,10992,,"<[1945.0, 1945.0]>",1,1945,重庆
俊生(1945),《再生》,Directed,10993,,"<[1945.0, 1945.0]>",1,1945,重庆
保波雪夫斯基(1945),《时代杂志》,Directed,10994,,"<[1945.0, 1945.0]>",1,1945,上海
俞焕文(1945),《国讯》,Directed,10995,,"<[1945.0, 1945.0]>",1,1945,上海
俞颂华(1945),《再生》,Directed,10996,,"<[1945.0, 1945.0]>",1,1945,重庆
俞颂华(1945),《周报(上海1945)》,Directed,10997,,"<[1945.0, 1945.0]>",1,1945,上海
傅彬然(1945),《国讯》,Directed,10998,,"<[1945.0, 1945.0]>",1,1945,上海
傅雷(1945),《周报(上海1945)》,Directed,10999,,"<[1945.0, 1945.0]>",1,1945,上海
光军(1945),《国讯》,Directed,11000,,"<[1945.0, 1945.0]>",1,1945,上海
光涛(1945),《再生》,Directed,11001,,"<[1945.0, 1945.0]>",1,1945,重庆
克士(1945),《周报(上海1945)》,Directed,11002,,"<[1945.0, 1945.0]>",1,1945,上海
克拉伊诺夫(1945),《时代杂志》,Directed,11003,,"<[1945.0, 1945.0]>",1,1945,上海
全杨(1945),《民主周刊(昆明)》,Directed,11004,,"<[1945.0, 1945.0]>",1,1945,昆明
公健(1945),《再生》,Directed,11005,,"<[1945.0, 1945.0]>",1,1945,重庆
公孙未央(1945),《民主周刊(昆明)》,Directed,11006,,"<[1945.0, 1945.0]>",1,1945,昆明
再生侯北人(1945),《周报(上海1945)》,Directed,11007,,"<[1945.0, 1945.0]>",1,1945,上海
农慕之(1945),《文萃》,Directed,11008,,"<[1945.0, 1945.0]>",1,1945,上海
冯乃超(1945),《民主(重庆)》,Directed,11009,,"<[1945.0, 1945.0]>",1,1945,重庆
冯克(1945),《周报(上海1945)》,Directed,11010,,"<[1945.0, 1945.0]>",1,1945,上海
冯克(1945),《民主(重庆)》,Directed,11011,,"<[1945.0, 1945.0]>",1,1945,重庆
冯克(1945),《民主周刊(昆明)》,Directed,11012,,"<[1945.0, 1945.0]>",1,1945,昆明
冯少山(1945),《周报(上海1945)》,Directed,11013,,"<[1945.0, 1945.0]>",1,1945,上海
冯玉祥(1945),《中央周刊》,Directed,11014,,"<[1945.0, 1945.0]>",1,1945,重庆
冯玉祥(1945),《民主(重庆)》,Directed,11015,,"<[1945.0, 1945.0]>",1,1945,重庆
冯虚(1945),《文萃》,Directed,11016,,"<[1945.0, 1945.0]>",1,1945,上海
冶人(1945),《民主(重庆)》,Directed,11017,,"<[1945.0, 1945.0]>",1,1945,重庆
冷红(1945),《民主(上海)》,Directed,11018,,"<[1945.0, 1945.0]>",1,1945,上海
冷遹(1945),《国讯》,Directed,11019,,"<[1945.0, 1945.0]>",1,1945,上海
冷风(1945),《国讯》,Directed,11020,,"<[1945.0, 1945.0]>",1,1945,上海
凌端仁(1945),《文萃》,Directed,11021,,"<[1945.0, 1945.0]>",1,1945,上海
刘增华(1945),《中央周刊》,Directed,11022,,"<[1945.0, 1945.0]>",1,1945,重庆
刘宝希(1945),《中央周刊》,Directed,11023,,"<[1945.0, 1945.0]>",1,1945,重庆
刘尊棋(1945),《国讯》,Directed,11024,,"<[1945.0, 1945.0]>",1,1945,上海
刘清扬(1945),《再生》,Directed,11025,,"<[1945.0, 1945.0]>",1,1945,重庆
刘瑞林(1945),《中华论坛》,Directed,11026,,"<[1945.0, 1945.0]>",1,1945,重庆
刘赤柯夫(1945),《时代杂志》,Directed,11027,,"<[1945.0, 1945.0]>",1,1945,上海
刘迺诚(1945),《中央周刊》,Directed,11028,,"<[1945.0, 1945.0]>",1,1945,重庆
别斯巴洛夫(1945),《时代杂志》,Directed,11029,,"<[1945.0, 1945.0]>",1,1945,上海
别赫尔(1945),《时代杂志》,Directed,11030,,"<[1945.0, 1945.0]>",1,1945,上海
力丁(1945),《文萃》,Directed,11031,,"<[1945.0, 1945.0]>",1,1945,上海
力扬(1945),《民主(重庆)》,Directed,11032,,"<[1945.0, 1945.0]>",1,1945,重庆
加也夫(1945),《时代杂志》,Directed,11033,,"<[1945.0, 1945.0]>",1,1945,上海
加聂夫(1945),《时代杂志》,Directed,11034,,"<[1945.0, 1945.0]>",1,1945,上海
努生(1945),《民主(重庆)》,Directed,11035,,"<[1945.0, 1945.0]>",1,1945,重庆
励吾(1945),《文萃》,Directed,11036,,"<[1945.0, 1945.0]>",1,1945,上海
劳莹(1945),《周报(上海1945)》,Directed,11037,,"<[1945.0, 1945.0]>",1,1945,上海
北人(1945),《周报(上海1945)》,Directed,11038,,"<[1945.0, 1945.0]>",1,1945,上海
北人(1945),《民主(重庆)》,Directed,11039,,"<[1945.0, 1945.0]>",1,1945,重庆
匡扶(1945),《中央周刊》,Directed,11040,,"<[1945.0, 1945.0]>",1,1945,重庆
华聚六(1945),《中央周刊》,Directed,11041,,"<[1945.0, 1945.0]>",1,1945,重庆
华臣(1945),《周报(上海1945)》,Directed,11042,,"<[1945.0, 1945.0]>",1,1945,上海
卡夫达诺夫(1945),《时代杂志》,Directed,11043,,"<[1945.0, 1945.0]>",1,1945,上海
卡尔平斯基(1945),《时代杂志》,Directed,11044,,"<[1945.0, 1945.0]>",1,1945,上海
卡尔明(1945),《时代杂志》,Directed,11045,,"<[1945.0, 1945.0]>",1,1945,上海
卡拉华叶娃(1945),《时代杂志》,Directed,11046,,"<[1945.0, 1945.0]>",1,1945,上海
卢剑公(1945),《周报(上海1945)》,Directed,11047,,"<[1945.0, 1945.0]>",1,1945,上海
卢铎(1945),《周报(上海1945)》,Directed,11048,,"<[1945.0, 1945.0]>",1,1945,上海
友非(1945),《国讯》,Directed,11049,,"<[1945.0, 1945.0]>",1,1945,上海
反对内战(1945),《中华论坛》,Directed,11050,,"<[1945.0, 1945.0]>",1,1945,重庆
叔伟(1945),《民主周刊(昆明)》,Directed,11051,,"<[1945.0, 1945.0]>",1,1945,昆明
叔梁(1945),《民主(上海)》,Directed,11052,,"<[1945.0, 1945.0]>",1,1945,上海
古柏(1945),《中央周刊》,Directed,11053,,"<[1945.0, 1945.0]>",1,1945,重庆
史国卫(1945),《民主周刊(昆明)》,Directed,11054,,"<[1945.0, 1945.0]>",1,1945,昆明
史笃(1945),《民主(上海)》,Directed,11055,,"<[1945.0, 1945.0]>",1,1945,上海
史维特洛夫(1945),《时代杂志》,Directed,11056,,"<[1945.0, 1945.0]>",1,1945,上海
叶君(1945),《周报(上海1945)》,Directed,11057,,"<[1945.0, 1945.0]>",1,1945,上海
叶圣陶(1945),《文萃》,Directed,11058,,"<[1945.0, 1945.0]>",1,1945,上海
叶圣陶(1945),《民主(上海)》,Directed,11059,,"<[1945.0, 1945.0]>",1,1945,上海
叶圣陶(1945),《民主(重庆)》,Directed,11060,,"<[1945.0, 1945.0]>",1,1945,重庆
叶尔马萧夫(1945),《时代杂志》,Directed,11061,,"<[1945.0, 1945.0]>",1,1945,上海
叶帆(1945),《文萃》,Directed,11062,,"<[1945.0, 1945.0]>",1,1945,上海
叶文雄(1945),《中华论坛》,Directed,11063,,"<[1945.0, 1945.0]>",1,1945,重庆
叶文雄(1945),《时代杂志》,Directed,11064,,"<[1945.0, 1945.0]>",1,1945,上海
叶理夫(1945),《中央周刊》,Directed,11065,,"<[1945.0, 1945.0]>",1,1945,重庆
叶行(1945),《中央周刊》,Directed,11066,,"<[1945.0, 1945.0]>",1,1945,重庆
叶鲁萨里姆斯基(1945),《时代杂志》,Directed,11067,,"<[1945.0, 1945.0]>",1,1945,上海
司马星(1945),《民主(重庆)》,Directed,11068,,"<[1945.0, 1945.0]>",1,1945,重庆
吉人(1945),《民主周刊(昆明)》,Directed,11069,,"<[1945.0, 1945.0]>",1,1945,昆明
吕剑(1945),《民主周刊(昆明)》,Directed,11070,,"<[1945.0, 1945.0]>",1,1945,昆明
吕德润(1945),《周报(上海1945)》,Directed,11071,,"<[1945.0, 1945.0]>",1,1945,上海
吴世昌(1945),《周报(上海1945)》,Directed,11072,,"<[1945.0, 1945.0]>",1,1945,上海
吴世昌(1945),《文萃》,Directed,11073,,"<[1945.0, 1945.0]>",1,1945,上海
吴大琨(1945),《民主(上海)》,Directed,11074,,"<[1945.0, 1945.0]>",1,1945,上海
吴晓(1945),《民主周刊(昆明)》,Directed,11075,,"<[1945.0, 1945.0]>",1,1945,昆明
吴清友(1945),《民主(重庆)》,Directed,11076,,"<[1945.0, 1945.0]>",1,1945,重庆
吴王琨(1945),《民主(上海)》,Directed,11077,,"<[1945.0, 1945.0]>",1,1945,上海
吴磊伯(1945),《中央周刊》,Directed,11078,,"<[1945.0, 1945.0]>",1,1945,重庆
吴祖光(1945),《文萃》,Directed,11079,,"<[1945.0, 1945.0]>",1,1945,上海
吴祖光(1945),《民主(重庆)》,Directed,11080,,"<[1945.0, 1945.0]>",1,1945,重庆
吴纪(1945),《民主周刊(昆明)》,Directed,11081,,"<[1945.0, 1945.0]>",1,1945,昆明
吴育英(1945),《中央周刊》,Directed,11082,,"<[1945.0, 1945.0]>",1,1945,重庆
吴荣甲(1945),《国讯》,Directed,11083,,"<[1945.0, 1945.0]>",1,1945,上海
吴藻溪(1945),《国讯》,Directed,11084,,"<[1945.0, 1945.0]>",1,1945,上海
吴铁(1945),《周报(上海1945)》,Directed,11085,,"<[1945.0, 1945.0]>",1,1945,上海
周依维(1945),《民主周刊(昆明)》,Directed,11086,,"<[1945.0, 1945.0]>",1,1945,昆明
周先庚(1945),《民主周刊(昆明)》,Directed,11087,,"<[1945.0, 1945.0]>",1,1945,昆明
周冠羣(1945),《中央周刊》,Directed,11088,,"<[1945.0, 1945.0]>",1,1945,重庆
周振甫(1945),《民主(上海)》,Directed,11089,,"<[1945.0, 1945.0]>",1,1945,上海
周斧冰(1945),《国讯》,Directed,11090,,"<[1945.0, 1945.0]>",1,1945,上海
周波(1945),《中华论坛》,Directed,11091,,"<[1945.0, 1945.0]>",1,1945,重庆
周煦良(1945),《民主(上海)》,Directed,11092,,"<[1945.0, 1945.0]>",1,1945,上海
周知(1945),《再生》,Directed,11093,,"<[1945.0, 1945.0]>",1,1945,重庆
周知(1945),《民主(重庆)》,Directed,11094,,"<[1945.0, 1945.0]>",1,1945,重庆
周缉熙(1945),《中央周刊》,Directed,11095,,"<[1945.0, 1945.0]>",1,1945,重庆
周钢鸣(1945),《文萃》,Directed,11096,,"<[1945.0, 1945.0]>",1,1945,上海
周雍能(1945),《中央周刊》,Directed,11097,,"<[1945.0, 1945.0]>",1,1945,重庆
味橄(1945),《中央周刊》,Directed,11098,,"<[1945.0, 1945.0]>",1,1945,重庆
唐庆增(1945),《周报(上海1945)》,Directed,11099,,"<[1945.0, 1945.0]>",1,1945,上海
唐弢(1945),《周报(上海1945)》,Directed,11100,,"<[1945.0, 1945.0]>",1,1945,上海
唐弢(1945),《民主(上海)》,Directed,11101,,"<[1945.0, 1945.0]>",1,1945,上海
唐秉文(1945),《周报(上海1945)》,Directed,11102,,"<[1945.0, 1945.0]>",1,1945,上海
土匈诺夫(1945),《时代杂志》,Directed,11103,,"<[1945.0, 1945.0]>",1,1945,上海
坦宁保姆(1945),《中华论坛》,Directed,11104,,"<[1945.0, 1945.0]>",1,1945,重庆
士伐维奇(1945),《时代杂志》,Directed,11105,,"<[1945.0, 1945.0]>",1,1945,上海
夏吉洛夫(1945),《时代杂志》,Directed,11106,,"<[1945.0, 1945.0]>",1,1945,上海
夏孟辉(1945),《国讯》,Directed,11107,,"<[1945.0, 1945.0]>",1,1945,上海
夏康农(1945),《文萃》,Directed,11108,,"<[1945.0, 1945.0]>",1,1945,上海
夏炎德(1945),《国讯》,Directed,11109,,"<[1945.0, 1945.0]>",1,1945,上海
夏衍(1945),《文萃》,Directed,11110,,"<[1945.0, 1945.0]>",1,1945,上海
夏迪蒙(1945),《再生》,Directed,11111,,"<[1945.0, 1945.0]>",1,1945,重庆
大愿(1945),《国讯》,Directed,11112,,"<[1945.0, 1945.0]>",1,1945,上海
大荒(1945),《再生》,Directed,11113,,"<[1945.0, 1945.0]>",1,1945,重庆
天凡(1945),《民主周刊(昆明)》,Directed,11114,,"<[1945.0, 1945.0]>",1,1945,昆明
天父(1945),《民主周刊(昆明)》,Directed,11115,,"<[1945.0, 1945.0]>",1,1945,昆明
天顽(1945),《民主(上海)》,Directed,11116,,"<[1945.0, 1945.0]>",1,1945,上海
奥凯(1945),《民主(重庆)》,Directed,11117,,"<[1945.0, 1945.0]>",1,1945,重庆
奥歇鲁克(1945),《时代杂志》,Directed,11118,,"<[1945.0, 1945.0]>",1,1945,上海
姚苏凤(1945),《周报(上海1945)》,Directed,11119,,"<[1945.0, 1945.0]>",1,1945,上海
姜亮夫(1945),《文萃》,Directed,11120,,"<[1945.0, 1945.0]>",1,1945,上海
姜庆湘(1945),《中华论坛》,Directed,11121,,"<[1945.0, 1945.0]>",1,1945,重庆
姜庆湘(1945),《民主(重庆)》,Directed,11122,,"<[1945.0, 1945.0]>",1,1945,重庆
姜鹏翊(1945),《民主周刊(昆明)》,Directed,11123,,"<[1945.0, 1945.0]>",1,1945,昆明
存真(1945),《民主(上海)》,Directed,11124,,"<[1945.0, 1945.0]>",1,1945,上海
孙东城(1945),《中央周刊》,Directed,11125,,"<[1945.0, 1945.0]>",1,1945,重庆
孙亚夫(1945),《再生》,Directed,11126,,"<[1945.0, 1945.0]>",1,1945,重庆
孙宝毅(1945),《再生》,Directed,11127,,"<[1945.0, 1945.0]>",1,1945,重庆
孙本文(1945),《中央周刊》,Directed,11128,,"<[1945.0, 1945.0]>",1,1945,重庆
孙源(1945),《文萃》,Directed,11129,,"<[1945.0, 1945.0]>",1,1945,上海
孙起孟(1945),《国讯》,Directed,11130,,"<[1945.0, 1945.0]>",1,1945,上海
孟昌(1945),《中华论坛》,Directed,11131,,"<[1945.0, 1945.0]>",1,1945,重庆
安约吾(1945),《中华论坛》,Directed,11132,,"<[1945.0, 1945.0]>",1,1945,重庆
安逸(1945),《民主(上海)》,Directed,11133,,"<[1945.0, 1945.0]>",1,1945,上海
宋兴几(1945),《中央周刊》,Directed,11134,,"<[1945.0, 1945.0]>",1,1945,重庆
宋秉恒(1945),《文萃》,Directed,11135,,"<[1945.0, 1945.0]>",1,1945,上海
宣谛之(1945),《民主(重庆)》,Directed,11136,,"<[1945.0, 1945.0]>",1,1945,重庆
宦乡(1945),《周报(上海1945)》,Directed,11137,,"<[1945.0, 1945.0]>",1,1945,上海
宧乡(1945),《周报(上海1945)》,Directed,11138,,"<[1945.0, 1945.0]>",1,1945,上海
寿生(1945),《民主周刊(昆明)》,Directed,11139,,"<[1945.0, 1945.0]>",1,1945,昆明
尊立(1945),《周报(上海1945)》,Directed,11140,,"<[1945.0, 1945.0]>",1,1945,上海
小羽(1945),《周报(上海1945)》,Directed,11141,,"<[1945.0, 1945.0]>",1,1945,上海
小鱼(1945),《民主周刊(昆明)》,Directed,11142,,"<[1945.0, 1945.0]>",1,1945,昆明
少之(1945),《民主(重庆)》,Directed,11143,,"<[1945.0, 1945.0]>",1,1945,重庆
尔咸(1945),《国讯》,Directed,11144,,"<[1945.0, 1945.0]>",1,1945,上海
尚林(1945),《中央周刊》,Directed,11145,,"<[1945.0, 1945.0]>",1,1945,重庆
尚钺(1945),《民主周刊(昆明)》,Directed,11146,,"<[1945.0, 1945.0]>",1,1945,昆明
尚铖(1945),《民主周刊(昆明)》,Directed,11147,,"<[1945.0, 1945.0]>",1,1945,昆明
尚青禾(1945),《国讯》,Directed,11148,,"<[1945.0, 1945.0]>",1,1945,上海
屠西(1945),《周报(上海1945)》,Directed,11149,,"<[1945.0, 1945.0]>",1,1945,上海
崔书琴(1945),《中央周刊》,Directed,11150,,"<[1945.0, 1945.0]>",1,1945,重庆
崔洁民(1945),《中央周刊》,Directed,11151,,"<[1945.0, 1945.0]>",1,1945,重庆
左舜生(1945),《周报(上海1945)》,Directed,11152,,"<[1945.0, 1945.0]>",1,1945,上海
左舜生(1945),《文萃》,Directed,11153,,"<[1945.0, 1945.0]>",1,1945,上海
巴尔契斯基(1945),《中华论坛》,Directed,11154,,"<[1945.0, 1945.0]>",1,1945,重庆
布尔(1945),《中央周刊》,Directed,11155,,"<[1945.0, 1945.0]>",1,1945,重庆
布拉克尼(1945),《文萃》,Directed,11156,,"<[1945.0, 1945.0]>",1,1945,上海
帅曦浓(1945),《中央周刊》,Directed,11157,,"<[1945.0, 1945.0]>",1,1945,重庆
师陀(1945),《民主(上海)》,Directed,11158,,"<[1945.0, 1945.0]>",1,1945,上海
席波夫(1945),《时代杂志》,Directed,11159,,"<[1945.0, 1945.0]>",1,1945,上海
平心(1945),《时代杂志》,Directed,11160,,"<[1945.0, 1945.0]>",1,1945,上海
平心(1945),《民主(上海)》,Directed,11161,,"<[1945.0, 1945.0]>",1,1945,上海
平沙(1945),《中央周刊》,Directed,11162,,"<[1945.0, 1945.0]>",1,1945,重庆
庄圻泰(1945),《周报(上海1945)》,Directed,11163,,"<[1945.0, 1945.0]>",1,1945,上海
庄永(1945),《周报(上海1945)》,Directed,11164,,"<[1945.0, 1945.0]>",1,1945,上海
库士聂卓夫(1945),《时代杂志》,Directed,11165,,"<[1945.0, 1945.0]>",1,1945,上海
库马赤(1945),《时代杂志》,Directed,11166,,"<[1945.0, 1945.0]>",1,1945,上海
康斯坦丁诺夫斯基(1945),《时代杂志》,Directed,11167,,"<[1945.0, 1945.0]>",1,1945,上海
康特古柏(1945),《文萃》,Directed,11168,,"<[1945.0, 1945.0]>",1,1945,上海
廷霸(1945),《文萃》,Directed,11169,,"<[1945.0, 1945.0]>",1,1945,上海
张一凡(1945),《时代杂志》,Directed,11170,,"<[1945.0, 1945.0]>",1,1945,上海
张东皋(1945),《周报(上海1945)》,Directed,11171,,"<[1945.0, 1945.0]>",1,1945,上海
张东荪(1945),《民主(重庆)》,Directed,11172,,"<[1945.0, 1945.0]>",1,1945,重庆
张东荪(1945),《民主周刊(昆明)》,Directed,11173,,"<[1945.0, 1945.0]>",1,1945,昆明
张凤举(1945),《民主(上海)》,Directed,11174,,"<[1945.0, 1945.0]>",1,1945,上海
张刚(1945),《民主周刊(昆明)》,Directed,11175,,"<[1945.0, 1945.0]>",1,1945,昆明
张君劢(1945),《再生》,Directed,11176,,"<[1945.0, 1945.0]>",1,1945,重庆
张君劢(1945),《文萃》,Directed,11177,,"<[1945.0, 1945.0]>",1,1945,上海
张宏(1945),《周报(上海1945)》,Directed,11178,,"<[1945.0, 1945.0]>",1,1945,上海
张庸(1945),《中央周刊》,Directed,11179,,"<[1945.0, 1945.0]>",1,1945,重庆
张德昌(1945),《中央周刊》,Directed,11180,,"<[1945.0, 1945.0]>",1,1945,重庆
张德粹(1945),《中央周刊》,Directed,11181,,"<[1945.0, 1945.0]>",1,1945,重庆
张志让(1945),《周报(上海1945)》,Directed,11182,,"<[1945.0, 1945.0]>",1,1945,上海
张志让(1945),《文萃》,Directed,11183,,"<[1945.0, 1945.0]>",1,1945,上海
张志龢(1945),《民主(重庆)》,Directed,11184,,"<[1945.0, 1945.0]>",1,1945,重庆
张忠建(1945),《中央周刊》,Directed,11185,,"<[1945.0, 1945.0]>",1,1945,重庆
张恨水(1945),《周报(上海1945)》,Directed,11186,,"<[1945.0, 1945.0]>",1,1945,上海
张恨水(1945),《文萃》,Directed,11187,,"<[1945.0, 1945.0]>",1,1945,上海
张时俊(1945),《民主周刊(昆明)》,Directed,11188,,"<[1945.0, 1945.0]>",1,1945,昆明
张明养(1945),《国讯》,Directed,11189,,"<[1945.0, 1945.0]>",1,1945,上海
张栋举(1945),《民主(重庆)》,Directed,11190,,"<[1945.0, 1945.0]>",1,1945,重庆
张树楠(1945),《中央周刊》,Directed,11191,,"<[1945.0, 1945.0]>",1,1945,重庆
张淦(1945),《周报(上海1945)》,Directed,11192,,"<[1945.0, 1945.0]>",1,1945,上海
张珏(1945),《周报(上海1945)》,Directed,11193,,"<[1945.0, 1945.0]>",1,1945,上海
张申府(1945),《再生》,Directed,11194,,"<[1945.0, 1945.0]>",1,1945,重庆
张申府(1945),《国讯》,Directed,11195,,"<[1945.0, 1945.0]>",1,1945,上海
张竞存(1945),《周报(上海1945)》,Directed,11196,,"<[1945.0, 1945.0]>",1,1945,上海
张若达(1945),《文萃》,Directed,11197,,"<[1945.0, 1945.0]>",1,1945,上海
张西曼(1945),《国讯》,Directed,11198,,"<[1945.0, 1945.0]>",1,1945,上海
张超(1945),《中央周刊》,Directed,11199,,"<[1945.0, 1945.0]>",1,1945,重庆
张远昕(1945),《周报(上海1945)》,Directed,11200,,"<[1945.0, 1945.0]>",1,1945,上海
张雪澄(1945),《国讯》,Directed,11201,,"<[1945.0, 1945.0]>",1,1945,上海
张鸿增(1945),《周报(上海1945)》,Directed,11202,,"<[1945.0, 1945.0]>",1,1945,上海
彭健箐(1945),《中央周刊》,Directed,11203,,"<[1945.0, 1945.0]>",1,1945,重庆
彭学沛(1945),《中央周刊》,Directed,11204,,"<[1945.0, 1945.0]>",1,1945,重庆
彭松(1945),《民主(重庆)》,Directed,11205,,"<[1945.0, 1945.0]>",1,1945,重庆
彭河清(1945),《中央周刊》,Directed,11206,,"<[1945.0, 1945.0]>",1,1945,重庆
徐修(1945),《民主周刊(昆明)》,Directed,11207,,"<[1945.0, 1945.0]>",1,1945,昆明
徐嘉瑞(1945),《文萃》,Directed,11208,,"<[1945.0, 1945.0]>",1,1945,上海
徐如免(1945),《民主周刊(昆明)》,Directed,11209,,"<[1945.0, 1945.0]>",1,1945,昆明
徐宝理(1945),《中央周刊》,Directed,11210,,"<[1945.0, 1945.0]>",1,1945,重庆
徐撤(1945),《民主(上海)》,Directed,11211,,"<[1945.0, 1945.0]>",1,1945,上海
徐相任(1945),《民主(上海)》,Directed,11212,,"<[1945.0, 1945.0]>",1,1945,上海
徐系(1945),《周报(上海1945)》,Directed,11213,,"<[1945.0, 1945.0]>",1,1945,上海
徐苏灵(1945),《中央周刊》,Directed,11214,,"<[1945.0, 1945.0]>",1,1945,重庆
徐行(1945),《中央周刊》,Directed,11215,,"<[1945.0, 1945.0]>",1,1945,重庆
徐调孚(1945),《民主(上海)》,Directed,11216,,"<[1945.0, 1945.0]>",1,1945,上海
徐郎(1945),《民主(重庆)》,Directed,11217,,"<[1945.0, 1945.0]>",1,1945,重庆
徐铸成(1945),《周报(上海1945)》,Directed,11218,,"<[1945.0, 1945.0]>",1,1945,上海
德炎(1945),《中央周刊》,Directed,11219,,"<[1945.0, 1945.0]>",1,1945,重庆
思慕(1945),《文萃》,Directed,11220,,"<[1945.0, 1945.0]>",1,1945,上海
悠然(1945),《文萃》,Directed,11221,,"<[1945.0, 1945.0]>",1,1945,上海
慕英(1945),《民主周刊(昆明)》,Directed,11222,,"<[1945.0, 1945.0]>",1,1945,昆明
戈宝权(1945),《文萃》,Directed,11223,,"<[1945.0, 1945.0]>",1,1945,上海
戈洛夫(1945),《时代杂志》,Directed,11224,,"<[1945.0, 1945.0]>",1,1945,上海
戎戈(1945),《周报(上海1945)》,Directed,11225,,"<[1945.0, 1945.0]>",1,1945,上海
成惕轩(1945),《中央周刊》,Directed,11226,,"<[1945.0, 1945.0]>",1,1945,重庆
戚陈德珍(1945),《国讯》,Directed,11227,,"<[1945.0, 1945.0]>",1,1945,上海
戴寒波(1945),《周报(上海1945)》,Directed,11228,,"<[1945.0, 1945.0]>",1,1945,上海
房龙(1945),《中华论坛》,Directed,11229,,"<[1945.0, 1945.0]>",1,1945,重庆
托尔斯泰(1945),《民主(上海)》,Directed,11230,,"<[1945.0, 1945.0]>",1,1945,上海
托尔赤诺夫(1945),《时代杂志》,Directed,11231,,"<[1945.0, 1945.0]>",1,1945,上海
托里亚契(1945),《时代杂志》,Directed,11232,,"<[1945.0, 1945.0]>",1,1945,上海
抱贞(1945),《再生》,Directed,11233,,"<[1945.0, 1945.0]>",1,1945,重庆
拉铁摩尔(1945),《国讯》,Directed,11234,,"<[1945.0, 1945.0]>",1,1945,上海
振寰(1945),《民主(上海)》,Directed,11235,,"<[1945.0, 1945.0]>",1,1945,上海
摩斯(1945),《文萃》,Directed,11236,,"<[1945.0, 1945.0]>",1,1945,上海
敏之(1945),《民主(上海)》,Directed,11237,,"<[1945.0, 1945.0]>",1,1945,上海
敏茨(1945),《时代杂志》,Directed,11238,,"<[1945.0, 1945.0]>",1,1945,上海
文宜(1945),《民主周刊(昆明)》,Directed,11239,,"<[1945.0, 1945.0]>",1,1945,昆明
斯吉普尼亚克(1945),《时代杂志》,Directed,11240,,"<[1945.0, 1945.0]>",1,1945,上海
斯密诺夫(1945),《时代杂志》,Directed,11241,,"<[1945.0, 1945.0]>",1,1945,上海
斯维特洛夫(1945),《时代杂志》,Directed,11242,,"<[1945.0, 1945.0]>",1,1945,上海
斯诺(1945),《民主(上海)》,Directed,11243,,"<[1945.0, 1945.0]>",1,1945,上海
新武(1945),《民主(上海)》,Directed,11244,,"<[1945.0, 1945.0]>",1,1945,上海
新波(1945),《文萃》,Directed,11245,,"<[1945.0, 1945.0]>",1,1945,上海
方丁(1945),《文萃》,Directed,11246,,"<[1945.0, 1945.0]>",1,1945,上海
方与严(1945),《文萃》,Directed,11247,,"<[1945.0, 1945.0]>",1,1945,上海
方与严(1945),《民主(重庆)》,Directed,11248,,"<[1945.0, 1945.0]>",1,1945,重庆
方扬(1945),《民主(重庆)》,Directed,11249,,"<[1945.0, 1945.0]>",1,1945,重庆
方治平(1945),《文萃》,Directed,11250,,"<[1945.0, 1945.0]>",1,1945,上海
方治平(1945),《民主(重庆)》,Directed,11251,,"<[1945.0, 1945.0]>",1,1945,重庆
方禺(1945),《民主(上海)》,Directed,11252,,"<[1945.0, 1945.0]>",1,1945,上海
方秋苇(1945),《中央周刊》,Directed,11253,,"<[1945.0, 1945.0]>",1,1945,重庆
施佑铭(1945),《周报(上海1945)》,Directed,11254,,"<[1945.0, 1945.0]>",1,1945,上海
施复亮(1945),《周报(上海1945)》,Directed,11255,,"<[1945.0, 1945.0]>",1,1945,上海
施艾(1945),《中华论坛》,Directed,11256,,"<[1945.0, 1945.0]>",1,1945,重庆
施艾(1945),《民主(重庆)》,Directed,11257,,"<[1945.0, 1945.0]>",1,1945,重庆
施贻(1945),《中华论坛》,Directed,11258,,"<[1945.0, 1945.0]>",1,1945,重庆
旺嘉喜(1945),《时代杂志》,Directed,11259,,"<[1945.0, 1945.0]>",1,1945,上海
明之(1945),《文萃》,Directed,11260,,"<[1945.0, 1945.0]>",1,1945,上海
明养(1945),《国讯》,Directed,11261,,"<[1945.0, 1945.0]>",1,1945,上海
明子(1945),《周报(上海1945)》,Directed,11262,,"<[1945.0, 1945.0]>",1,1945,上海
易水(1945),《周报(上海1945)》,Directed,11263,,"<[1945.0, 1945.0]>",1,1945,上海
春光(1945),《民主周刊(昆明)》,Directed,11264,,"<[1945.0, 1945.0]>",1,1945,昆明
晓敷(1945),《周报(上海1945)》,Directed,11265,,"<[1945.0, 1945.0]>",1,1945,上海
景宋(1945),《文萃》,Directed,11266,,"<[1945.0, 1945.0]>",1,1945,上海
晶远(1945),《民主周刊(昆明)》,Directed,11267,,"<[1945.0, 1945.0]>",1,1945,昆明
曹介植(1945),《周报(上海1945)》,Directed,11268,,"<[1945.0, 1945.0]>",1,1945,上海
曹刚(1945),《周报(上海1945)》,Directed,11269,,"<[1945.0, 1945.0]>",1,1945,上海
曹增之(1945),《中央周刊》,Directed,11270,,"<[1945.0, 1945.0]>",1,1945,重庆
曹樸(1945),《民主周刊(昆明)》,Directed,11271,,"<[1945.0, 1945.0]>",1,1945,昆明
曾守约(1945),《中华论坛》,Directed,11272,,"<[1945.0, 1945.0]>",1,1945,重庆
曾昭抡(1945),《民主(重庆)》,Directed,11273,,"<[1945.0, 1945.0]>",1,1945,重庆
曾琦(1945),《民主(重庆)》,Directed,11274,,"<[1945.0, 1945.0]>",1,1945,重庆
曾瑞(1945),《周报(上海1945)》,Directed,11275,,"<[1945.0, 1945.0]>",1,1945,上海
月伶(1945),《周报(上海1945)》,Directed,11276,,"<[1945.0, 1945.0]>",1,1945,上海
朝华(1945),《民主(重庆)》,Directed,11277,,"<[1945.0, 1945.0]>",1,1945,重庆
木林(1945),《国讯》,Directed,11278,,"<[1945.0, 1945.0]>",1,1945,上海
朱万柏(1945),《中央周刊》,Directed,11279,,"<[1945.0, 1945.0]>",1,1945,重庆
朱健飞(1945),《民主周刊(昆明)》,Directed,11280,,"<[1945.0, 1945.0]>",1,1945,昆明
朱声扬(1945),《时代杂志》,Directed,11281,,"<[1945.0, 1945.0]>",1,1945,上海
朱彬元(1945),《周报(上海1945)》,Directed,11282,,"<[1945.0, 1945.0]>",1,1945,上海
朱斆春(1945),《中央周刊》,Directed,11283,,"<[1945.0, 1945.0]>",1,1945,重庆
朱洗(1945),《周报(上海1945)》,Directed,11284,,"<[1945.0, 1945.0]>",1,1945,上海
朱自珍(1945),《周报(上海1945)》,Directed,11285,,"<[1945.0, 1945.0]>",1,1945,上海
李健吾(1945),《周报(上海1945)》,Directed,11286,,"<[1945.0, 1945.0]>",1,1945,上海
李兆(1945),《民主(上海)》,Directed,11287,,"<[1945.0, 1945.0]>",1,1945,上海
李公朴(1945),《周报(上海1945)》,Directed,11288,,"<[1945.0, 1945.0]>",1,1945,上海
李善卷(1945),《国讯》,Directed,11289,,"<[1945.0, 1945.0]>",1,1945,上海
李复康(1945),《文萃》,Directed,11290,,"<[1945.0, 1945.0]>",1,1945,上海
李安宅(1945),《中央周刊》,Directed,11291,,"<[1945.0, 1945.0]>",1,1945,重庆
李宗黄(1945),《中央周刊》,Directed,11292,,"<[1945.0, 1945.0]>",1,1945,重庆
李文治(1945),《中央周刊》,Directed,11293,,"<[1945.0, 1945.0]>",1,1945,重庆
李时中(1945),《周报(上海1945)》,Directed,11294,,"<[1945.0, 1945.0]>",1,1945,上海
李昂季叶夫(1945),《时代杂志》,Directed,11295,,"<[1945.0, 1945.0]>",1,1945,上海
李玄伯(1945),《周报(上海1945)》,Directed,11296,,"<[1945.0, 1945.0]>",1,1945,上海
李由基(1945),《文萃》,Directed,11297,,"<[1945.0, 1945.0]>",1,1945,上海
李翁诺夫(1945),《时代杂志》,Directed,11298,,"<[1945.0, 1945.0]>",1,1945,上海
李自强(1945),《周报(上海1945)》,Directed,11299,,"<[1945.0, 1945.0]>",1,1945,上海
杜宇(1945),《文萃》,Directed,11300,,"<[1945.0, 1945.0]>",1,1945,上海
杜迈之(1945),《民主周刊(昆明)》,Directed,11301,,"<[1945.0, 1945.0]>",1,1945,昆明
来秋(1945),《民主周刊(昆明)》,Directed,11302,,"<[1945.0, 1945.0]>",1,1945,昆明
杨__(1945),《中央周刊》,Directed,11303,,"<[1945.0, 1945.0]>",1,1945,重庆
杨伯铎(1945),《中央周刊》,Directed,11304,,"<[1945.0, 1945.0]>",1,1945,重庆
杨佑贤(1945),《民主(重庆)》,Directed,11305,,"<[1945.0, 1945.0]>",1,1945,重庆
杨作雨(1945),《民主(上海)》,Directed,11306,,"<[1945.0, 1945.0]>",1,1945,上海
杨动(1945),《民主(上海)》,Directed,11307,,"<[1945.0, 1945.0]>",1,1945,上海
杨学纯(1945),《民主(上海)》,Directed,11308,,"<[1945.0, 1945.0]>",1,1945,上海
杨宗亿(1945),《民主(上海)》,Directed,11309,,"<[1945.0, 1945.0]>",1,1945,上海
杨愚(1945),《民主(上海)》,Directed,11310,,"<[1945.0, 1945.0]>",1,1945,上海
杨明(1945),《民主周刊(昆明)》,Directed,11311,,"<[1945.0, 1945.0]>",1,1945,昆明
杨桂香(1945),《中央周刊》,Directed,11312,,"<[1945.0, 1945.0]>",1,1945,重庆
杨穗(1945),《民主周刊(昆明)》,Directed,11313,,"<[1945.0, 1945.0]>",1,1945,昆明
杨育良(1945),《中央周刊》,Directed,11314,,"<[1945.0, 1945.0]>",1,1945,重庆
杨荣国(1945),《中华论坛》,Directed,11315,,"<[1945.0, 1945.0]>",1,1945,重庆
杨蔚(1945),《国讯》,Directed,11316,,"<[1945.0, 1945.0]>",1,1945,上海
杨霁云(1945),《周报(上海1945)》,Directed,11317,,"<[1945.0, 1945.0]>",1,1945,上海
杭勤斯(1945),《中央周刊》,Directed,11318,,"<[1945.0, 1945.0]>",1,1945,重庆
杰尔札文(1945),《时代杂志》,Directed,11319,,"<[1945.0, 1945.0]>",1,1945,上海
杰拉斯(1945),《时代杂志》,Directed,11320,,"<[1945.0, 1945.0]>",1,1945,上海
林彬(1945),《中央周刊》,Directed,11321,,"<[1945.0, 1945.0]>",1,1945,重庆
林松(1945),《周报(上海1945)》,Directed,11322,,"<[1945.0, 1945.0]>",1,1945,上海
林汉达(1945),《周报(上海1945)》,Directed,11323,,"<[1945.0, 1945.0]>",1,1945,上海
林焕平(1945),《民主(重庆)》,Directed,11324,,"<[1945.0, 1945.0]>",1,1945,重庆
林谷(1945),《中华论坛》,Directed,11325,,"<[1945.0, 1945.0]>",1,1945,重庆
林辰(1945),《文萃》,Directed,11326,,"<[1945.0, 1945.0]>",1,1945,上海
林陵蓉(1945),《民主(重庆)》,Directed,11327,,"<[1945.0, 1945.0]>",1,1945,重庆
柏有仁(1945),《民主(重庆)》,Directed,11328,,"<[1945.0, 1945.0]>",1,1945,重庆
柏李可夫(1945),《时代杂志》,Directed,11329,,"<[1945.0, 1945.0]>",1,1945,上海
查免京(1945),《时代杂志》,Directed,11330,,"<[1945.0, 1945.0]>",1,1945,上海
查斯拉夫基斯(1945),《时代杂志》,Directed,11331,,"<[1945.0, 1945.0]>",1,1945,上海
柯灵(1945),《周报(上海1945)》,Directed,11332,,"<[1945.0, 1945.0]>",1,1945,上海
柯罗勃考夫(1945),《时代杂志》,Directed,11333,,"<[1945.0, 1945.0]>",1,1945,上海
柯象峯(1945),《中央周刊》,Directed,11334,,"<[1945.0, 1945.0]>",1,1945,重庆
柯里翁诺夫(1945),《时代杂志》,Directed,11335,,"<[1945.0, 1945.0]>",1,1945,上海
柳亚子(1945),《文萃》,Directed,11336,,"<[1945.0, 1945.0]>",1,1945,上海
柳亚子(1945),《时代杂志》,Directed,11337,,"<[1945.0, 1945.0]>",1,1945,上海
柳亚子(1945),《民主(上海)》,Directed,11338,,"<[1945.0, 1945.0]>",1,1945,上海
柳亚子(1945),《民主周刊(昆明)》,Directed,11339,,"<[1945.0, 1945.0]>",1,1945,昆明
柳巴尔(1945),《时代杂志》,Directed,11340,,"<[1945.0, 1945.0]>",1,1945,上海
柳蕴(1945),《民主(上海)》,Directed,11341,,"<[1945.0, 1945.0]>",1,1945,上海
树柯元(1945),《时代杂志》,Directed,11342,,"<[1945.0, 1945.0]>",1,1945,上海
树柯夫(1945),《时代杂志》,Directed,11343,,"<[1945.0, 1945.0]>",1,1945,上海
树鹃(1945),《国讯》,Directed,11344,,"<[1945.0, 1945.0]>",1,1945,上海
桑弧(1945),《周报(上海1945)》,Directed,11345,,"<[1945.0, 1945.0]>",1,1945,上海
梁寒操(1945),《中央周刊》,Directed,11346,,"<[1945.0, 1945.0]>",1,1945,重庆
梁纯夫(1945),《再生》,Directed,11347,,"<[1945.0, 1945.0]>",1,1945,重庆
梅兰芳(1945),《周报(上海1945)》,Directed,11348,,"<[1945.0, 1945.0]>",1,1945,上海
梅湜(1945),《民主(上海)》,Directed,11349,,"<[1945.0, 1945.0]>",1,1945,上海
梧轩(1945),《民主周刊(昆明)》,Directed,11350,,"<[1945.0, 1945.0]>",1,1945,昆明
楚图南(1945),《文萃》,Directed,11351,,"<[1945.0, 1945.0]>",1,1945,上海
欧罗(1945),《国讯》,Directed,11352,,"<[1945.0, 1945.0]>",1,1945,上海
欧阳予倩(1945),《文萃》,Directed,11353,,"<[1945.0, 1945.0]>",1,1945,上海
正非(1945),《民主周刊(昆明)》,Directed,11354,,"<[1945.0, 1945.0]>",1,1945,昆明
毕醒魂(1945),《中央周刊》,Directed,11355,,"<[1945.0, 1945.0]>",1,1945,重庆
民语(1945),《周报(上海1945)》,Directed,11356,,"<[1945.0, 1945.0]>",1,1945,上海
永先(1945),《周报(上海1945)》,Directed,11357,,"<[1945.0, 1945.0]>",1,1945,上海
汝德(1945),《民主周刊(昆明)》,Directed,11358,,"<[1945.0, 1945.0]>",1,1945,昆明
江同(1945),《民主周刊(昆明)》,Directed,11359,,"<[1945.0, 1945.0]>",1,1945,昆明
江煜(1945),《中央周刊》,Directed,11360,,"<[1945.0, 1945.0]>",1,1945,重庆
汤德臣(1945),《中央周刊》,Directed,11361,,"<[1945.0, 1945.0]>",1,1945,重庆
汤心仪(1945),《周报(上海1945)》,Directed,11362,,"<[1945.0, 1945.0]>",1,1945,上海
汪叔棣(1945),《中央周刊》,Directed,11363,,"<[1945.0, 1945.0]>",1,1945,重庆
汪大煊(1945),《周报(上海1945)》,Directed,11364,,"<[1945.0, 1945.0]>",1,1945,上海
汪洋(1945),《中央周刊》,Directed,11365,,"<[1945.0, 1945.0]>",1,1945,重庆
沈兹九(1945),《民主(重庆)》,Directed,11366,,"<[1945.0, 1945.0]>",1,1945,重庆
沈南乡(1945),《中央周刊》,Directed,11367,,"<[1945.0, 1945.0]>",1,1945,重庆
沈志远(1945),《周报(上海1945)》,Directed,11368,,"<[1945.0, 1945.0]>",1,1945,上海
沈来秋(1945),《民主周刊(昆明)》,Directed,11369,,"<[1945.0, 1945.0]>",1,1945,昆明
沈若谷(1945),《民主(重庆)》,Directed,11370,,"<[1945.0, 1945.0]>",1,1945,重庆
沈钧儒(1945),《再生》,Directed,11371,,"<[1945.0, 1945.0]>",1,1945,重庆
沙溪(1945),《国讯》,Directed,11372,,"<[1945.0, 1945.0]>",1,1945,上海
波克希谢夫斯基(1945),《时代杂志》,Directed,11373,,"<[1945.0, 1945.0]>",1,1945,上海
波诺马列夫(1945),《时代杂志》,Directed,11374,,"<[1945.0, 1945.0]>",1,1945,上海
洛明(1945),《民主(重庆)》,Directed,11375,,"<[1945.0, 1945.0]>",1,1945,重庆
洪涛(1945),《中央周刊》,Directed,11376,,"<[1945.0, 1945.0]>",1,1945,重庆
洪谦(1945),《民主周刊(昆明)》,Directed,11377,,"<[1945.0, 1945.0]>",1,1945,昆明
洪钧培(1945),《中央周刊》,Directed,11378,,"<[1945.0, 1945.0]>",1,1945,重庆
派夫劳夫(1945),《时代杂志》,Directed,11379,,"<[1945.0, 1945.0]>",1,1945,上海
济之(1945),《民主(上海)》,Directed,11380,,"<[1945.0, 1945.0]>",1,1945,上海
浩川(1945),《周报(上海1945)》,Directed,11381,,"<[1945.0, 1945.0]>",1,1945,上海
海密尔克(1945),《中央周刊》,Directed,11382,,"<[1945.0, 1945.0]>",1,1945,重庆
海魂(1945),《民主周刊(昆明)》,Directed,11383,,"<[1945.0, 1945.0]>",1,1945,昆明
涵先(1945),《民主(重庆)》,Directed,11384,,"<[1945.0, 1945.0]>",1,1945,重庆
淑林(1945),《时代杂志》,Directed,11385,,"<[1945.0, 1945.0]>",1,1945,上海
深公(1945),《中华论坛》,Directed,11386,,"<[1945.0, 1945.0]>",1,1945,重庆
清涟(1945),《民主(上海)》,Directed,11387,,"<[1945.0, 1945.0]>",1,1945,上海
渠之(1945),《民主(上海)》,Directed,11388,,"<[1945.0, 1945.0]>",1,1945,上海
游牧(1945),《民主周刊(昆明)》,Directed,11389,,"<[1945.0, 1945.0]>",1,1945,昆明
湘渔(1945),《民主(上海)》,Directed,11390,,"<[1945.0, 1945.0]>",1,1945,上海
潘光旦(1945),《中央周刊》,Directed,11391,,"<[1945.0, 1945.0]>",1,1945,重庆
潘光旦(1945),《民主(重庆)》,Directed,11392,,"<[1945.0, 1945.0]>",1,1945,重庆
潘光旦(1945),《民主周刊(昆明)》,Directed,11393,,"<[1945.0, 1945.0]>",1,1945,昆明
潘大逵(1945),《民主周刊(昆明)》,Directed,11394,,"<[1945.0, 1945.0]>",1,1945,昆明
潘孑农(1945),《文萃》,Directed,11395,,"<[1945.0, 1945.0]>",1,1945,上海
潘安业(1945),《周报(上海1945)》,Directed,11396,,"<[1945.0, 1945.0]>",1,1945,上海
潘梓年(1945),《再生》,Directed,11397,,"<[1945.0, 1945.0]>",1,1945,重庆
潘焕昆(1945),《国讯》,Directed,11398,,"<[1945.0, 1945.0]>",1,1945,上海
潘立桐(1945),《周报(上海1945)》,Directed,11399,,"<[1945.0, 1945.0]>",1,1945,上海
灕流(1945),《民主(重庆)》,Directed,11400,,"<[1945.0, 1945.0]>",1,1945,重庆
炎火(1945),《民主(上海)》,Directed,11401,,"<[1945.0, 1945.0]>",1,1945,上海
焦敏之(1945),《再生》,Directed,11402,,"<[1945.0, 1945.0]>",1,1945,重庆
焦敏之(1945),《文萃》,Directed,11403,,"<[1945.0, 1945.0]>",1,1945,上海
爱思金(1945),《国讯》,Directed,11404,,"<[1945.0, 1945.0]>",1,1945,上海
特戈尔(1945),《时代杂志》,Directed,11405,,"<[1945.0, 1945.0]>",1,1945,上海
特罗扬诺夫斯基(1945),《时代杂志》,Directed,11406,,"<[1945.0, 1945.0]>",1,1945,上海
特莱宁(1945),《时代杂志》,Directed,11407,,"<[1945.0, 1945.0]>",1,1945,上海
特鲁曼(1945),《时代杂志》,Directed,11408,,"<[1945.0, 1945.0]>",1,1945,上海
独郑步(1945),《民主周刊(昆明)》,Directed,11409,,"<[1945.0, 1945.0]>",1,1945,昆明
玉良(1945),《文萃》,Directed,11410,,"<[1945.0, 1945.0]>",1,1945,上海
王__(1945),《再生》,Directed,11411,,"<[1945.0, 1945.0]>",1,1945,重庆
王伯祥(1945),《民主(上海)》,Directed,11412,,"<[1945.0, 1945.0]>",1,1945,上海
王光汉(1945),《中央周刊》,Directed,11413,,"<[1945.0, 1945.0]>",1,1945,重庆
王善淳(1945),《国讯》,Directed,11414,,"<[1945.0, 1945.0]>",1,1945,上海
王子敬(1945),《再生》,Directed,11415,,"<[1945.0, 1945.0]>",1,1945,重庆
王季(1945),《文萃》,Directed,11416,,"<[1945.0, 1945.0]>",1,1945,上海
王文新(1945),《中央周刊》,Directed,11417,,"<[1945.0, 1945.0]>",1,1945,重庆
王正廷(1945),《中央周刊》,Directed,11418,,"<[1945.0, 1945.0]>",1,1945,重庆
王琦(1945),《周报(上海1945)》,Directed,11419,,"<[1945.0, 1945.0]>",1,1945,上海
王琦(1945),《文萃》,Directed,11420,,"<[1945.0, 1945.0]>",1,1945,上海
王申叔(1945),《中央周刊》,Directed,11421,,"<[1945.0, 1945.0]>",1,1945,重庆
王碎若(1945),《周报(上海1945)》,Directed,11422,,"<[1945.0, 1945.0]>",1,1945,上海
王绍鏊(1945),《周报(上海1945)》,Directed,11423,,"<[1945.0, 1945.0]>",1,1945,上海
王若飞(1945),《周报(上海1945)》,Directed,11424,,"<[1945.0, 1945.0]>",1,1945,上海
王赣愚(1945),《文萃》,Directed,11425,,"<[1945.0, 1945.0]>",1,1945,上海
王赣愚(1945),《民主周刊(昆明)》,Directed,11426,,"<[1945.0, 1945.0]>",1,1945,昆明
王铁猴(1945),《民主(上海)》,Directed,11427,,"<[1945.0, 1945.0]>",1,1945,上海
王集丛(1945),《中央周刊》,Directed,11428,,"<[1945.0, 1945.0]>",1,1945,重庆
王雨桐(1945),《周报(上海1945)》,Directed,11429,,"<[1945.0, 1945.0]>",1,1945,上海
王龄希(1945),《中央周刊》,Directed,11430,,"<[1945.0, 1945.0]>",1,1945,重庆
甘乃先(1945),《中央周刊》,Directed,11431,,"<[1945.0, 1945.0]>",1,1945,重庆
甘乃光(1945),《中央周刊》,Directed,11432,,"<[1945.0, 1945.0]>",1,1945,重庆
甘敏(1945),《民主周刊(昆明)》,Directed,11433,,"<[1945.0, 1945.0]>",1,1945,昆明
田宗(1945),《中央周刊》,Directed,11434,,"<[1945.0, 1945.0]>",1,1945,重庆
田禾(1945),《民主周刊(昆明)》,Directed,11435,,"<[1945.0, 1945.0]>",1,1945,昆明
申迟(1945),《国讯》,Directed,11436,,"<[1945.0, 1945.0]>",1,1945,上海
白英(1945),《民主周刊(昆明)》,Directed,11437,,"<[1945.0, 1945.0]>",1,1945,昆明
白鲁特(1945),《时代杂志》,Directed,11438,,"<[1945.0, 1945.0]>",1,1945,上海
百辞(1945),《文萃》,Directed,11439,,"<[1945.0, 1945.0]>",1,1945,上海
盛之(1945),《中央周刊》,Directed,11440,,"<[1945.0, 1945.0]>",1,1945,重庆
直心(1945),《民主(上海)》,Directed,11441,,"<[1945.0, 1945.0]>",1,1945,上海
瞿荆洲(1945),《周报(上海1945)》,Directed,11442,,"<[1945.0, 1945.0]>",1,1945,上海
知廉(1945),《民主(上海)》,Directed,11443,,"<[1945.0, 1945.0]>",1,1945,上海
石啸冲(1945),《文萃》,Directed,11444,,"<[1945.0, 1945.0]>",1,1945,上海
石城(1945),《再生》,Directed,11445,,"<[1945.0, 1945.0]>",1,1945,重庆
石如(1945),《中华论坛》,Directed,11446,,"<[1945.0, 1945.0]>",1,1945,重庆
石梅(1945),《民主(重庆)》,Directed,11447,,"<[1945.0, 1945.0]>",1,1945,重庆
石渊(1945),《周报(上海1945)》,Directed,11448,,"<[1945.0, 1945.0]>",1,1945,上海
祝世康(1945),《国讯》,Directed,11449,,"<[1945.0, 1945.0]>",1,1945,上海
祝公健(1945),《再生》,Directed,11450,,"<[1945.0, 1945.0]>",1,1945,重庆
秉志(1945),《民主(上海)》,Directed,11451,,"<[1945.0, 1945.0]>",1,1945,上海
秋原(1945),《周报(上海1945)》,Directed,11452,,"<[1945.0, 1945.0]>",1,1945,上海
秦柳方(1945),《文萃》,Directed,11453,,"<[1945.0, 1945.0]>",1,1945,上海
程仲文(1945),《中央周刊》,Directed,11454,,"<[1945.0, 1945.0]>",1,1945,重庆
程力方(1945),《周报(上海1945)》,Directed,11455,,"<[1945.0, 1945.0]>",1,1945,上海
程及(1945),《民主(上海)》,Directed,11456,,"<[1945.0, 1945.0]>",1,1945,上海
程启钧(1945),《中央周刊》,Directed,11457,,"<[1945.0, 1945.0]>",1,1945,重庆
程启钧(1945),《民主(上海)》,Directed,11458,,"<[1945.0, 1945.0]>",1,1945,上海
程国勳(1945),《中央周刊》,Directed,11459,,"<[1945.0, 1945.0]>",1,1945,重庆
程澄之(1945),《民主周刊(昆明)》,Directed,11460,,"<[1945.0, 1945.0]>",1,1945,昆明
穆欣(1945),《国讯》,Directed,11461,,"<[1945.0, 1945.0]>",1,1945,上海
穆欣(1945),《民主周刊(昆明)》,Directed,11462,,"<[1945.0, 1945.0]>",1,1945,昆明
穆涛(1945),《民主周刊(昆明)》,Directed,11463,,"<[1945.0, 1945.0]>",1,1945,昆明
穆超(1945),《中央周刊》,Directed,11464,,"<[1945.0, 1945.0]>",1,1945,重庆
立垒(1945),《民主(上海)》,Directed,11465,,"<[1945.0, 1945.0]>",1,1945,上海
章乃器(1945),《民主(重庆)》,Directed,11466,,"<[1945.0, 1945.0]>",1,1945,重庆
章伯钧(1945),《再生》,Directed,11467,,"<[1945.0, 1945.0]>",1,1945,重庆
章榴(1945),《周报(上海1945)》,Directed,11468,,"<[1945.0, 1945.0]>",1,1945,上海
章锡琛(1945),《周报(上海1945)》,Directed,11469,,"<[1945.0, 1945.0]>",1,1945,上海
童世希(1945),《中央周刊》,Directed,11470,,"<[1945.0, 1945.0]>",1,1945,重庆
童润之(1945),《国讯》,Directed,11471,,"<[1945.0, 1945.0]>",1,1945,上海
端森蕻良(1945),《文萃》,Directed,11472,,"<[1945.0, 1945.0]>",1,1945,上海
竹云龙(1945),《周报(上海1945)》,Directed,11473,,"<[1945.0, 1945.0]>",1,1945,上海
笪移今(1945),《民主(重庆)》,Directed,11474,,"<[1945.0, 1945.0]>",1,1945,重庆
简樸(1945),《民主(重庆)》,Directed,11475,,"<[1945.0, 1945.0]>",1,1945,重庆
箫明(1945),《民主(重庆)》,Directed,11476,,"<[1945.0, 1945.0]>",1,1945,重庆
米哈依洛夫(1945),《时代杂志》,Directed,11477,,"<[1945.0, 1945.0]>",1,1945,上海
米尔让诺夫(1945),《时代杂志》,Directed,11478,,"<[1945.0, 1945.0]>",1,1945,上海
米希然(1945),《中央周刊》,Directed,11479,,"<[1945.0, 1945.0]>",1,1945,重庆
索科洛夫(1945),《时代杂志》,Directed,11480,,"<[1945.0, 1945.0]>",1,1945,上海
索罗金(1945),《时代杂志》,Directed,11481,,"<[1945.0, 1945.0]>",1,1945,上海
索非(1945),《民主(上海)》,Directed,11482,,"<[1945.0, 1945.0]>",1,1945,上海
纪鲁(1945),《周报(上海1945)》,Directed,11483,,"<[1945.0, 1945.0]>",1,1945,上海
绀弩(1945),《民主(上海)》,Directed,11484,,"<[1945.0, 1945.0]>",1,1945,上海
维歇鲁兴(1945),《时代杂志》,Directed,11485,,"<[1945.0, 1945.0]>",1,1945,上海
维辛斯基(1945),《时代杂志》,Directed,11486,,"<[1945.0, 1945.0]>",1,1945,上海
绿川英子(1945),《文萃》,Directed,11487,,"<[1945.0, 1945.0]>",1,1945,上海
罗任一(1945),《中华论坛》,Directed,11488,,"<[1945.0, 1945.0]>",1,1945,重庆
罗保吾(1945),《中央周刊》,Directed,11489,,"<[1945.0, 1945.0]>",1,1945,重庆
罗努生(1945),《民主(重庆)》,Directed,11490,,"<[1945.0, 1945.0]>",1,1945,重庆
罗奇翁诺夫(1945),《时代杂志》,Directed,11491,,"<[1945.0, 1945.0]>",1,1945,上海
罗守信(1945),《国讯》,Directed,11492,,"<[1945.0, 1945.0]>",1,1945,上海
罗尔鲍(1945),《周报(上海1945)》,Directed,11493,,"<[1945.0, 1945.0]>",1,1945,上海
罗斯福(1945),《中华论坛》,Directed,11494,,"<[1945.0, 1945.0]>",1,1945,重庆
罗稷南(1945),《周报(上海1945)》,Directed,11495,,"<[1945.0, 1945.0]>",1,1945,上海
罗西(1945),《民主(上海)》,Directed,11496,,"<[1945.0, 1945.0]>",1,1945,上海
罗贝慈(1945),《国讯》,Directed,11497,,"<[1945.0, 1945.0]>",1,1945,上海
罗醒魂(1945),《中央周刊》,Directed,11498,,"<[1945.0, 1945.0]>",1,1945,重庆
罗隆基(1945),《文萃》,Directed,11499,,"<[1945.0, 1945.0]>",1,1945,上海
罗隆基(1945),《民主(重庆)》,Directed,11500,,"<[1945.0, 1945.0]>",1,1945,重庆
翁文灏(1945),《中央周刊》,Directed,11501,,"<[1945.0, 1945.0]>",1,1945,重庆
翁文灏(1945),《民主(上海)》,Directed,11502,,"<[1945.0, 1945.0]>",1,1945,上海
翦伯赞(1945),《文萃》,Directed,11503,,"<[1945.0, 1945.0]>",1,1945,上海
翦伯赞(1945),《民主(重庆)》,Directed,11504,,"<[1945.0, 1945.0]>",1,1945,重庆
耀羣(1945),《民主(上海)》,Directed,11505,,"<[1945.0, 1945.0]>",1,1945,上海
老圣(1945),《民主(上海)》,Directed,11506,,"<[1945.0, 1945.0]>",1,1945,上海
老舍(1945),《周报(上海1945)》,Directed,11507,,"<[1945.0, 1945.0]>",1,1945,上海
耿介怀(1945),《再生》,Directed,11508,,"<[1945.0, 1945.0]>",1,1945,重庆
耿济之(1945),《周报(上海1945)》,Directed,11509,,"<[1945.0, 1945.0]>",1,1945,上海
聂帕姆年亚斯基(1945),《时代杂志》,Directed,11510,,"<[1945.0, 1945.0]>",1,1945,上海
肇世(1945),《国讯》,Directed,11511,,"<[1945.0, 1945.0]>",1,1945,上海
肯明斯(1945),《国讯》,Directed,11512,,"<[1945.0, 1945.0]>",1,1945,上海
胡剑(1945),《民主(上海)》,Directed,11513,,"<[1945.0, 1945.0]>",1,1945,上海
胡大庆(1945),《国讯》,Directed,11514,,"<[1945.0, 1945.0]>",1,1945,上海
胡思濂(1945),《周报(上海1945)》,Directed,11515,,"<[1945.0, 1945.0]>",1,1945,上海
胡春冰(1945),《文萃》,Directed,11516,,"<[1945.0, 1945.0]>",1,1945,上海
胡琳(1945),《中央周刊》,Directed,11517,,"<[1945.0, 1945.0]>",1,1945,重庆
胡经纬(1945),《民主(重庆)》,Directed,11518,,"<[1945.0, 1945.0]>",1,1945,重庆
胡绳(1945),《民主周刊(昆明)》,Directed,11519,,"<[1945.0, 1945.0]>",1,1945,昆明
胡钊(1945),《国讯》,Directed,11520,,"<[1945.0, 1945.0]>",1,1945,上海
舒模(1945),《文萃》,Directed,11521,,"<[1945.0, 1945.0]>",1,1945,上海
舒湮(1945),《周报(上海1945)》,Directed,11522,,"<[1945.0, 1945.0]>",1,1945,上海
舜生(1945),《民主(重庆)》,Directed,11523,,"<[1945.0, 1945.0]>",1,1945,重庆
艾艾(1945),《再生》,Directed,11524,,"<[1945.0, 1945.0]>",1,1945,重庆
艾芜(1945),《周报(上海1945)》,Directed,11525,,"<[1945.0, 1945.0]>",1,1945,上海
艾莤(1945),《民主周刊(昆明)》,Directed,11526,,"<[1945.0, 1945.0]>",1,1945,昆明
花西里(1945),《民主周刊(昆明)》,Directed,11527,,"<[1945.0, 1945.0]>",1,1945,昆明
苏东(1945),《民主周刊(昆明)》,Directed,11528,,"<[1945.0, 1945.0]>",1,1945,昆明
若霞(1945),《中央周刊》,Directed,11529,,"<[1945.0, 1945.0]>",1,1945,重庆
苦人(1945),《周报(上海1945)》,Directed,11530,,"<[1945.0, 1945.0]>",1,1945,上海
英文原(1945),《文萃》,Directed,11531,,"<[1945.0, 1945.0]>",1,1945,上海
范樸斋(1945),《民主(重庆)》,Directed,11532,,"<[1945.0, 1945.0]>",1,1945,重庆
茅盾(1945),《周报(上海1945)》,Directed,11533,,"<[1945.0, 1945.0]>",1,1945,上海
茅盾(1945),《国讯》,Directed,11534,,"<[1945.0, 1945.0]>",1,1945,上海
荃麟(1945),《文萃》,Directed,11535,,"<[1945.0, 1945.0]>",1,1945,上海
荃麟(1945),《民主(重庆)》,Directed,11536,,"<[1945.0, 1945.0]>",1,1945,重庆
草草(1945),《周报(上海1945)》,Directed,11537,,"<[1945.0, 1945.0]>",1,1945,上海
莊稼(1945),《民主(重庆)》,Directed,11538,,"<[1945.0, 1945.0]>",1,1945,重庆
莫同尧(1945),《民主(重庆)》,Directed,11539,,"<[1945.0, 1945.0]>",1,1945,重庆
莫启欧(1945),《周报(上海1945)》,Directed,11540,,"<[1945.0, 1945.0]>",1,1945,上海
莫拉夫斯基(1945),《时代杂志》,Directed,11541,,"<[1945.0, 1945.0]>",1,1945,上海
莫洛托夫(1945),《时代杂志》,Directed,11542,,"<[1945.0, 1945.0]>",1,1945,上海
莫白水(1945),《民主(上海)》,Directed,11543,,"<[1945.0, 1945.0]>",1,1945,上海
莫闻(1945),《民主周刊(昆明)》,Directed,11544,,"<[1945.0, 1945.0]>",1,1945,昆明
莫馨娜(1945),《时代杂志》,Directed,11545,,"<[1945.0, 1945.0]>",1,1945,上海
菲尔林格(1945),《时代杂志》,Directed,11546,,"<[1945.0, 1945.0]>",1,1945,上海
萧余(1945),《文萃》,Directed,11547,,"<[1945.0, 1945.0]>",1,1945,上海
萧公权(1945),《中央周刊》,Directed,11548,,"<[1945.0, 1945.0]>",1,1945,重庆
萧军(1945),《文萃》,Directed,11549,,"<[1945.0, 1945.0]>",1,1945,上海
萧孝嵘(1945),《中央周刊》,Directed,11550,,"<[1945.0, 1945.0]>",1,1945,重庆
葛一虹(1945),《民主(上海)》,Directed,11551,,"<[1945.0, 1945.0]>",1,1945,上海
葛琴(1945),《文萃》,Directed,11552,,"<[1945.0, 1945.0]>",1,1945,上海
董君淮(1945),《中央周刊》,Directed,11553,,"<[1945.0, 1945.0]>",1,1945,重庆
董浩(1945),《周报(上海1945)》,Directed,11554,,"<[1945.0, 1945.0]>",1,1945,上海
董渭川(1945),《国讯》,Directed,11555,,"<[1945.0, 1945.0]>",1,1945,上海
蒂托(1945),《时代杂志》,Directed,11556,,"<[1945.0, 1945.0]>",1,1945,上海
蒋介石(1945),《时代杂志》,Directed,11557,,"<[1945.0, 1945.0]>",1,1945,上海
蒋千里(1945),《中央周刊》,Directed,11558,,"<[1945.0, 1945.0]>",1,1945,重庆
蒋旨昂(1945),《中央周刊》,Directed,11559,,"<[1945.0, 1945.0]>",1,1945,重庆
蒋畴余(1945),《周报(上海1945)》,Directed,11560,,"<[1945.0, 1945.0]>",1,1945,上海
蒲作(1945),《民主(上海)》,Directed,11561,,"<[1945.0, 1945.0]>",1,1945,上海
蓝光(1945),《民主(上海)》,Directed,11562,,"<[1945.0, 1945.0]>",1,1945,上海
蓝夫(1945),《文萃》,Directed,11563,,"<[1945.0, 1945.0]>",1,1945,上海
蔡乐生(1945),《中央周刊》,Directed,11564,,"<[1945.0, 1945.0]>",1,1945,重庆
蔡楚生(1945),《周报(上海1945)》,Directed,11565,,"<[1945.0, 1945.0]>",1,1945,上海
薛光前(1945),《国讯》,Directed,11566,,"<[1945.0, 1945.0]>",1,1945,上海
薛汕(1945),《周报(上海1945)》,Directed,11567,,"<[1945.0, 1945.0]>",1,1945,上海
薛汕(1945),《文萃》,Directed,11568,,"<[1945.0, 1945.0]>",1,1945,上海
薛汕(1945),《民主(重庆)》,Directed,11569,,"<[1945.0, 1945.0]>",1,1945,重庆
虞人平(1945),《周报(上海1945)》,Directed,11570,,"<[1945.0, 1945.0]>",1,1945,上海
虞德林(1945),《周报(上海1945)》,Directed,11571,,"<[1945.0, 1945.0]>",1,1945,上海
衍棣(1945),《周报(上海1945)》,Directed,11572,,"<[1945.0, 1945.0]>",1,1945,上海
袁公为(1945),《中央周刊》,Directed,11573,,"<[1945.0, 1945.0]>",1,1945,重庆
观察者(1945),《民主(重庆)》,Directed,11574,,"<[1945.0, 1945.0]>",1,1945,重庆
言复(1945),《中华论坛》,Directed,11575,,"<[1945.0, 1945.0]>",1,1945,重庆
詹文浒(1945),《中央周刊》,Directed,11576,,"<[1945.0, 1945.0]>",1,1945,重庆
詹文涛(1945),《中央周刊》,Directed,11577,,"<[1945.0, 1945.0]>",1,1945,重庆
警予(1945),《周报(上海1945)》,Directed,11578,,"<[1945.0, 1945.0]>",1,1945,上海
许声鹗(1945),《中央周刊》,Directed,11579,,"<[1945.0, 1945.0]>",1,1945,重庆
许寿裳(1945),《民主(重庆)》,Directed,11580,,"<[1945.0, 1945.0]>",1,1945,重庆
许癀平(1945),《民主(上海)》,Directed,11581,,"<[1945.0, 1945.0]>",1,1945,上海
许超(1945),《文萃》,Directed,11582,,"<[1945.0, 1945.0]>",1,1945,上海
许霏(1945),《文萃》,Directed,11583,,"<[1945.0, 1945.0]>",1,1945,上海
诸慧(1945),《民主周刊(昆明)》,Directed,11584,,"<[1945.0, 1945.0]>",1,1945,昆明
调孚(1945),《周报(上海1945)》,Directed,11585,,"<[1945.0, 1945.0]>",1,1945,上海
谈兵(1945),《国讯》,Directed,11586,,"<[1945.0, 1945.0]>",1,1945,上海
谢东平(1945),《文萃》,Directed,11587,,"<[1945.0, 1945.0]>",1,1945,上海
谢伽尔(1945),《时代杂志》,Directed,11588,,"<[1945.0, 1945.0]>",1,1945,上海
谢尚光(1945),《国讯》,Directed,11589,,"<[1945.0, 1945.0]>",1,1945,上海
谷荣(1945),《民主周刊(昆明)》,Directed,11590,,"<[1945.0, 1945.0]>",1,1945,昆明
贝塞尔(1945),《周报(上海1945)》,Directed,11591,,"<[1945.0, 1945.0]>",1,1945,上海
贝廖兹珂(1945),《时代杂志》,Directed,11592,,"<[1945.0, 1945.0]>",1,1945,上海
贞恒(1945),《中央周刊》,Directed,11593,,"<[1945.0, 1945.0]>",1,1945,重庆
费克(1945),《文萃》,Directed,11594,,"<[1945.0, 1945.0]>",1,1945,上海
费哲(1945),《再生》,Directed,11595,,"<[1945.0, 1945.0]>",1,1945,重庆
费孝通(1945),《文萃》,Directed,11596,,"<[1945.0, 1945.0]>",1,1945,上海
贺湄(1945),《再生》,Directed,11597,,"<[1945.0, 1945.0]>",1,1945,重庆
赛珍珠(1945),《中央周刊》,Directed,11598,,"<[1945.0, 1945.0]>",1,1945,重庆
赛菲洛夫(1945),《文萃》,Directed,11599,,"<[1945.0, 1945.0]>",1,1945,上海
赛菲洛夫(1945),《时代杂志》,Directed,11600,,"<[1945.0, 1945.0]>",1,1945,上海
赫伦尼柯夫(1945),《时代杂志》,Directed,11601,,"<[1945.0, 1945.0]>",1,1945,上海
赵捷民(1945),《中央周刊》,Directed,11602,,"<[1945.0, 1945.0]>",1,1945,重庆
赵樸(1945),《中央周刊》,Directed,11603,,"<[1945.0, 1945.0]>",1,1945,重庆
赵毅甫(1945),《中央周刊》,Directed,11604,,"<[1945.0, 1945.0]>",1,1945,重庆
辛伯度(1945),《中央周刊》,Directed,11605,,"<[1945.0, 1945.0]>",1,1945,重庆
辛海(1945),《民主(重庆)》,Directed,11606,,"<[1945.0, 1945.0]>",1,1945,重庆
辛笛(1945),《民主(上海)》,Directed,11607,,"<[1945.0, 1945.0]>",1,1945,上海
迟达诺夫(1945),《时代杂志》,Directed,11608,,"<[1945.0, 1945.0]>",1,1945,上海
迦勃里洛维契(1945),《时代杂志》,Directed,11609,,"<[1945.0, 1945.0]>",1,1945,上海
迦拉克季昂诺夫(1945),《时代杂志》,Directed,11610,,"<[1945.0, 1945.0]>",1,1945,上海
迻山(1945),《周报(上海1945)》,Directed,11611,,"<[1945.0, 1945.0]>",1,1945,上海
退知(1945),《民主周刊(昆明)》,Directed,11612,,"<[1945.0, 1945.0]>",1,1945,昆明
邓初氏(1945),《民主(重庆)》,Directed,11613,,"<[1945.0, 1945.0]>",1,1945,重庆
邓初民(1945),《国讯》,Directed,11614,,"<[1945.0, 1945.0]>",1,1945,上海
邵冲霄(1945),《中央周刊》,Directed,11615,,"<[1945.0, 1945.0]>",1,1945,重庆
邵冲霄(1945),《国讯》,Directed,11616,,"<[1945.0, 1945.0]>",1,1945,上海
邵力子(1945),《中央周刊》,Directed,11617,,"<[1945.0, 1945.0]>",1,1945,重庆
邵力子(1945),《周报(上海1945)》,Directed,11618,,"<[1945.0, 1945.0]>",1,1945,上海
邵嘉陵(1945),《国讯》,Directed,11619,,"<[1945.0, 1945.0]>",1,1945,上海
邵慎之(1945),《文萃》,Directed,11620,,"<[1945.0, 1945.0]>",1,1945,上海
邹鲁(1945),《文萃》,Directed,11621,,"<[1945.0, 1945.0]>",1,1945,上海
郑光昭(1945),《民主(上海)》,Directed,11622,,"<[1945.0, 1945.0]>",1,1945,上海
郑初民(1945),《民主周刊(昆明)》,Directed,11623,,"<[1945.0, 1945.0]>",1,1945,昆明
郑振铎(1945),《民主(重庆)》,Directed,11624,,"<[1945.0, 1945.0]>",1,1945,重庆
郑独步(1945),《民主周刊(昆明)》,Directed,11625,,"<[1945.0, 1945.0]>",1,1945,昆明
郑璋(1945),《中央周刊》,Directed,11626,,"<[1945.0, 1945.0]>",1,1945,重庆
郭沬若(1945),《民主(重庆)》,Directed,11627,,"<[1945.0, 1945.0]>",1,1945,重庆
郭绍虞(1945),《周报(上海1945)》,Directed,11628,,"<[1945.0, 1945.0]>",1,1945,上海
金向凡(1945),《民主(重庆)》,Directed,11629,,"<[1945.0, 1945.0]>",1,1945,重庆
金枫(1945),《民主(上海)》,Directed,11630,,"<[1945.0, 1945.0]>",1,1945,上海
金端苓(1945),《文萃》,Directed,11631,,"<[1945.0, 1945.0]>",1,1945,上海
金风(1945),《时代杂志》,Directed,11632,,"<[1945.0, 1945.0]>",1,1945,上海
钟宣(1945),《中华论坛》,Directed,11633,,"<[1945.0, 1945.0]>",1,1945,重庆
钟百频(1945),《民主周刊(昆明)》,Directed,11634,,"<[1945.0, 1945.0]>",1,1945,昆明
钱端升(1945),《民主周刊(昆明)》,Directed,11635,,"<[1945.0, 1945.0]>",1,1945,昆明
铁僧(1945),《再生》,Directed,11636,,"<[1945.0, 1945.0]>",1,1945,重庆
锺吕恩(1945),《中央周刊》,Directed,11637,,"<[1945.0, 1945.0]>",1,1945,重庆
闻一多(1945),《民主周刊(昆明)》,Directed,11638,,"<[1945.0, 1945.0]>",1,1945,昆明
闻家駰(1945),《民主周刊(昆明)》,Directed,11639,,"<[1945.0, 1945.0]>",1,1945,昆明
闻家驷(1945),《民主周刊(昆明)》,Directed,11640,,"<[1945.0, 1945.0]>",1,1945,昆明
闾方(1945),《周报(上海1945)》,Directed,11641,,"<[1945.0, 1945.0]>",1,1945,上海
阳翰笙(1945),《文萃》,Directed,11642,,"<[1945.0, 1945.0]>",1,1945,上海
阿凌(1945),《民主(重庆)》,Directed,11643,,"<[1945.0, 1945.0]>",1,1945,重庆
阿基莫夫(1945),《时代杂志》,Directed,11644,,"<[1945.0, 1945.0]>",1,1945,上海
阿尔古斯(1945),《文萃》,Directed,11645,,"<[1945.0, 1945.0]>",1,1945,上海
阿希敦(1945),《国讯》,Directed,11646,,"<[1945.0, 1945.0]>",1,1945,上海
阿法那西叶夫(1945),《时代杂志》,Directed,11647,,"<[1945.0, 1945.0]>",1,1945,上海
阿特里(1945),《国讯》,Directed,11648,,"<[1945.0, 1945.0]>",1,1945,上海
陆平(1945),《民主周刊(昆明)》,Directed,11649,,"<[1945.0, 1945.0]>",1,1945,昆明
陆诒(1945),《周报(上海1945)》,Directed,11650,,"<[1945.0, 1945.0]>",1,1945,上海
陆诒(1945),《国讯》,Directed,11651,,"<[1945.0, 1945.0]>",1,1945,上海
陆钦墀(1945),《周报(上海1945)》,Directed,11652,,"<[1945.0, 1945.0]>",1,1945,上海
陆青(1945),《民主(重庆)》,Directed,11653,,"<[1945.0, 1945.0]>",1,1945,重庆
陈之骥(1945),《文萃》,Directed,11654,,"<[1945.0, 1945.0]>",1,1945,上海
陈亦丹(1945),《国讯》,Directed,11655,,"<[1945.0, 1945.0]>",1,1945,上海
陈亦丹(1945),《民主周刊(昆明)》,Directed,11656,,"<[1945.0, 1945.0]>",1,1945,昆明
陈健夫(1945),《中央周刊》,Directed,11657,,"<[1945.0, 1945.0]>",1,1945,重庆
陈元良(1945),《周报(上海1945)》,Directed,11658,,"<[1945.0, 1945.0]>",1,1945,上海
陈兆珂(1945),《周报(上海1945)》,Directed,11659,,"<[1945.0, 1945.0]>",1,1945,上海
陈加(1945),《中央周刊》,Directed,11660,,"<[1945.0, 1945.0]>",1,1945,重庆
陈博生(1945),《中央周刊》,Directed,11661,,"<[1945.0, 1945.0]>",1,1945,重庆
陈国钧(1945),《中央周刊》,Directed,11662,,"<[1945.0, 1945.0]>",1,1945,重庆
陈家康(1945),《中华论坛》,Directed,11663,,"<[1945.0, 1945.0]>",1,1945,重庆
陈封雄(1945),《国讯》,Directed,11664,,"<[1945.0, 1945.0]>",1,1945,上海
陈尚藩(1945),《周报(上海1945)》,Directed,11665,,"<[1945.0, 1945.0]>",1,1945,上海
陈志忠(1945),《中华论坛》,Directed,11666,,"<[1945.0, 1945.0]>",1,1945,重庆
陈愿(1945),《文萃》,Directed,11667,,"<[1945.0, 1945.0]>",1,1945,上海
陈时臬(1945),《民主(上海)》,Directed,11668,,"<[1945.0, 1945.0]>",1,1945,上海
陈明文(1945),《民主周刊(昆明)》,Directed,11669,,"<[1945.0, 1945.0]>",1,1945,昆明
陈汉清(1945),《中央周刊》,Directed,11670,,"<[1945.0, 1945.0]>",1,1945,重庆
陈烟桥刻(1945),《民主(上海)》,Directed,11671,,"<[1945.0, 1945.0]>",1,1945,上海
陈箇民(1945),《中央周刊》,Directed,11672,,"<[1945.0, 1945.0]>",1,1945,重庆
陈翰伯(1945),《文萃》,Directed,11673,,"<[1945.0, 1945.0]>",1,1945,上海
陈翰伯(1945),《民主(重庆)》,Directed,11674,,"<[1945.0, 1945.0]>",1,1945,重庆
陈范(1945),《民主(上海)》,Directed,11675,,"<[1945.0, 1945.0]>",1,1945,上海
陈菊珍(1945),《民主(上海)》,Directed,11676,,"<[1945.0, 1945.0]>",1,1945,上海
陈轲(1945),《周报(上海1945)》,Directed,11677,,"<[1945.0, 1945.0]>",1,1945,上海
陈辛(1945),《民主(上海)》,Directed,11678,,"<[1945.0, 1945.0]>",1,1945,上海
陈达(1945),《中央周刊》,Directed,11679,,"<[1945.0, 1945.0]>",1,1945,重庆
陈铨(1945),《中央周刊》,Directed,11680,,"<[1945.0, 1945.0]>",1,1945,重庆
陈铭(1945),《中央周刊》,Directed,11681,,"<[1945.0, 1945.0]>",1,1945,重庆
陈雪屏(1945),《中央周刊》,Directed,11682,,"<[1945.0, 1945.0]>",1,1945,重庆
陶__(1945),《中央周刊》,Directed,11683,,"<[1945.0, 1945.0]>",1,1945,重庆
陶樾(1945),《中央周刊》,Directed,11684,,"<[1945.0, 1945.0]>",1,1945,重庆
隐民(1945),《国讯》,Directed,11685,,"<[1945.0, 1945.0]>",1,1945,上海
雨生(1945),《民主(重庆)》,Directed,11686,,"<[1945.0, 1945.0]>",1,1945,重庆
雪峰(1945),《文萃》,Directed,11687,,"<[1945.0, 1945.0]>",1,1945,上海
雷凤池(1945),《中央周刊》,Directed,11688,,"<[1945.0, 1945.0]>",1,1945,重庆
雷诺斯(1945),《国讯》,Directed,11689,,"<[1945.0, 1945.0]>",1,1945,上海
雷铭(1945),《民主周刊(昆明)》,Directed,11690,,"<[1945.0, 1945.0]>",1,1945,昆明
青蛉(1945),《民主周刊(昆明)》,Directed,11691,,"<[1945.0, 1945.0]>",1,1945,昆明
韦康(1945),《再生》,Directed,11692,,"<[1945.0, 1945.0]>",1,1945,重庆
韦康(1945),《文萃》,Directed,11693,,"<[1945.0, 1945.0]>",1,1945,上海
韩北屏(1945),《文萃》,Directed,11694,,"<[1945.0, 1945.0]>",1,1945,上海
顾兹明(1945),《时代杂志》,Directed,11695,,"<[1945.0, 1945.0]>",1,1945,上海
顾德列伐蒂赫(1945),《时代杂志》,Directed,11696,,"<[1945.0, 1945.0]>",1,1945,上海
顾歇夫(1945),《时代杂志》,Directed,11697,,"<[1945.0, 1945.0]>",1,1945,上海
顾维钧(1945),《中央周刊》,Directed,11698,,"<[1945.0, 1945.0]>",1,1945,重庆
顾翊羣(1945),《中央周刊》,Directed,11699,,"<[1945.0, 1945.0]>",1,1945,重庆
顿风(1945),《周报(上海1945)》,Directed,11700,,"<[1945.0, 1945.0]>",1,1945,上海
颂俞华(1945),《国讯》,Directed,11701,,"<[1945.0, 1945.0]>",1,1945,上海
风沙(1945),《文萃》,Directed,11702,,"<[1945.0, 1945.0]>",1,1945,上海
马义(1945),《周报(上海1945)》,Directed,11703,,"<[1945.0, 1945.0]>",1,1945,上海
马代(1945),《民主周刊(昆明)》,Directed,11704,,"<[1945.0, 1945.0]>",1,1945,昆明
马元__(1945),《中央周刊》,Directed,11705,,"<[1945.0, 1945.0]>",1,1945,重庆
马叶(1945),《中央周刊》,Directed,11706,,"<[1945.0, 1945.0]>",1,1945,重庆
马寅初(1945),《文萃》,Directed,11707,,"<[1945.0, 1945.0]>",1,1945,上海
马寅初(1945),《民主(重庆)》,Directed,11708,,"<[1945.0, 1945.0]>",1,1945,重庆
马戈(1945),《周报(上海1945)》,Directed,11709,,"<[1945.0, 1945.0]>",1,1945,上海
马星野(1945),《中央周刊》,Directed,11710,,"<[1945.0, 1945.0]>",1,1945,重庆
马星野(1945),《国讯》,Directed,11711,,"<[1945.0, 1945.0]>",1,1945,上海
马歇尔(1945),《国讯》,Directed,11712,,"<[1945.0, 1945.0]>",1,1945,上海
马歇尔特(1945),《民主(上海)》,Directed,11713,,"<[1945.0, 1945.0]>",1,1945,上海
马远(1945),《民主周刊(昆明)》,Directed,11714,,"<[1945.0, 1945.0]>",1,1945,昆明
骆宾基(1945),《文萃》,Directed,11715,,"<[1945.0, 1945.0]>",1,1945,上海
高云云(1945),《中央周刊》,Directed,11716,,"<[1945.0, 1945.0]>",1,1945,重庆
高光(1945),《民主周刊(昆明)》,Directed,11717,,"<[1945.0, 1945.0]>",1,1945,昆明
高克夫(1945),《国讯》,Directed,11718,,"<[1945.0, 1945.0]>",1,1945,上海
高迈(1945),《中央周刊》,Directed,11719,,"<[1945.0, 1945.0]>",1,1945,重庆
魏友棐(1945),《周报(上海1945)》,Directed,11720,,"<[1945.0, 1945.0]>",1,1945,上海
魏惟仪(1945),《中央周刊》,Directed,11721,,"<[1945.0, 1945.0]>",1,1945,重庆
魏金枝(1945),《民主(上海)》,Directed,11722,,"<[1945.0, 1945.0]>",1,1945,上海
鱼目(1945),《周报(上海1945)》,Directed,11723,,"<[1945.0, 1945.0]>",1,1945,上海
鲁宾斯坦(1945),《时代杂志》,Directed,11724,,"<[1945.0, 1945.0]>",1,1945,上海
鲁山(1945),《民主周刊(昆明)》,Directed,11725,,"<[1945.0, 1945.0]>",1,1945,昆明
鲁林(1945),《中央周刊》,Directed,11726,,"<[1945.0, 1945.0]>",1,1945,重庆
鲁迅(1945),《周报(上海1945)》,Directed,11727,,"<[1945.0, 1945.0]>",1,1945,上海
鲁逵(1945),《周报(上海1945)》,Directed,11728,,"<[1945.0, 1945.0]>",1,1945,上海
鲍尔温(1945),《再生》,Directed,11729,,"<[1945.0, 1945.0]>",1,1945,重庆
鲍鸿生(1945),《周报(上海1945)》,Directed,11730,,"<[1945.0, 1945.0]>",1,1945,上海
黄吉兴(1945),《民主周刊(昆明)》,Directed,11731,,"<[1945.0, 1945.0]>",1,1945,昆明
黄大能(1945),《国讯》,Directed,11732,,"<[1945.0, 1945.0]>",1,1945,上海
黄宗英(1945),《周报(上海1945)》,Directed,11733,,"<[1945.0, 1945.0]>",1,1945,上海
黄杉(1945),《民主周刊(昆明)》,Directed,11734,,"<[1945.0, 1945.0]>",1,1945,昆明
黄正铭(1945),《中央周刊》,Directed,11735,,"<[1945.0, 1945.0]>",1,1945,重庆
黄河清(1945),《国讯》,Directed,11736,,"<[1945.0, 1945.0]>",1,1945,上海
黄海(1945),《民主周刊(昆明)》,Directed,11737,,"<[1945.0, 1945.0]>",1,1945,昆明
黄炎培(1945),《民主(重庆)》,Directed,11738,,"<[1945.0, 1945.0]>",1,1945,重庆
黄荣灿(1945),《文萃》,Directed,11739,,"<[1945.0, 1945.0]>",1,1945,上海
黄道庸(1945),《文萃》,Directed,11740,,"<[1945.0, 1945.0]>",1,1945,上海
黄道庸(1945),《民主(重庆)》,Directed,11741,,"<[1945.0, 1945.0]>",1,1945,重庆
黎冰鸿(1945),《文萃》,Directed,11742,,"<[1945.0, 1945.0]>",1,1945,上海
黎华(1945),《民主周刊(昆明)》,Directed,11743,,"<[1945.0, 1945.0]>",1,1945,昆明
黎平(1945),《国讯》,Directed,11744,,"<[1945.0, 1945.0]>",1,1945,上海
黎明(1945),《周报(上海1945)》,Directed,11745,,"<[1945.0, 1945.0]>",1,1945,上海
齐人(1945),《民主(上海)》,Directed,11746,,"<[1945.0, 1945.0]>",1,1945,上海
龙天峯(1945),《民主(上海)》,Directed,11747,,"<[1945.0, 1945.0]>",1,1945,上海
龙季子(1945),《文萃》,Directed,11748,,"<[1945.0, 1945.0]>",1,1945,上海
（印）约希(1945),《中华论坛》,Directed,11749,,"<[1945.0, 1945.0]>",1,1945,重庆
（法）·安德兰罗素(1945),《文萃》,Directed,11750,,"<[1945.0, 1945.0]>",1,1945,上海
（瑞士）G·凯勒(1945),《文萃》,Directed,11751,,"<[1945.0, 1945.0]>",1,1945,上海
（美）安德鲁鲍思(1945),《民主周刊(昆明)》,Directed,11752,,"<[1945.0, 1945.0]>",1,1945,昆明
（美）福尔曼(1945),《民主周刊(昆明)》,Directed,11753,,"<[1945.0, 1945.0]>",1,1945,昆明
（美）蓝纳(1945),《民主周刊(昆明)》,Directed,11754,,"<[1945.0, 1945.0]>",1,1945,昆明
（苏）Dmitrevsky，N.(1945),《中华论坛》,Directed,11755,,"<[1945.0, 1945.0]>",1,1945,重庆
（苏）树柯夫(1945),《时代杂志》,Directed,11756,,"<[1945.0, 1945.0]>",1,1945,上海
（苏）顾拉索夫(1945),《时代杂志》,Directed,11757,,"<[1945.0, 1945.0]>",1,1945,上海
（英）马可里(1945),《文萃》,Directed,11758,,"<[1945.0, 1945.0]>",1,1945,上海
（英）马可里(1945),《民主(重庆)》,Directed,11759,,"<[1945.0, 1945.0]>",1,1945,重庆
