Source,Target,Type,Id,Label,Weight,author,year,place
经济(1949),《展望》,Directed,91779,,13,陈行健,1949,南京
战局(1949),《展望》,Directed,91780,,11,波光,1949,南京
政局(1949),《展望》,Directed,91781,,11,张绍贤,1949,南京
展望(1949),《展望》,Directed,91782,,40,陈行健,1949,南京
国际(1949),《展望》,Directed,91786,,8,丁蕾,1949,南京
观察(1949),《观察》,Directed,91787,,24,苏复洛夫,1949,上海
门侧(1949),《展望》,Directed,91788,,6,谭波莉,1949,南京
佚史(1949),《再生》,Directed,91789,,4,齐芬,1949,上海
和平(1949),《展望》,Directed,91790,,16,驻青,1949,南京
战役(1949),《再生》,Directed,91792,,4,齐芬,1949,上海
江浙(1949),《再生》,Directed,91793,,4,齐芬,1949,上海
美国(1949),《展望》,Directed,91794,,8,费孝通,1949,南京
人民(1949),《光明报》,Directed,91795,,8,罗子为,1949,香港
使命(1949),《再生》,Directed,91796,,3,张肖梅 杨博如,1949,上海
先生(1949),《再生》,Directed,91797,,3,程文熙,1949,上海
北平(1949),《展望》,Directed,91798,,4,万异,1949,南京
君劢(1949),《再生》,Directed,91799,,3,程文熙,1949,上海
始末(1949),《再生》,Directed,91800,,3,王希和,1949,上海
对外贸易(1949),《再生》,Directed,91801,,3,张肖梅 杨博如,1949,上海
工作(1949),《观察》,Directed,91802,,3,储安平,1949,上海
应有(1949),《再生》,Directed,91803,,3,张肖梅 杨博如,1949,上海
我国(1949),《再生》,Directed,91804,,3,张肖梅 杨博如,1949,上海
报告(1949),《观察》,Directed,91805,,3,芝,1949,上海
措施(1949),《再生》,Directed,91806,,3,张肖梅 杨博如,1949,上海
政府(1949),《再生》,Directed,91807,,3,张肖梅 杨博如,1949,上海
柏林(1949),《再生》,Directed,91808,,3,王希和,1949,上海
言行(1949),《再生》,Directed,91809,,3,程文熙,1949,上海
迎接(1949),《光明报》,Directed,91810,,9,罗子为,1949,香港
重大(1949),《再生》,Directed,91811,,3,张肖梅 杨博如,1949,上海
问题(1949),《再生》,Directed,91812,,3,王希和,1949,上海
中央(1949),《观察》,Directed,91813,,2,龚祥瑞,1949,上海
先生(1949),《观察》,Directed,91814,,2,成纪,1949,上海
华南(1949),《展望》,Directed,91815,,2,欧阳春,1949,南京
南北(1949),《展望》,Directed,91816,,2,波光,1949,南京
台湾(1949),《光明报》,Directed,91817,,5,黄一中,1949,香港
和平(1949),《中建:综合版》,Directed,91818,,25,陈望道,1949,上海
和平(1949),《光明报》,Directed,91824,,6,黄药眠,1949,香港
城乡(1949),《光明报》,Directed,91825,,2,杨奎章,1949,香港
天津(1949),《展望》,Directed,91826,,2,仲亨,1949,南京
座谈(1949),《中建:综合版》,Directed,91827,,29,陈望道,1949,上海
待续(1949),《再生》,Directed,91834,,2,程文熙,1949,上海
意见(1949),《主流》,Directed,91835,,2,丁正伟,1949,南京
战争(1949),《展望》,Directed,91836,,2,波光,1949,南京
撤退(1949),《展望》,Directed,91837,,3,郑铁村,1949,南京
政治(1949),《中建:综合版》,Directed,91838,,16,陈仁炳,1949,上海
政治(1949),《展望》,Directed,91840,,3,丁蕾,1949,南京
教育(1949),《光明报》,Directed,91841,,3,柯永,1949,香港
文艺(1949),《展望》,Directed,91842,,2,冰菱,1949,南京
斗争(1949),《光明报》,Directed,91843,,2,高山,1949,香港
斗争(1949),《展望》,Directed,91844,,2,丁蕾,1949,南京
新奇(1949),《展望》,Directed,91845,,2,仲亨,1949,南京
杂谈(1949),《展望》,Directed,91846,,2,冰菱,1949,南京
武汉(1949),《展望》,Directed,91847,,3,春畦,1949,南京
民主(1949),《光明报》,Directed,91848,,9,谷新之,1949,香港
民主运动(1949),《光明报》,Directed,91850,,2,冰洋,1949,香港
渡江(1949),《展望》,Directed,91851,,3,柏苍,1949,南京
热忱(1949),《观察》,Directed,91852,,2,卢于道,1949,上海
生活(1949),《中建:综合版》,Directed,91853,,13,陈仁炳,1949,上海
社会主义(1949),《再生》,Directed,91854,,3,张君劢,1949,上海
美国(1949),《光明报》,Directed,91855,,2,冰洋,1949,香港
胜利(1949),《光明报》,Directed,91856,,10,群,1949,香港
解放(1949),《光明报》,Directed,91860,,4,梁若尘,1949,香港
香港(1949),《展望》,Directed,91862,,2,欧阳春,1949,南京
一代(1949),《中建》,Directed,91863,,1,史靖,1949,上海
一件(1949),《观察》,Directed,91864,,1,芝,1949,上海
一切(1949),《中建:综合版》,Directed,91865,,1,董冰如,1949,上海
一天(1949),《再生》,Directed,91866,,1,梁漱溟,1949,上海
一所(1949),《中建:综合版》,Directed,91867,,1,蔡尚思,1949,上海
一改(1949),《展望》,Directed,91868,,1,洪荒,1949,南京
一文(1949),《观察》,Directed,91869,,1,成纪,1949,上海
一时(1949),《中建:综合版》,Directed,91870,,1,杨卫玉,1949,上海
一期(1949),《观察》,Directed,91871,,1,芝,1949,上海
一点(1949),《中建:综合版》,Directed,91872,,1,张孟闻,1949,上海
一点(1949),《展望》,Directed,91873,,2,同父,1949,南京
一股(1949),《观察》,Directed,91875,,1,吴四维,1949,上海
一致(1949),《展望》,Directed,91876,,1,未明,1949,南京
万变不离其宗(1949),《展望》,Directed,91877,,1,柏苍,1949,南京
万岁(1949),《观察》,Directed,91878,,2,静远,1949,上海
万方(1949),《主流》,Directed,91880,,1,傅啓民,1949,南京
三五(1949),《再生》,Directed,91881,,1,张肖梅 杨博如,1949,上海
三八节(1949),《光明报》,Directed,91882,,1,陈若群,1949,香港
三六(1949),《再生》,Directed,91883,,1,张肖梅 杨博如,1949,上海
三十八年(1949),《展望》,Directed,91884,,1,杨诚,1949,南京
三四(1949),《再生》,Directed,91885,,1,张肖梅 杨博如,1949,上海
上刑(1949),《展望》,Directed,91886,,1,辛斤,1949,南京
上改(1949),《观察》,Directed,91887,,1,孙执中,1949,上海
上海(1949),《展望》,Directed,91888,,2,林穆光,1949,南京
下去(1949),《展望》,Directed,91890,,1,仲亨,1949,南京
下旬(1949),《观察》,Directed,91891,,1,芝,1949,上海
不了(1949),《光明报》,Directed,91892,,1,陈若群,1949,香港
不了(1949),《展望》,Directed,91893,,1,陈正兴 安,1949,南京
不会(1949),《光明报》,Directed,91894,,1,陶大镛,1949,香港
不可分割(1949),《中建:综合版》,Directed,91895,,1,笪移今,1949,上海
不好惹(1949),《展望》,Directed,91896,,1,仲亨,1949,南京
不放(1949),《展望》,Directed,91897,,1,横眉,1949,南京
不是(1949),《中建:综合版》,Directed,91898,,1,杨卫玉,1949,上海
不能(1949),《观察》,Directed,91899,,1,芝,1949,上海
不要(1949),《观察》,Directed,91900,,1,(苏)叶菲莫夫,1949,上海
世界(1949),《主流》,Directed,91901,,2,罗梦册,1949,南京
世界(1949),《光明报》,Directed,91903,,4,陶大镛,1949,香港
世界(1949),《展望》,Directed,91907,,1,丁蕾,1949,南京
世界(1949),《观察》,Directed,91908,,1,翁独健,1949,上海
世界大战(1949),《再生》,Directed,91909,,1,梁敬錞,1949,上海
东亚(1949),《展望》,Directed,91910,,1,岁奇,1949,南京
东北(1949),《展望》,Directed,91911,,1,陈途,1949,南京
东南亚(1949),《中建:综合版》,Directed,91912,,1,孟宪章,1949,上海
东南亚(1949),《展望》,Directed,91913,,1,孟宪章,1949,南京
东方(1949),《观察》,Directed,91914,,1,方成,1949,上海
东欧(1949),《观察》,Directed,91915,,1,方成 (罗马尼亚)Doru,1949,上海
东西(1949),《再生》,Directed,91916,,1,梁敬錞,1949,上海
两个(1949),《光明报》,Directed,91917,,1,孟南,1949,香港
两个(1949),《展望》,Directed,91918,,1,孟宪章,1949,南京
两利(1949),《展望》,Directed,91919,,1,光华 星覆,1949,南京
两周(1949),《展望》,Directed,91920,,1,艾苦鋆,1949,南京
两周年(1949),《光明报》,Directed,91921,,1,杨群,1949,香港
两国(1949),《展望》,Directed,91922,,1,丁蕾,1949,南京
两幅(1949),《观察》,Directed,91923,,1,方成 (罗马尼亚)Doru,1949,上海
两座(1949),《光明报》,Directed,91924,,1,王速之,1949,香港
两种(1949),《展望》,Directed,91925,,1,秀英 华辰,1949,南京
两篇(1949),《中建:综合版》,Directed,91926,,1,靳以,1949,上海
严重(1949),《光明报》,Directed,91927,,1,杨群,1949,香港
中产阶级(1949),《中建:综合版》,Directed,91928,,1,笪移今,1949,上海
中共(1949),《展望》,Directed,91929,,1,张绍贤,1949,南京
中华民国(1949),《再生》,Directed,91930,,1,张君劢,1949,上海
中原(1949),《中建:综合版》,Directed,91931,,1,本初,1949,上海
中国(1949),《主流》,Directed,91932,,2,罗梦册,1949,南京
中国(1949),《光明报》,Directed,91934,,3,黄药眠,1949,香港
中国(1949),《再生》,Directed,91937,,2,黎玄,1949,上海
中国(1949),《展望》,Directed,91939,,1,瞿士良,1949,南京
中大(1949),《光明报》,Directed,91940,,1,了然,1949,香港
中大(1949),《展望》,Directed,91941,,1,马梁,1949,南京
中央人民政府(1949),《观察》,Directed,91942,,1,储安平,1949,上海
中庸(1949),《中建:综合版》,Directed,91943,,1,汤德明,1949,上海
中心(1949),《光明报》,Directed,91944,,1,曾昭抡,1949,香港
中日(1949),《展望》,Directed,91945,,1,泉,1949,南京
中来(1949),《光明报》,Directed,91946,,1,李显仁,1949,香港
中的(1949),《展望》,Directed,91947,,1,横眉,1949,南京
中苏(1949),《观察》,Directed,91948,,1,翁独健,1949,上海
中间路线(1949),《展望》,Directed,91949,,1,瞿士良,1949,南京
丰年(1949),《展望》,Directed,91950,,1,可扬,1949,南京
临危(1949),《展望》,Directed,91951,,1,马梁,1949,南京
临危受命(1949),《展望》,Directed,91952,,1,未央,1949,南京
为例(1949),《中建:综合版》,Directed,91953,,1,蔡尚思,1949,上海
为止(1949),《展望》,Directed,91954,,1,仲亨,1949,南京
主人(1949),《观察》,Directed,91955,,1,(苏)库克里尼克希,1949,上海
主张(1949),《主流》,Directed,91956,,1,丁正伟,1949,南京
主流(1949),《主流》,Directed,91957,,1,丁正伟,1949,南京
主潮(1949),《主流》,Directed,91958,,1,罗梦册,1949,南京
之下(1949),《中建:综合版》,Directed,91959,,1,邹风,1949,上海
之亲(1949),《展望》,Directed,91960,,1,王铁崖,1949,南京
之四(1949),《再生》,Directed,91961,,1,余园,1949,上海
之外(1949),《展望》,Directed,91962,,1,未明,1949,南京
之战(1949),《展望》,Directed,91963,,1,仲亨,1949,南京
之新(1949),《主流》,Directed,91964,,1,李维林,1949,南京
之门开(1949),《展望》,Directed,91965,,1,驻青,1949,南京
之间(1949),《中建:综合版》,Directed,91966,,12,陈仁炳,1949,上海
之间(1949),《再生》,Directed,91978,,1,王厚生,1949,上海
之间(1949),《展望》,Directed,91979,,2,瑗,1949,南京
乐观(1949),《中建:综合版》,Directed,91981,,1,潘震亚,1949,上海
书城(1949),《展望》,Directed,91982,,1,秋田,1949,南京
书面报告(1949),《光明报》,Directed,91983,,1,朱启贤,1949,香港
买书(1949),《中建》,Directed,91984,,1,叶健铁,1949,上海
了解(1949),《展望》,Directed,91985,,1,非汎,1949,南京
争取(1949),《中建:综合版》,Directed,91986,,1,张孟闻,1949,上海
争取和平(1949),《中建:综合版》,Directed,91987,,1,李乡樸,1949,上海
争取和平(1949),《光明报》,Directed,91988,,1,Levy，H. 柯永,1949,香港
争取和平(1949),《展望》,Directed,91989,,1,丁蕾,1949,南京
事实(1949),《光明报》,Directed,91990,,1,陈若群,1949,香港
事实(1949),《展望》,Directed,91991,,1,陈正兴 安,1949,南京
事实(1949),《观察》,Directed,91992,,1,芝,1949,上海
事情(1949),《观察》,Directed,91993,,1,芝,1949,上海
二三(1949),《展望》,Directed,91994,,1,默文,1949,南京
二八(1949),《光明报》,Directed,91995,,1,杨群,1949,香港
云南(1949),《展望》,Directed,91996,,1,田寿,1949,南京
五天(1949),《观察》,Directed,91997,,1,静远,1949,上海
亚洲(1949),《展望》,Directed,91998,,1,丁蕾,1949,南京
亚澳(1949),《观察》,Directed,91999,,1,静远,1949,上海
交椅(1949),《展望》,Directed,92000,,1,蒋生,1949,南京
产生(1949),《中建:综合版》,Directed,92001,,1,徐革陈,1949,上海
京沪(1949),《光明报》,Directed,92002,,1,张弦,1949,香港
京穗(1949),《展望》,Directed,92003,,1,仲亨,1949,南京
京郊(1949),《观察》,Directed,92004,,1,孙执中,1949,上海
人们(1949),《展望》,Directed,92005,,1,由中,1949,南京
人口(1949),《观察》,Directed,92006,,1,吴方高 樊弘,1949,上海
人才(1949),《光明报》,Directed,92007,,1,秋枫,1949,香港
人权(1949),《再生》,Directed,92008,,1,张君劢,1949,上海
人民(1949),《展望》,Directed,92014,,3,阮富乙,1949,南京
人民(1949),《观察》,Directed,92017,,4,李梅,1949,上海
人民币(1949),《观察》,Directed,92021,,1,笪移今,1949,上海
人民政权(1949),《观察》,Directed,92022,,2,钱端升,1949,上海
人民解放军(1949),《展望》,Directed,92024,,1,流金,1949,南京
今日(1949),《主流》,Directed,92025,,1,李维林,1949,南京
仍旧(1949),《展望》,Directed,92026,,1,仲亨,1949,南京
从公(1949),《展望》,Directed,92027,,1,仲亨,1949,南京
代总统(1949),《展望》,Directed,92028,,3,田夫之,1949,南京
代表(1949),《展望》,Directed,92031,,1,仲亨,1949,南京
以后(1949),《展望》,Directed,92032,,1,张绍贤,1949,南京
以德(1949),《中建:综合版》,Directed,92033,,1,孙大雨,1949,上海
以德(1949),《展望》,Directed,92034,,1,陈仁炳,1949,南京
任何(1949),《中建:综合版》,Directed,92035,,1,焦敏之,1949,上海
任务(1949),《光明报》,Directed,92036,,1,丘克辉,1949,香港
任务(1949),《再生》,Directed,92037,,1,张君劢,1949,上海
任务(1949),《观察》,Directed,92038,,1,笪移今,1949,上海
仿行(1949),《再生》,Directed,92039,,1,齐芬,1949,上海
休养(1949),《展望》,Directed,92040,,1,蕾谷,1949,南京
会上(1949),《光明报》,Directed,92041,,1,朱启贤,1949,香港
会议(1949),《中建:综合版》,Directed,92042,,1,吕飞,1949,上海
会议(1949),《光明报》,Directed,92043,,1,梁纯夫,1949,香港
会议(1949),《展望》,Directed,92044,,1,丁蕾,1949,南京
会议(1949),《观察》,Directed,92045,,1,静远,1949,上海
传说(1949),《展望》,Directed,92046,,1,仲亨,1949,南京
伪装(1949),《中建:综合版》,Directed,92047,,1,陈旭麓,1949,上海
似弛(1949),《展望》,Directed,92048,,1,波光,1949,南京
何处(1949),《光明报》,Directed,92049,,1,秋枫,1949,香港
何处(1949),《展望》,Directed,92050,,1,石闻,1949,南京
何应钦(1949),《展望》,Directed,92051,,1,万殊,1949,南京
何时(1949),《展望》,Directed,92052,,1,张绍贤,1949,南京
作风(1949),《展望》,Directed,92053,,1,陈仁炳,1949,南京
侧闻(1949),《展望》,Directed,92054,,1,蕾谷,1949,南京
侨胞(1949),《光明报》,Directed,92055,,2,黄药眠,1949,香港
侵华(1949),《展望》,Directed,92057,,1,蔡尚思,1949,南京
侵占(1949),《观察》,Directed,92058,,1,方成,1949,上海
侵略(1949),《光明报》,Directed,92059,,1,小鱼,1949,香港
保守(1949),《展望》,Directed,92060,,1,费孝通,1949,南京
信心(1949),《中建:综合版》,Directed,92061,,1,漆琪生,1949,上海
信阳(1949),《展望》,Directed,92062,,1,文骊,1949,南京
倒楣(1949),《观察》,Directed,92063,,1,卜一,1949,上海
偏安(1949),《再生》,Directed,92064,,1,讷庵,1949,上海
偏差(1949),《展望》,Directed,92065,,1,仲亨,1949,南京
做出(1949),《中建:综合版》,Directed,92066,,1,张孟闻,1949,上海
健全(1949),《中建:综合版》,Directed,92067,,1,徐革陈,1949,上海
傅作义(1949),《展望》,Directed,92068,,1,朝月,1949,南京
催生(1949),《中建:综合版》,Directed,92069,,1,章靳以,1949,上海
元年(1949),《光明报》,Directed,92070,,1,李相符,1949,香港
元旦(1949),《再生》,Directed,92071,,1,沈伯任,1949,上海
元旦(1949),《展望》,Directed,92072,,1,杨诚,1949,南京
先生(1949),《中建》,Directed,92073,,1,封淑,1949,上海
先生(1949),《光明报》,Directed,92074,,5,黄朗,1949,香港
先生(1949),《展望》,Directed,92079,,1,洛羊,1949,南京
光荣(1949),《光明报》,Directed,92080,,1,李一民,1949,香港
兑现(1949),《展望》,Directed,92081,,1,陈行健,1949,南京
全代会(1949),《光明报》,Directed,92082,,1,黄朗,1949,香港
全国(1949),《光明报》,Directed,92083,,1,高山,1949,香港
全面(1949),《中建:综合版》,Directed,92084,,1,邹风,1949,上海
公约(1949),《展望》,Directed,92085,,1,丁蕾,1949,南京
公营(1949),《观察》,Directed,92086,,1,张敬亭,1949,上海
共党(1949),《展望》,Directed,92087,,1,仲亨,1949,南京
共区(1949),《中建:综合版》,Directed,92088,,1,本初,1949,上海
共区(1949),《展望》,Directed,92089,,1,秋田,1949,南京
共同纲领(1949),《观察》,Directed,92090,,4,钱端升,1949,上海
关系(1949),《光明报》,Directed,92094,,2,辽远,1949,香港
关键(1949),《展望》,Directed,92096,,1,非汎,1949,南京
其人(1949),《展望》,Directed,92097,,1,未央,1949,南京
具体(1949),《光明报》,Directed,92098,,1,杨群,1949,香港
具备(1949),《中建:综合版》,Directed,92099,,1,蔡尚思,1949,上海
内容(1949),《展望》,Directed,92100,,1,波光,1949,南京
内幕(1949),《光明报》,Directed,92101,,1,吴明石,1949,香港
内幕(1949),《展望》,Directed,92102,,1,全真,1949,南京
内战(1949),《中建:综合版》,Directed,92103,,1,陈仁炳,1949,上海
内政(1949),《展望》,Directed,92104,,1,丁蕾,1949,南京
内部(1949),《观察》,Directed,92105,,1,龚祥瑞,1949,上海
内阁(1949),《光明报》,Directed,92106,,1,李一民,1949,香港
内阁(1949),《展望》,Directed,92107,,1,仲亨,1949,南京
内阁(1949),《观察》,Directed,92108,,1,方成,1949,上海
冈村(1949),《展望》,Directed,92109,,1,蔡尚思,1949,南京
再战(1949),《展望》,Directed,92110,,1,之谷,1949,南京
军事(1949),《展望》,Directed,92111,,1,府师,1949,南京
农村(1949),《观察》,Directed,92112,,1,王小石,1949,上海
冬天(1949),《展望》,Directed,92113,,1,绍猷,1949,南京
冯裕(1949),《光明报》,Directed,92114,,2,李世浩,1949,香港
冯裕芳(1949),《光明报》,Directed,92116,,4,高天,1949,香港
冲突(1949),《再生》,Directed,92120,,1,梁敬錞,1949,上海
决定(1949),《观察》,Directed,92121,,1,芝,1949,上海
准备(1949),《光明报》,Directed,92122,,2,梁若尘,1949,香港
准备(1949),《展望》,Directed,92124,,1,柏苍,1949,南京
减号(1949),《展望》,Directed,92125,,1,仲亨,1949,南京
几个(1949),《展望》,Directed,92126,,1,非汎,1949,南京
几种(1949),《中建:综合版》,Directed,92127,,1,蔡尚思,1949,上海
出不起(1949),《展望》,Directed,92128,,1,瑗,1949,南京
出发(1949),《光明报》,Directed,92129,,1,李慧 于辅大,1949,香港
出现(1949),《展望》,Directed,92130,,1,仲亨,1949,南京
出逃(1949),《展望》,Directed,92131,,1,习门,1949,南京
刊物(1949),《观察》,Directed,92132,,1,沈叔平,1949,上海
刑罚(1949),《展望》,Directed,92133,,1,仲亨,1949,南京
刘项(1949),《再生》,Directed,92134,,1,讷庵,1949,上海
创制(1949),《再生》,Directed,92135,,1,齐芬,1949,上海
创建(1949),《中建:综合版》,Directed,92136,,1,朱绍文,1949,上海
利弊(1949),《再生》,Directed,92137,,1,讷庵,1949,上海
制造(1949),《光明报》,Directed,92138,,1,曾昭抡,1949,香港
前前后后(1949),《中建:综合版》,Directed,92139,,1,吕飞,1949,上海
前后(1949),《展望》,Directed,92140,,2,钱塘令,1949,南京
前夕(1949),《光明报》,Directed,92142,,2,秋明,1949,香港
前夜(1949),《展望》,Directed,92144,,1,欧阳春,1949,南京
前进(1949),《光明报》,Directed,92145,,1,李慧 于辅大,1949,香港
前途(1949),《中建:综合版》,Directed,92146,,1,张明养,1949,上海
前途(1949),《主流》,Directed,92147,,1,罗梦册,1949,南京
前途(1949),《光明报》,Directed,92148,,1,刘士伟,1949,香港
剧戏(1949),《展望》,Directed,92149,,1,村彬,1949,南京
力争(1949),《展望》,Directed,92150,,1,波光,1949,南京
力量(1949),《观察》,Directed,92151,,2,孙冰如,1949,上海
加号(1949),《展望》,Directed,92153,,1,仲亨,1949,南京
加紧(1949),《光明报》,Directed,92154,,1,梁若尘,1949,香港
加紧(1949),《观察》,Directed,92155,,1,李桦,1949,上海
动乱(1949),《展望》,Directed,92156,,1,全真,1949,南京
动向(1949),《展望》,Directed,92157,,2,春畦,1949,南京
劳动(1949),《光明报》,Directed,92159,,1,李显仁,1949,香港
劳资(1949),《展望》,Directed,92160,,1,光华 星覆,1949,南京
勾当(1949),《观察》,Directed,92161,,1,方成,1949,上海
北京(1949),《中建:综合版》,Directed,92162,,1,朝晴,1949,上海
北京大学(1949),《中建:综合版》,Directed,92163,,1,蔡尚思,1949,上海
北平(1949),《中建:综合版》,Directed,92164,,1,朝晴,1949,上海
北平(1949),《光明报》,Directed,92165,,1,李慧,1949,香港
匪字(1949),《展望》,Directed,92167,,1,仲亨,1949,南京
十讲(1949),《再生》,Directed,92168,,1,张君劢,1949,上海
华中(1949),《光明报》,Directed,92169,,1,张弦,1949,香港
华侨(1949),《光明报》,Directed,92170,,2,胡守愚,1949,香港
华北(1949),《光明报》,Directed,92172,,1,刘士伟,1949,香港
华南(1949),《光明报》,Directed,92173,,4,素武,1949,香港
华尔街(1949),《观察》,Directed,92177,,1,方成,1949,上海
协定(1949),《光明报》,Directed,92178,,1,思慕,1949,香港
南下(1949),《光明报》,Directed,92179,,1,李慧 于辅大,1949,香港
南京(1949),《中建:综合版》,Directed,92180,,2,辛圭,1949,上海
南京(1949),《光明报》,Directed,92182,,1,彝瀛,1949,香港
南京(1949),《展望》,Directed,92183,,1,张绍贤,1949,南京
南宋(1949),《再生》,Directed,92184,,1,讷庵,1949,上海
南方(1949),《光明报》,Directed,92185,,1,李慧 于辅大,1949,香港
南迁(1949),《展望》,Directed,92186,,1,瑗,1949,南京
南进(1949),《光明报》,Directed,92187,,1,陆诒,1949,香港
南飞(1949),《展望》,Directed,92188,,1,田夫之,1949,南京
印尼(1949),《展望》,Directed,92189,,1,丁蕾,1949,南京
危城(1949),《展望》,Directed,92190,,1,文骊,1949,南京
即墨(1949),《光明报》,Directed,92191,,1,王速之,1949,香港
历史(1949),《光明报》,Directed,92192,,1,冯素陶,1949,香港
压轴戏(1949),《展望》,Directed,92193,,1,张绍贤,1949,南京
原则(1949),《展望》,Directed,92194,,1,同父,1949,南京
原则(1949),《观察》,Directed,92195,,1,龚祥瑞,1949,上海
去年(1949),《观察》,Directed,92196,,1,芝,1949,上海
友好(1949),《观察》,Directed,92197,,1,翁独健,1949,上海
友谊(1949),《光明报》,Directed,92198,,1,群,1949,香港
反动派(1949),《光明报》,Directed,92199,,2,黄药眠,1949,香港
反对(1949),《光明报》,Directed,92201,,1,彝瀛,1949,香港
发展(1949),《光明报》,Directed,92202,,1,李显仁,1949,香港
发展(1949),《展望》,Directed,92203,,2,柏苍,1949,南京
发掘(1949),《光明报》,Directed,92205,,1,秋枫,1949,香港
发现(1949),《主流》,Directed,92206,,1,李维林,1949,南京
发表(1949),《观察》,Directed,92207,,1,芝,1949,上海
发表声明(1949),《展望》,Directed,92208,,1,张绍贤,1949,南京
取消(1949),《展望》,Directed,92209,,1,萧贤,1949,南京
受难(1949),《光明报》,Directed,92210,,1,黄药眠,1949,香港
古城(1949),《中建:综合版》,Directed,92211,,1,朝晴,1949,上海
句践(1949),《展望》,Directed,92212,,1,仲亨,1949,南京
只有(1949),《展望》,Directed,92213,,1,陈仁炳,1949,南京
叫做(1949),《展望》,Directed,92214,,1,光华 星覆,1949,南京
可怕(1949),《中建:综合版》,Directed,92215,,1,陈旭麓,1949,上海
台湾(1949),《展望》,Directed,92219,,3,陈福悲,1949,南京
号召(1949),《展望》,Directed,92222,,1,波光,1949,南京
司徒(1949),《展望》,Directed,92223,,1,仲亨,1949,南京
司法(1949),《观察》,Directed,92224,,1,储安平,1949,上海
各级(1949),《观察》,Directed,92225,,1,龚祥瑞,1949,上海
各部(1949),《观察》,Directed,92226,,1,龚祥瑞,1949,上海
合作(1949),《光明报》,Directed,92227,,1,罗子为,1949,香港
合理(1949),《中建:综合版》,Directed,92228,,2,笪移今,1949,上海
合肥(1949),《展望》,Directed,92230,,1,杜渐,1949,南京
吉田(1949),《展望》,Directed,92231,,1,瑞仁,1949,南京
同志(1949),《光明报》,Directed,92232,,3,辽远,1949,香港
同盟(1949),《观察》,Directed,92235,,1,方成,1949,上海
名词(1949),《展望》,Directed,92236,,1,冰菱,1949,南京
后而作(1949),《中建:综合版》,Directed,92237,,1,靳以,1949,上海
向着(1949),《光明报》,Directed,92238,,1,李慧 于辅大,1949,香港
启蒙运动(1949),《中建:综合版》,Directed,92239,,1,陈仁炳,1949,上海
周旋到底(1949),《中建:综合版》,Directed,92240,,1,潘震亚,1949,上海
周鸿经(1949),《展望》,Directed,92241,,1,马梁,1949,南京
和平(1949),《观察》,Directed,92267,,2,翁独健,1949,上海
和战(1949),《中建:综合版》,Directed,92269,,1,蔡尚思,1949,上海
和谈(1949),《中建:综合版》,Directed,92270,,2,漆琪生,1949,上海
和谈(1949),《展望》,Directed,92272,,5,马霍京,1949,南京
和贩(1949),《中建:综合版》,Directed,92277,,1,漆琪生,1949,上海
哈尔滨(1949),《观察》,Directed,92278,,1,储安平,1949,上海
哪里(1949),《展望》,Directed,92279,,1,朝月,1949,南京
哲学(1949),《主流》,Directed,92280,,1,欧阳澄节,1949,南京
哲学家(1949),《再生》,Directed,92281,,1,张君劢,1949,上海
善战(1949),《展望》,Directed,92282,,1,辛斤,1949,南京
嘉湖(1949),《展望》,Directed,92283,,1,德明,1949,南京
四七(1949),《再生》,Directed,92284,,1,王希和,1949,上海
四国(1949),《光明报》,Directed,92285,,1,梁纯夫,1949,香港
四川(1949),《展望》,Directed,92286,,1,石闻,1949,南京
回日(1949),《展望》,Directed,92287,,1,蔡尚思,1949,南京
回顾(1949),《再生》,Directed,92288,,1,王厚生,1949,上海
回顾(1949),《展望》,Directed,92289,,2,柏苍,1949,南京
团结(1949),《观察》,Directed,92291,,1,静远,1949,上海
国会(1949),《展望》,Directed,92292,,1,费孝通,1949,南京
国家(1949),《展望》,Directed,92293,,1,孟宪章,1949,南京
国家(1949),《观察》,Directed,92294,,1,方成 (罗马尼亚)Doru,1949,上海
国防(1949),《展望》,Directed,92295,,1,丁蕾,1949,南京
土共(1949),《展望》,Directed,92296,,1,南人,1949,南京
土地(1949),《主流》,Directed,92297,,1,丁正伟,1949,南京
土地改革(1949),《中建》,Directed,92298,,1,封淑,1949,上海
土地改革(1949),《主流》,Directed,92299,,1,丁正伟,1949,南京
圣诞(1949),《中建》,Directed,92300,,1,赵志华,1949,上海
圣诞(1949),《展望》,Directed,92301,,1,仲亨,1949,南京
地位(1949),《再生》,Directed,92302,,1,张君劢,1949,上海
地方(1949),《中建:综合版》,Directed,92303,,1,周伯棣,1949,上海
均田制(1949),《再生》,Directed,92304,,1,讷庵,1949,上海
坚定(1949),《中建:综合版》,Directed,92305,,1,漆琪生,1949,上海
坚持原则(1949),《中建:综合版》,Directed,92306,,1,焦敏之,1949,上海
垮台(1949),《展望》,Directed,92307,,1,仲亨,1949,南京
城市(1949),《观察》,Directed,92308,,1,楼邦彦,1949,上海
基因(1949),《再生》,Directed,92309,,1,梁敬錞,1949,上海
基地(1949),《展望》,Directed,92310,,1,邵二,1949,南京
基地(1949),《观察》,Directed,92311,,1,方成,1949,上海
基本(1949),《展望》,Directed,92312,,1,非汎,1949,南京
基础(1949),《中建:综合版》,Directed,92313,,1,严学易,1949,上海
境内(1949),《光明报》,Directed,92314,,1,王速之,1949,香港
声中话(1949),《展望》,Directed,92315,,3,马霍京,1949,南京
处罚(1949),《展望》,Directed,92318,,1,未央,1949,南京
备战(1949),《展望》,Directed,92319,,1,柏苍,1949,南京
复兴(1949),《展望》,Directed,92320,,1,邵二,1949,南京
复刊(1949),《观察》,Directed,92321,,1,成纪,1949,上海
夕照(1949),《光明报》,Directed,92322,,1,了然,1949,香港
外交(1949),《展望》,Directed,92323,,3,王铁崖,1949,南京
外交家(1949),《观察》,Directed,92326,,1,方成,1949,上海
外交政策(1949),《再生》,Directed,92327,,1,黎玄,1949,上海
外长(1949),《光明报》,Directed,92328,,1,梁纯夫,1949,香港
多久(1949),《光明报》,Directed,92329,,1,张弦,1949,香港
多难(1949),《主流》,Directed,92330,,1,傅啓民,1949,南京
大会(1949),《光明报》,Directed,92331,,1,梁纯夫,1949,香港
大使(1949),《展望》,Directed,92332,,1,仲亨,1949,南京
大公报(1949),《中建:综合版》,Directed,92333,,1,靳以,1949,上海
大团结(1949),《光明报》,Directed,92334,,1,吴明,1949,香港
大团结(1949),《展望》,Directed,92335,,1,田夫之,1949,南京
大头鬼(1949),《中建:综合版》,Directed,92336,,1,辛圭,1949,上海
大学(1949),《中建:综合版》,Directed,92337,,1,蔡尚思,1949,上海
大家(1949),《中建:综合版》,Directed,92338,,1,张孟闻,1949,上海
大家(1949),《展望》,Directed,92339,,1,求是,1949,南京
大局(1949),《中建:综合版》,Directed,92340,,12,陈仁炳,1949,上海
大局(1949),《再生》,Directed,92352,,1,沈伯任,1949,上海
大屠杀(1949),《展望》,Directed,92353,,1,何旭,1949,南京
大旗(1949),《展望》,Directed,92354,,1,曹锡珍,1949,南京
大衆(1949),《观察》,Directed,92355,,1,季羡林,1949,上海
大西洋(1949),《展望》,Directed,92356,,1,丁蕾,1949,南京
大赦(1949),《展望》,Directed,92357,,1,仲亨,1949,南京
大路通(1949),《中建:综合版》,Directed,92358,,1,朝晴,1949,上海
大连(1949),《观察》,Directed,92359,,1,孙冰如,1949,上海
大队(1949),《光明报》,Directed,92360,,1,李慧 于辅大,1949,香港
天下(1949),《中建:综合版》,Directed,92361,,1,辛圭,1949,上海
天堂(1949),《展望》,Directed,92362,,1,郑铁村,1949,南京
天寒(1949),《展望》,Directed,92363,,1,木枫,1949,南京
太平(1949),《再生》,Directed,92364,,1,梁漱溟,1949,上海
太阳(1949),《中建》,Directed,92365,,1,今吾,1949,上海
太阳(1949),《光明报》,Directed,92366,,1,秦牧,1949,香港
如此(1949),《展望》,Directed,92367,,1,任懿斐,1949,南京
妇女(1949),《光明报》,Directed,92368,,1,陈若群,1949,香港
妇女(1949),《展望》,Directed,92369,,1,陈仁炳,1949,南京
委员会(1949),《主流》,Directed,92370,,1,丁正伟,1949,南京
威胁(1949),《中建:综合版》,Directed,92371,,1,孟宪章,1949,上海
婚姻(1949),《中建》,Directed,92372,,1,史靖,1949,上海
孙中山(1949),《观察》,Directed,92373,,1,胡绳,1949,上海
孙科(1949),《光明报》,Directed,92374,,1,李一民,1949,香港
孙阁(1949),《展望》,Directed,92375,,1,仲亨,1949,南京
孙阁揆(1949),《展望》,Directed,92376,,1,艾苦鋆,1949,南京
孙阁果(1949),《展望》,Directed,92377,,1,瑗,1949,南京
孤岛(1949),《光明报》,Directed,92378,,1,王速之,1949,香港
学习(1949),《观察》,Directed,92379,,3,费孝通,1949,上海
学会(1949),《光明报》,Directed,92382,,1,朱启贤,1949,香港
学府(1949),《光明报》,Directed,92383,,1,李慧,1949,香港
学术(1949),《观察》,Directed,92384,,1,季羡林,1949,上海
学生(1949),《展望》,Directed,92385,,1,蔡尚思,1949,南京
学院(1949),《展望》,Directed,92386,,1,小泉,1949,南京
宁夏(1949),《展望》,Directed,92387,,1,何矩,1949,南京
宁次(1949),《展望》,Directed,92388,,1,蔡尚思,1949,南京
守势(1949),《展望》,Directed,92389,,1,人立,1949,南京
实紧(1949),《展望》,Directed,92390,,1,波光,1949,南京
实验区(1949),《观察》,Directed,92391,,1,孙执中,1949,上海
审查(1949),《观察》,Directed,92392,,1,王铁崖,1949,上海
宪法(1949),《光明报》,Directed,92393,,1,陈震亚,1949,香港
宪法(1949),《再生》,Directed,92394,,1,张君劢,1949,上海
家要(1949),《展望》,Directed,92395,,1,康遂,1949,南京
寄存(1949),《中建:综合版》,Directed,92396,,1,董冰如,1949,上海
富有(1949),《展望》,Directed,92397,,1,孟宪章,1949,南京
对华政策(1949),《光明报》,Directed,92398,,1,思慕,1949,香港
对华政策(1949),《展望》,Directed,92399,,1,学尧,1949,南京
对外(1949),《展望》,Directed,92400,,1,丁蕾,1949,南京
对外贸易(1949),《光明报》,Directed,92401,,1,柯永,1949,香港
对立(1949),《光明报》,Directed,92402,,1,杨奎章,1949,香港
封建残余(1949),《中建:综合版》,Directed,92403,,1,周谷城,1949,上海
将军(1949),《展望》,Directed,92404,,2,未央,1949,南京
小不忍则乱大谋(1949),《中建:综合版》,Directed,92406,,1,孙大雨,1949,上海
尺度(1949),《展望》,Directed,92407,,1,张绍贤,1949,南京
局势(1949),《展望》,Directed,92408,,1,非汎,1949,南京
展开(1949),《中建:综合版》,Directed,92409,,1,陈仁炳,1949,上海
展望(1949),《光明报》,Directed,92410,,1,梁纯夫,1949,香港
山东(1949),《光明报》,Directed,92414,,1,王速之,1949,香港
岁暮(1949),《展望》,Directed,92415,,1,柏苍,1949,南京
崇拜(1949),《光明报》,Directed,92416,,1,秋枫,1949,香港
工业(1949),《中建:综合版》,Directed,92417,,1,戎文佐,1949,上海
工人阶级(1949),《观察》,Directed,92418,,1,静远,1949,上海
工会(1949),《观察》,Directed,92419,,1,静远,1949,上海
工作团(1949),《光明报》,Directed,92420,,1,李慧 于辅大,1949,香港
工作者(1949),《中建:综合版》,Directed,92421,,1,张孟闻,1949,上海
工农(1949),《光明报》,Directed,92422,,1,黄朗,1949,香港
工商业(1949),《光明报》,Directed,92423,,1,秋枫,1949,香港
工商业(1949),《展望》,Directed,92424,,1,康遂,1949,南京
工商界(1949),《展望》,Directed,92425,,2,柏苍,1949,南京
工展(1949),《观察》,Directed,92427,,1,孙冰如,1949,上海
巨浪(1949),《主流》,Directed,92428,,1,杨戎,1949,南京
巴黎(1949),《光明报》,Directed,92429,,1,梁纯夫,1949,香港
币制(1949),《中建:综合版》,Directed,92430,,1,徐革陈,1949,上海
希望(1949),《光明报》,Directed,92431,,2,罗子为,1949,香港
希望(1949),《展望》,Directed,92433,,1,由中,1949,南京
帝国主义(1949),《光明报》,Directed,92434,,1,小鱼,1949,香港
帝国主义(1949),《观察》,Directed,92435,,1,方成,1949,上海
席位(1949),《观察》,Directed,92436,,1,方成,1949,上海
幕后(1949),《展望》,Directed,92437,,1,田夫之,1949,南京
幢幢(1949),《光明报》,Directed,92438,,1,顾新,1949,香港
干吗(1949),《展望》,Directed,92439,,1,田夫之,1949,南京
平原(1949),《展望》,Directed,92440,,1,德明,1949,南京
平民(1949),《展望》,Directed,92441,,1,仲亨,1949,南京
平津(1949),《展望》,Directed,92442,,1,仲亨,1949,南京
平等(1949),《主流》,Directed,92443,,1,李树动,1949,南京
幸致(1949),《中建:综合版》,Directed,92444,,1,夏炎德,1949,上海
广东(1949),《展望》,Directed,92445,,2,田夫之,1949,南京
广州(1949),《光明报》,Directed,92447,,2,顾新,1949,香港
广州(1949),《展望》,Directed,92449,,1,田夫之,1949,南京
庆祝(1949),《光明报》,Directed,92450,,1,周新民,1949,香港
应有(1949),《光明报》,Directed,92451,,1,林焕平,1949,香港
应该(1949),《中建:综合版》,Directed,92452,,1,孙大雨,1949,上海
应该(1949),《展望》,Directed,92453,,1,瞿士良,1949,南京
底定(1949),《展望》,Directed,92454,,1,洛羊,1949,南京
废除(1949),《光明报》,Directed,92455,,1,陈震亚,1949,香港
建立(1949),《光明报》,Directed,92471,,1,辽远,1949,香港
建築(1949),《观察》,Directed,92472,,1,方成,1949,上海
建设(1949),《光明报》,Directed,92473,,2,杨群,1949,香港
建设(1949),《展望》,Directed,92475,,1,岁奇,1949,南京
开始(1949),《观察》,Directed,92476,,2,芝,1949,上海
开封(1949),《中建:综合版》,Directed,92478,,1,本初,1949,上海
引退(1949),《展望》,Directed,92479,,1,驻青,1949,南京
张学良(1949),《展望》,Directed,92480,,1,横眉,1949,南京
归宿(1949),《展望》,Directed,92481,,1,洪荒,1949,南京
归来(1949),《展望》,Directed,92482,,3,陈途,1949,南京
当前(1949),《展望》,Directed,92485,,1,波光,1949,南京
形势(1949),《光明报》,Directed,92486,,3,秋明,1949,香港
形势(1949),《展望》,Directed,92489,,1,府师,1949,南京
形式(1949),《观察》,Directed,92490,,1,楼邦彦,1949,上海
形成(1949),《再生》,Directed,92491,,1,黎玄,1949,上海
彼一时(1949),《展望》,Directed,92492,,1,仲亨,1949,南京
心中(1949),《展望》,Directed,92493,,1,由中,1949,南京
心理(1949),《光明报》,Directed,92494,,1,扬群,1949,香港
必须(1949),《中建:综合版》,Directed,92495,,1,王造时,1949,上海
必须(1949),《光明报》,Directed,92496,,1,陈震亚,1949,香港
忆述(1949),《光明报》,Directed,92497,,1,云应霖,1949,香港
怀疑(1949),《中建:综合版》,Directed,92498,,1,郭绍虞,1949,上海
怎么样(1949),《光明报》,Directed,92499,,1,高天,1949,香港
怎会(1949),《展望》,Directed,92500,,1,蔡尚思,1949,南京
怒潮(1949),《中建:综合版》,Directed,92501,,1,孟宪章,1949,上海
思想(1949),《中建:综合版》,Directed,92502,,1,冯契,1949,上海
思想界(1949),《再生》,Directed,92503,,1,梁敬錞,1949,上海
思潮(1949),《主流》,Directed,92504,,1,杨戎,1949,南京
急转直下(1949),《光明报》,Directed,92505,,1,素武,1949,香港
怪现象(1949),《光明报》,Directed,92506,,1,湘女,1949,香港
总统(1949),《再生》,Directed,92507,,1,张君劢,1949,上海
恐慌(1949),《展望》,Directed,92508,,1,夏炎德,1949,南京
恢复(1949),《光明报》,Directed,92509,,1,谷新之,1949,香港
悼念(1949),《光明报》,Directed,92510,,1,李世浩,1949,香港
悼裕(1949),《光明报》,Directed,92511,,2,胡仲持,1949,香港
惩前毖后(1949),《展望》,Directed,92513,,1,杨诚,1949,南京
惩办(1949),《中建:综合版》,Directed,92514,,1,漆琪生,1949,上海
惩办(1949),《光明报》,Directed,92515,,1,秋枫,1949,香港
意义(1949),《再生》,Directed,92516,,1,张君劢,1949,上海
意见(1949),《观察》,Directed,92517,,1,沈叔平,1949,上海
慰问(1949),《光明报》,Directed,92518,,1,黄药眠,1949,香港
戏文(1949),《展望》,Directed,92519,,1,张绍贤,1949,南京
戏法(1949),《展望》,Directed,92520,,1,陈行健,1949,南京
成熟期(1949),《再生》,Directed,92521,,1,余园,1949,上海
成立(1949),《观察》,Directed,92522,,1,王铁崖,1949,上海
成舍(1949),《展望》,Directed,92523,,1,默文,1949,南京
成败(1949),《再生》,Directed,92524,,1,讷庵,1949,上海
成长(1949),《中建:综合版》,Directed,92525,,2,笪移今,1949,上海
战争(1949),《中建:综合版》,Directed,92527,,1,陈旭麓,1949,上海
战争(1949),《光明报》,Directed,92528,,1,陶大镛,1949,香港
战争罪犯(1949),《光明报》,Directed,92529,,1,秋枫,1949,香港
战后(1949),《展望》,Directed,92530,,1,孟宪章,1949,南京
战局(1949),《中建:综合版》,Directed,92531,,1,严学易,1949,上海
战局(1949),《光明报》,Directed,92532,,1,素武,1949,香港
战犯(1949),《中建:综合版》,Directed,92533,,3,陈仁炳,1949,上海
战犯(1949),《展望》,Directed,92536,,1,未央,1949,南京
战趋(1949),《展望》,Directed,92537,,1,波光,1949,南京
战鬥(1949),《观察》,Directed,92538,,1,笪移今,1949,上海
戳穿(1949),《观察》,Directed,92539,,1,方成,1949,上海
所见(1949),《观察》,Directed,92540,,2,子冈,1949,上海
所谓(1949),《展望》,Directed,92542,,1,仲亨,1949,南京
手段(1949),《中建》,Directed,92543,,1,封淑,1949,上海
打击(1949),《中建:综合版》,Directed,92544,,1,漆琪生,1949,上海
打击(1949),《观察》,Directed,92545,,1,方成 (罗马尼亚)Doru,1949,上海
扩大(1949),《展望》,Directed,92546,,1,丁蕾,1949,南京
扩张政策(1949),《展望》,Directed,92547,,1,丁蕾,1949,南京
投射(1949),《展望》,Directed,92548,,1,仲亨,1949,南京
折扣(1949),《中建:综合版》,Directed,92549,,1,焦敏之,1949,上海
报告(1949),《展望》,Directed,92550,,1,秋田,1949,南京
报导(1949),《展望》,Directed,92551,,1,仲亨,1949,南京
报界(1949),《光明报》,Directed,92552,,1,湘女,1949,香港
招待会(1949),《展望》,Directed,92553,,1,艾苦鋆,1949,南京
挣扎(1949),《光明报》,Directed,92554,,1,张弦,1949,香港
接应(1949),《再生》,Directed,92555,,1,齐芬,1949,上海
接迎(1949),《光明报》,Directed,92556,,1,罗子为,1949,香港
推广(1949),《中建》,Directed,92557,,1,陈涛 汪铭德 汪超伦,1949,上海
掩盖(1949),《中建:综合版》,Directed,92558,,1,邹风,1949,上海
掩盖(1949),《展望》,Directed,92559,,1,陈正兴 安,1949,南京
措施(1949),《展望》,Directed,92560,,1,仲亨,1949,南京
提高(1949),《观察》,Directed,92561,,1,吴大琨,1949,上海
插到(1949),《展望》,Directed,92562,,1,曹锡珍,1949,南京
援外(1949),《光明报》,Directed,92563,,1,梁纯夫,1949,香港
援手(1949),《光明报》,Directed,92564,,1,群,1949,香港
搜刮(1949),《光明报》,Directed,92565,,1,彝瀛,1949,香港
摧毁(1949),《中建:综合版》,Directed,92566,,1,朱绍文,1949,上海
摩萨的(1949),《展望》,Directed,92567,,1,仲亨,1949,南京
撞狱(1949),《中建:综合版》,Directed,92568,,1,高朗,1949,上海
支持(1949),《展望》,Directed,92570,,1,瞿士良,1949,南京
攻势(1949),《展望》,Directed,92571,,1,人立,1949,南京
放松(1949),《观察》,Directed,92572,,1,(苏)叶菲莫夫,1949,上海
政客(1949),《展望》,Directed,92573,,1,刘伯陶,1949,南京
政局(1949),《中建:综合版》,Directed,92574,,1,郭梅荪,1949,上海
政府(1949),《展望》,Directed,92575,,2,蔡尚思,1949,南京
政权(1949),《观察》,Directed,92577,,1,楼邦彦,1949,上海
政治(1949),《主流》,Directed,92590,,2,欧阳澄节,1949,南京
政治(1949),《观察》,Directed,92593,,2,费孝通,1949,上海
政治家(1949),《展望》,Directed,92595,,1,刘伯陶,1949,南京
政策(1949),《中建:综合版》,Directed,92596,,1,戎文佐,1949,上海
政策(1949),《光明报》,Directed,92597,,3,罗子为,1949,香港
政策(1949),《展望》,Directed,92600,,1,丁蕾,1949,南京
政策(1949),《观察》,Directed,92601,,2,樊弘,1949,上海
效法(1949),《展望》,Directed,92603,,1,仲亨,1949,南京
救济(1949),《展望》,Directed,92604,,1,瑗,1949,南京
教训(1949),《展望》,Directed,92606,,1,仲亨,1949,南京
敬悼(1949),《光明报》,Directed,92607,,1,高天,1949,香港
数字(1949),《展望》,Directed,92608,,1,波光,1949,南京
整体化(1949),《观察》,Directed,92609,,1,方成,1949,上海
文化(1949),《光明报》,Directed,92610,,1,朱启贤,1949,香港
文化(1949),《展望》,Directed,92611,,1,杨琛,1949,南京
文告(1949),《再生》,Directed,92612,,1,沈伯任,1949,上海
文章(1949),《中建:综合版》,Directed,92613,,1,靳以,1949,上海
文章(1949),《展望》,Directed,92614,,1,仲亨,1949,南京
文艺复兴(1949),《主流》,Directed,92615,,1,李维林,1949,南京
斥中(1949),《中建:综合版》,Directed,92616,,1,冯契,1949,上海
斧头(1949),《观察》,Directed,92617,,1,Doru,1949,上海
斧柄(1949),《观察》,Directed,92618,,1,Doru,1949,上海
新中国(1949),《中建:综合版》,Directed,92619,,1,戎文佐,1949,上海
新中国(1949),《光明报》,Directed,92620,,4,胡守愚,1949,香港
新宪(1949),《再生》,Directed,92624,,1,张君劢,1949,上海
新岁(1949),《展望》,Directed,92625,,1,陈仁炳 杨卫玉 孟宪章,1949,南京
新年(1949),《光明报》,Directed,92626,,1,罗子为,1949,香港
新年(1949),《展望》,Directed,92627,,2,欧阳春,1949,南京
新政(1949),《光明报》,Directed,92629,,1,梁纯夫,1949,香港
新政府(1949),《观察》,Directed,92630,,1,王铁崖,1949,上海
新文化(1949),《光明报》,Directed,92631,,1,朱启贤,1949,香港
新民主主义(1949),《中建:综合版》,Directed,92632,,2,童大勇,1949,上海
新生(1949),《展望》,Directed,92634,,1,洪荒,1949,南京
新纪元(1949),《光明报》,Directed,92635,,1,冯素陶,1949,香港
新闻(1949),《光明报》,Directed,92636,,1,小鱼,1949,香港
新阁(1949),《展望》,Directed,92637,,1,波光,1949,南京
方向(1949),《再生》,Directed,92638,,1,王厚生,1949,上海
方式(1949),《观察》,Directed,92639,,1,龚祥瑞,1949,上海
方案(1949),《中建:综合版》,Directed,92640,,1,郭梅荪,1949,上海
施复亮(1949),《中建》,Directed,92641,,1,封淑,1949,上海
旅大(1949),《观察》,Directed,92642,,1,孙冰如,1949,上海
旅行(1949),《中建:综合版》,Directed,92643,,1,本初,1949,上海
无畏(1949),《光明报》,Directed,92644,,1,高天,1949,香港
无罪(1949),《展望》,Directed,92645,,1,蔡尚思,1949,南京
无题(1949),《展望》,Directed,92646,,1,洪荒,1949,南京
日本(1949),《中建:综合版》,Directed,92647,,1,宋越伦,1949,上海
日本(1949),《光明报》,Directed,92648,,2,思慕,1949,香港
日本(1949),《展望》,Directed,92650,,4,杨琛,1949,南京
日记(1949),《展望》,Directed,92654,,1,张江帆,1949,南京
日近(1949),《展望》,Directed,92655,,1,波光,1949,南京
旧社会(1949),《中建:综合版》,Directed,92656,,1,朱绍文,1949,上海
早日(1949),《中建:综合版》,Directed,92657,,1,笪移今,1949,上海
时代(1949),《主流》,Directed,92658,,1,罗梦册,1949,南京
时局(1949),《中建:综合版》,Directed,92659,,1,邹风,1949,上海
时局(1949),《再生》,Directed,92660,,1,王厚生,1949,上海
时局(1949),《展望》,Directed,92661,,1,瑗,1949,南京
昆明(1949),《展望》,Directed,92662,,1,何旭,1949,南京
明太祖(1949),《展望》,Directed,92663,,1,仲亨,1949,南京
明朗(1949),《展望》,Directed,92664,,1,波光,1949,南京
易长(1949),《展望》,Directed,92665,,1,钱塘令,1949,南京
春来(1949),《展望》,Directed,92666,,1,洪荒,1949,南京
春雷(1949),《展望》,Directed,92667,,1,欧阳春,1949,南京
是非(1949),《中建:综合版》,Directed,92668,,2,蔡尚思,1949,上海
是非(1949),《展望》,Directed,92670,,1,漆琪生,1949,南京
显要(1949),《展望》,Directed,92671,,1,绍声,1949,南京
晦明(1949),《中建:综合版》,Directed,92672,,12,陈仁炳,1949,上海
晦明(1949),《展望》,Directed,92684,,1,瑗,1949,南京
暴日(1949),《展望》,Directed,92685,,1,蔡尚思,1949,南京
替宁府(1949),《光明报》,Directed,92686,,1,谷新,1949,香港
最后(1949),《光明报》,Directed,92687,,1,云应霖,1949,香港
最后(1949),《展望》,Directed,92688,,1,邵二,1949,南京
最后(1949),《观察》,Directed,92689,,1,洪荒,1949,上海
有利于(1949),《展望》,Directed,92690,,1,柏苍,1949,南京
有权(1949),《光明报》,Directed,92691,,1,夏康农,1949,香港
朋友(1949),《展望》,Directed,92692,,1,萧贤,1949,南京
望主(1949),《主流》,Directed,92693,,1,傅啓民,1949,南京
朝阳(1949),《展望》,Directed,92694,,1,小泉,1949,南京
未来(1949),《中建:综合版》,Directed,92695,,1,漆琪生,1949,上海
末日(1949),《中建:综合版》,Directed,92696,,1,朝晴,1949,上海
本义(1949),《再生》,Directed,92697,,1,张君劢,1949,上海
本年度(1949),《光明报》,Directed,92698,,1,陈惠生,1949,香港
本期(1949),《观察》,Directed,92699,,1,芝,1949,上海
本质(1949),《中建:综合版》,Directed,92700,,1,陈仁炳,1949,上海
朱光潜(1949),《展望》,Directed,92701,,1,冰菱,1949,南京
机关(1949),《观察》,Directed,92702,,1,龚祥瑞,1949,上海
杂谭(1949),《展望》,Directed,92703,,1,柏苍,1949,南京
李白(1949),《展望》,Directed,92704,,1,马霍京,1949,南京
杜鲁门(1949),《光明报》,Directed,92705,,1,梁纯夫,1949,香港
条条(1949),《中建:综合版》,Directed,92706,,1,朝晴,1949,上海
条约(1949),《观察》,Directed,92707,,1,王铁崖,1949,上海
杨虎城(1949),《展望》,Directed,92708,,1,横眉,1949,南京
校长(1949),《展望》,Directed,92709,,1,马梁,1949,南京
根据地(1949),《观察》,Directed,92710,,1,洪荒,1949,上海
梁氏(1949),《中建:综合版》,Directed,92711,,1,靳以,1949,上海
梁漱溟(1949),《中建:综合版》,Directed,92712,,2,靳以,1949,上海
检讨(1949),《中建:综合版》,Directed,92714,,1,寿秋情,1949,上海
欢迎(1949),《光明报》,Directed,92715,,1,吴明,1949,香港
欢迎(1949),《展望》,Directed,92716,,1,流金,1949,南京
欧洲(1949),《再生》,Directed,92717,,1,王厚生,1949,上海
欧洲(1949),《观察》,Directed,92718,,1,方成,1949,上海
止境(1949),《光明报》,Directed,92719,,1,高天,1949,香港
正于(1949),《中建》,Directed,92720,,1,封淑,1949,上海
正告(1949),《光明报》,Directed,92721,,1,黄朗,1949,香港
正确(1949),《光明报》,Directed,92722,,1,辽远,1949,香港
正视(1949),《展望》,Directed,92723,,1,波光,1949,南京
此一时(1949),《展望》,Directed,92724,,1,仲亨,1949,南京
武大(1949),《展望》,Directed,92725,,1,奚永伟,1949,南京
毛泽东(1949),《观察》,Directed,92727,,1,吴大琨,1949,上海
民主(1949),《中建:综合版》,Directed,92728,,3,蔡尚思,1949,上海
民主(1949),《展望》,Directed,92736,,1,罗涵先,1949,南京
民主(1949),《观察》,Directed,92737,,1,方成 (罗马尼亚)Doru,1949,上海
民主主义(1949),《展望》,Directed,92738,,1,秀英 华辰,1949,南京
民主党派(1949),《光明报》,Directed,92739,,1,杨群,1949,香港
民主同盟(1949),《光明报》,Directed,92740,,2,黄药眠,1949,香港
民族(1949),《光明报》,Directed,92742,,1,秋枫,1949,香港
汉奸(1949),《再生》,Directed,92743,,1,齐芬,1949,上海
江南(1949),《光明报》,Directed,92744,,1,秋明,1949,香港
江南(1949),《展望》,Directed,92745,,2,郑铁邨,1949,南京
江南(1949),《观察》,Directed,92747,,1,王小石,1949,上海
江阴(1949),《展望》,Directed,92748,,1,府师,1949,南京
法国(1949),《观察》,Directed,92749,,1,方成,1949,上海
法统(1949),《中建:综合版》,Directed,92750,,1,陈仁炳,1949,上海
法西斯(1949),《光明报》,Directed,92751,,1,梁纯夫,1949,香港
法西斯蒂(1949),《中建:综合版》,Directed,92752,,1,宋越伦,1949,上海
波茨坦(1949),《光明报》,Directed,92753,,1,思慕,1949,香港
活不成(1949),《展望》,Directed,92754,,1,瑗,1949,南京
活跃(1949),《展望》,Directed,92755,,1,南人,1949,南京
派员(1949),《展望》,Directed,92756,,1,仲亨,1949,南京
流向(1949),《主流》,Directed,92757,,1,杨戎,1949,南京
浙江(1949),《展望》,Directed,92758,,1,任懿斐,1949,南京
浙省(1949),《展望》,Directed,92759,,1,钱塘令,1949,南京
浙赣(1949),《展望》,Directed,92760,,1,武石,1949,南京
浦口(1949),《中建:综合版》,Directed,92761,,1,本初,1949,上海
海军(1949),《光明报》,Directed,92762,,1,谷新,1949,香港
消灭(1949),《中建:综合版》,Directed,92763,,1,周谷城,1949,上海
混乱(1949),《展望》,Directed,92764,,1,冰菱,1949,南京
清明(1949),《光明报》,Directed,92765,,1,顾新,1949,香港
清算(1949),《光明报》,Directed,92766,,1,思慕,1949,香港
清除(1949),《光明报》,Directed,92767,,1,扬群,1949,香港
渡江(1949),《光明报》,Directed,92768,,3,陆诒,1949,香港
溪口(1949),《展望》,Directed,92772,,1,任懿斐,1949,南京
演变(1949),《中建:综合版》,Directed,92773,,1,严学易,1949,上海
澈底(1949),《中建:综合版》,Directed,92774,,1,周谷城,1949,上海
澈底(1949),《光明报》,Directed,92775,,1,秋枫,1949,香港
火车(1949),《观察》,Directed,92776,,1,李梅,1949,上海
灭顶(1949),《展望》,Directed,92777,,1,柏苍,1949,南京
烽火(1949),《展望》,Directed,92778,,1,波光,1949,南京
照老(1949),《展望》,Directed,92779,,1,仲亨,1949,南京
爬高(1949),《光明报》,Directed,92780,,1,扬群,1949,香港
爱护(1949),《观察》,Directed,92781,,1,张文琦,1949,上海
爲了(1949),《观察》,Directed,92782,,1,(苏)叶菲莫夫,1949,上海
独立运动(1949),《中建:综合版》,Directed,92783,,1,孟宪章,1949,上海
献辞(1949),《展望》,Directed,92784,,1,杨诚,1949,南京
环境(1949),《中建:综合版》,Directed,92785,,1,张孟闻,1949,上海
现势(1949),《光明报》,Directed,92786,,1,思慕,1949,香港
现实(1949),《展望》,Directed,92787,,1,波光,1949,南京
现状及(1949),《光明报》,Directed,92788,,1,刘士伟,1949,香港
生产(1949),《观察》,Directed,92789,,1,孙冰如,1949,上海
生命史(1949),《中建:综合版》,Directed,92790,,1,宋越伦,1949,上海
生死(1949),《展望》,Directed,92791,,1,柏苍,1949,南京
生气(1949),《展望》,Directed,92792,,1,孟宪章,1949,南京
生长(1949),《展望》,Directed,92804,,1,由中,1949,南京
留痕(1949),《展望》,Directed,92805,,1,李宗瀛,1949,南京
病态(1949),《中建:综合版》,Directed,92806,,1,徐革陈,1949,上海
百余年(1949),《主流》,Directed,92807,,1,杨戎,1949,南京
的新(1949),《观察》,Directed,92808,,1,方成,1949,上海
监狱(1949),《观察》,Directed,92809,,1,储安平,1949,上海
监视(1949),《展望》,Directed,92810,,1,仲亨,1949,南京
目前(1949),《展望》,Directed,92811,,1,非汎,1949,南京
目的(1949),《展望》,Directed,92812,,1,张绍贤,1949,南京
目迷五色(1949),《展望》,Directed,92813,,1,张绍贤,1949,南京
相互(1949),《观察》,Directed,92814,,1,龚祥瑞,1949,上海
看看(1949),《中建:综合版》,Directed,92815,,1,张孟闻,1949,上海
看齐(1949),《展望》,Directed,92816,,1,仲亨,1949,南京
真假(1949),《展望》,Directed,92817,,1,漆琪生,1949,南京
真正(1949),《展望》,Directed,92818,,1,波光,1949,南京
真的(1949),《展望》,Directed,92819,,1,丁兄,1949,南京
真空(1949),《展望》,Directed,92820,,1,杜渐,1949,南京
瞭解(1949),《展望》,Directed,92821,,1,仲亨,1949,南京
知识份子(1949),《观察》,Directed,92822,,1,费孝通,1949,上海
知识分子(1949),《光明报》,Directed,92823,,1,Levy，H. 柯永,1949,香港
知识青年(1949),《光明报》,Directed,92824,,1,黄朗,1949,香港
石牌(1949),《光明报》,Directed,92825,,1,了然,1949,香港
研究(1949),《主流》,Directed,92826,,1,丁正伟,1949,南京
礼品(1949),《展望》,Directed,92827,,1,洪荒,1949,南京
社会(1949),《中建:综合版》,Directed,92828,,1,朱绍文,1949,上海
社会主义(1949),《中建:综合版》,Directed,92829,,1,流金,1949,上海
社会主义(1949),《主流》,Directed,92830,,2,欧阳澄,1949,南京
社论(1949),《观察》,Directed,92833,,1,芝,1949,上海
祖国(1949),《光明报》,Directed,92834,,2,林焕平,1949,香港
神经战(1949),《展望》,Directed,92836,,1,任懿斐,1949,南京
祥和(1949),《展望》,Directed,92837,,1,仲亨,1949,南京
福州(1949),《展望》,Directed,92838,,1,绍猷,1949,南京
福建(1949),《展望》,Directed,92839,,1,陈福悲,1949,南京
私营(1949),《观察》,Directed,92840,,1,张敬亭,1949,上海
私营企业(1949),《观察》,Directed,92841,,1,千家驹,1949,上海
种种(1949),《展望》,Directed,92842,,2,陈行健,1949,南京
科学(1949),《中建:综合版》,Directed,92844,,1,张孟闻,1949,上海
科学(1949),《观察》,Directed,92845,,1,卢于道,1949,上海
秘话(1949),《展望》,Directed,92846,,1,泉,1949,南京
秩序(1949),《光明报》,Directed,92847,,1,谷新之,1949,香港
积极(1949),《展望》,Directed,92848,,1,波光,1949,南京
穷途末路(1949),《光明报》,Directed,92849,,1,谷新,1949,香港
立即(1949),《展望》,Directed,92850,,1,萧贤,1949,南京
立院(1949),《展望》,Directed,92851,,1,艾苦鋆,1949,南京
第一(1949),《光明报》,Directed,92852,,1,李慧 于辅大,1949,香港
第一个(1949),《观察》,Directed,92853,,1,方成 (罗马尼亚)Doru,1949,上海
第一届(1949),《光明报》,Directed,92854,,1,朱启贤,1949,香港
第三次(1949),《再生》,Directed,92855,,1,梁敬錞,1949,上海
第二(1949),《再生》,Directed,92856,,1,王希和,1949,上海
第二年(1949),《中建》,Directed,92857,,1,陈涛 汪铭德 汪超伦,1949,上海
第四篇(1949),《再生》,Directed,92858,,1,余园,1949,上海
等于(1949),《中建:综合版》,Directed,92859,,1,漆琪生,1949,上海
答覆(1949),《观察》,Directed,92860,,1,成纪,1949,上海
算作(1949),《中建:综合版》,Directed,92861,,1,孙大雨,1949,上海
算命(1949),《光明报》,Directed,92862,,1,谷新,1949,香港
管宁(1949),《再生》,Directed,92863,,1,讷庵,1949,上海
粗描近(1949),《主流》,Directed,92864,,1,杨戎,1949,南京
精神(1949),《中建:综合版》,Directed,92865,,2,蔡尚思,1949,上海
精神(1949),《展望》,Directed,92867,,1,仲亨,1949,南京
精通业务(1949),《光明报》,Directed,92868,,1,杨群,1949,香港
繁兴(1949),《光明报》,Directed,92869,,1,张弦,1949,香港
纠缠(1949),《展望》,Directed,92870,,1,波光,1949,南京
纪念(1949),《光明报》,Directed,92871,,2,陈若群,1949,香港
纪行(1949),《展望》,Directed,92873,,1,武石,1949,南京
纽约(1949),《光明报》,Directed,92874,,1,朱启贤,1949,香港
组织(1949),《观察》,Directed,92875,,2,龚祥瑞,1949,上海
组阁(1949),《展望》,Directed,92877,,1,万殊,1949,南京
细波(1949),《主流》,Directed,92878,,1,杨戎,1949,南京
经济(1949),《中建:综合版》,Directed,92879,,2,童大勇,1949,上海
经济(1949),《主流》,Directed,92881,,1,李树动,1949,南京
经济(1949),《光明报》,Directed,92882,,2,陈惠生,1949,香港
经济(1949),《观察》,Directed,92885,,2,樊弘,1949,上海
经济危机(1949),《光明报》,Directed,92887,,1,卢心远,1949,香港
结合(1949),《光明报》,Directed,92888,,1,黄朗,1949,香港
结成(1949),《观察》,Directed,92889,,1,吴四维,1949,上海
统一(1949),《光明报》,Directed,92890,,1,杨奎章,1949,香港
统一战线(1949),《展望》,Directed,92891,,1,罗涵先,1949,南京
统一战线(1949),《观察》,Directed,92892,,2,钱端升,1949,上海
统帅(1949),《展望》,Directed,92894,,1,蔡尚思,1949,南京
续上(1949),《再生》,Directed,92895,,1,王希和,1949,上海
综谈(1949),《中建:综合版》,Directed,92896,,1,邹风,1949,上海
编者(1949),《中建:综合版》,Directed,92897,,1,寿秋情,1949,上海
编者(1949),《观察》,Directed,92898,,1,成纪,1949,上海
罗素(1949),《主流》,Directed,92899,,1,欧阳澄,1949,南京
罗马尼亚(1949),《光明报》,Directed,92900,,2,陈惠生,1949,香港
罪行(1949),《光明报》,Directed,92902,,1,思慕,1949,香港
美国(1949),《中建》,Directed,92903,,1,赵志华,1949,上海
美国(1949),《观察》,Directed,92908,,1,胡绳,1949,上海
美学(1949),《展望》,Directed,92909,,1,冰菱,1949,南京
美帝(1949),《光明报》,Directed,92910,,2,思慕,1949,香港
美援(1949),《展望》,Directed,92912,,1,张绍贤,1949,南京
美援(1949),《观察》,Directed,92913,,1,方成,1949,上海
美日(1949),《光明报》,Directed,92914,,1,思慕,1949,香港
美棉(1949),《中建》,Directed,92915,,1,陈涛 汪铭德 汪超伦,1949,上海
美苏(1949),《再生》,Directed,92916,,1,王厚生,1949,上海
美苏(1949),《展望》,Directed,92917,,1,丁蕾,1949,南京
老调(1949),《展望》,Directed,92918,,1,岁奇,1949,南京
老调重弹(1949),《展望》,Directed,92919,,1,仲亨,1949,南京
老闆(1949),《观察》,Directed,92920,,1,方成,1949,上海
考验(1949),《光明报》,Directed,92921,,1,陆诒,1949,香港
而来(1949),《展望》,Directed,92922,,1,波光,1949,南京
耶诞(1949),《展望》,Directed,92923,,1,欧阳春,1949,南京
职权(1949),《观察》,Directed,92924,,1,龚祥瑞,1949,上海
联合国(1949),《展望》,Directed,92925,,1,仲亨,1949,南京
联防(1949),《展望》,Directed,92926,,2,欧阳春,1949,南京
肃清(1949),《光明报》,Directed,92928,,1,小鱼,1949,香港
胡宗南(1949),《光明报》,Directed,92933,,1,谷新,1949,香港
脱逃(1949),《展望》,Directed,92934,,1,马梁,1949,南京
自发(1949),《观察》,Directed,92935,,1,张文琦,1949,上海
自救(1949),《展望》,Directed,92936,,1,柏苍,1949,南京
自由(1949),《主流》,Directed,92937,,1,李树动,1949,南京
自由(1949),《展望》,Directed,92938,,1,万异,1949,南京
自由主义(1949),《再生》,Directed,92939,,1,张君劢,1949,上海
自觉性(1949),《展望》,Directed,92940,,1,阮富乙,1949,南京
致书(1949),《展望》,Directed,92941,,1,瑞仁,1949,南京
般的(1949),《观察》,Directed,92942,,1,吴四维,1949,上海
舰是(1949),《展望》,Directed,92943,,1,矛林,1949,南京
艰难(1949),《中建:综合版》,Directed,92944,,12,陈仁炳,1949,上海
苏联(1949),《观察》,Directed,92956,,2,苏复洛夫,1949,上海
苟安(1949),《中建:综合版》,Directed,92958,,1,杨卫玉,1949,上海
苦乐(1949),《中建:综合版》,Directed,92959,,1,蔡尚思,1949,上海
苦闷(1949),《中建:综合版》,Directed,92960,,12,陈仁炳,1949,上海
荡漾(1949),《展望》,Directed,92972,,1,波光,1949,南京
莫斯科(1949),《观察》,Directed,92973,,1,子冈,1949,上海
获得(1949),《展望》,Directed,92974,,1,瞿士良,1949,南京
菲尔德(1949),《光明报》,Directed,92975,,1,曾昭抡,1949,香港
蒋介石(1949),《光明报》,Directed,92976,,1,高天,1949,香港
蒋总统(1949),《展望》,Directed,92977,,1,驻青,1949,南京
蓉城(1949),《展望》,Directed,92978,,1,木枫,1949,南京
蔡邕(1949),《再生》,Directed,92979,,1,讷庵,1949,上海
薛岳(1949),《展望》,Directed,92980,,1,未央,1949,南京
行动(1949),《中建:综合版》,Directed,92981,,1,李乡樸,1949,上海
表现(1949),《观察》,Directed,92982,,1,孙冰如,1949,上海
裁军(1949),《展望》,Directed,92983,,1,仲亨,1949,南京
裕芳(1949),《光明报》,Directed,92984,,1,云应霖,1949,香港
褒乎(1949),《展望》,Directed,92985,,1,仲亨,1949,南京
褪色(1949),《展望》,Directed,92986,,1,波光,1949,南京
西南(1949),《展望》,Directed,92987,,1,横眉,1949,南京
要求(1949),《展望》,Directed,92988,,1,仲亨,1949,南京
见闻(1949),《展望》,Directed,92989,,1,艾苦鋆,1949,南京
见闻录(1949),《中建:综合版》,Directed,92990,,1,本初,1949,上海
观点(1949),《光明报》,Directed,93006,,1,杨群,1949,香港
角逐(1949),《展望》,Directed,93007,,1,波光,1949,南京
解决(1949),《再生》,Directed,93008,,1,王厚生,1949,上海
解放(1949),《展望》,Directed,93011,,4,陈仁炳,1949,南京
解放事业(1949),《展望》,Directed,93015,,1,林穆光,1949,南京
解放军(1949),《光明报》,Directed,93016,,1,陆诒,1949,香港
解放区(1949),《光明报》,Directed,93017,,2,陈若群,1949,香港
解放后(1949),《观察》,Directed,93019,,1,王小石,1949,上海
解理(1949),《观察》,Directed,93020,,1,卜一,1949,上海
誓师(1949),《光明报》,Directed,93021,,1,李慧 于辅大,1949,香港
警惕(1949),《光明报》,Directed,93022,,1,叶成林,1949,香港
计划(1949),《光明报》,Directed,93023,,2,陈惠生,1949,香港
认清(1949),《中建:综合版》,Directed,93025,,1,陈仁炳,1949,上海
认识(1949),《光明报》,Directed,93026,,4,林焕平,1949,香港
认识(1949),《观察》,Directed,93030,,1,胡遇复,1949,上海
讨论(1949),《中建:综合版》,Directed,93031,,1,童大勇,1949,上海
议员(1949),《展望》,Directed,93032,,1,萧贤,1949,南京
访问记(1949),《观察》,Directed,93033,,1,孙执中,1949,上海
评张子(1949),《展望》,Directed,93034,,1,洛羊,1949,南京
诗人(1949),《展望》,Directed,93035,,1,村彬,1949,南京
诚意(1949),《中建:综合版》,Directed,93036,,1,蔡尚思,1949,上海
诚意(1949),《展望》,Directed,93037,,1,洪荒,1949,南京
说明(1949),《观察》,Directed,93038,,1,芝,1949,上海
读者(1949),《观察》,Directed,93039,,9,芝,1949,上海
谈起(1949),《展望》,Directed,93048,,1,冰菱,1949,南京
谋战(1949),《展望》,Directed,93049,,1,任懿斐,1949,南京
谎言(1949),《光明报》,Directed,93050,,1,陈若群,1949,香港
谎言(1949),《展望》,Directed,93051,,1,陈正兴 安,1949,南京
财金(1949),《中建:综合版》,Directed,93052,,1,郭梅荪,1949,上海
贬乎(1949),《展望》,Directed,93053,,1,仲亨,1949,南京
贸易(1949),《光明报》,Directed,93054,,1,刘士伟,1949,香港
贺新(1949),《光明报》,Directed,93055,,1,黄朗,1949,香港
资望(1949),《光明报》,Directed,93056,,1,秋枫,1949,香港
资本主义(1949),《光明报》,Directed,93057,,1,卢心远,1949,香港
赖债(1949),《展望》,Directed,93058,,1,柏苍,1949,南京
走到(1949),《观察》,Directed,93059,,1,胡绳,1949,上海
走向(1949),《中建:综合版》,Directed,93060,,1,戎文佐,1949,上海
起源(1949),《光明报》,Directed,93061,,1,李显仁,1949,香港
起源(1949),《再生》,Directed,93062,,1,余园,1949,上海
距离(1949),《展望》,Directed,93063,,1,冰菱,1949,南京
转形期(1949),《中建:综合版》,Directed,93064,,1,笪移今,1949,上海
轮船(1949),《再生》,Directed,93065,,1,齐芬,1949,上海
边缘(1949),《展望》,Directed,93066,,1,夏炎德,1949,南京
迅速(1949),《光明报》,Directed,93067,,1,谷新之,1949,香港
过程(1949),《观察》,Directed,93068,,1,胡遇复,1949,上海
迎接(1949),《展望》,Directed,93073,,2,康遂,1949,南京
迎着(1949),《中建》,Directed,93075,,1,今吾,1949,上海
运动(1949),《展望》,Directed,93076,,1,丁蕾,1949,南京
运用(1949),《光明报》,Directed,93077,,1,杨群,1949,香港
近视(1949),《展望》,Directed,93078,,1,仲亨,1949,南京
近貌(1949),《展望》,Directed,93079,,1,石童,1949,南京
还好(1949),《展望》,Directed,93080,,1,萧贤,1949,南京
还是(1949),《中建:综合版》,Directed,93081,,1,潘震亚,1949,上海
还给(1949),《观察》,Directed,93082,,1,季羡林,1949,上海
这是(1949),《展望》,Directed,93083,,1,仲亨,1949,南京
进一言(1949),《展望》,Directed,93084,,1,孙大雨,1949,南京
进行(1949),《光明报》,Directed,93085,,1,秋枫,1949,香港
送死(1949),《中建:综合版》,Directed,93086,,1,章靳以,1949,上海
逮捕(1949),《展望》,Directed,93087,,1,奚永伟,1949,南京
逻辑(1949),《展望》,Directed,93088,,1,仲亨,1949,南京
道德(1949),《展望》,Directed,93089,,1,陈仁炳,1949,南京
道路(1949),《光明报》,Directed,93090,,1,黄药眠,1949,香港
遗言(1949),《光明报》,Directed,93091,,1,云应霖,1949,香港
遭劫(1949),《展望》,Directed,93092,,1,小泉,1949,南京
鄞奉(1949),《展望》,Directed,93093,,2,绍声,1949,南京
酝酿(1949),《再生》,Directed,93095,,1,梁敬錞,1949,上海
酝酿(1949),《展望》,Directed,93096,,1,横眉,1949,南京
释放(1949),《展望》,Directed,93097,,1,蔡尚思,1949,南京
释而(1949),《展望》,Directed,93098,,1,横眉,1949,南京
重庆(1949),《展望》,Directed,93099,,1,矛林,1949,南京
重弹(1949),《展望》,Directed,93100,,1,岁奇,1949,南京
重新认识(1949),《主流》,Directed,93101,,1,李中严,1949,南京
金圆券(1949),《展望》,Directed,93102,,1,陈行健,1949,南京
钢铁(1949),《光明报》,Directed,93103,,1,曾昭抡,1949,香港
钢铁(1949),《观察》,Directed,93104,,1,吴四维,1949,上海
钱端升(1949),《观察》,Directed,93105,,1,成纪,1949,上海
银圆(1949),《再生》,Directed,93106,,1,齐芬,1949,上海
错觉(1949),《中建:综合版》,Directed,93107,,1,蔡尚思,1949,上海
长安(1949),《展望》,Directed,93108,,1,蒙若,1949,南京
长江(1949),《展望》,Directed,93109,,1,张江帆,1949,南京
长沙(1949),《光明报》,Directed,93110,,1,湘女,1949,香港
问题(1949),《中建:综合版》,Directed,93111,,18,陈望道,1949,上海
问题(1949),《主流》,Directed,93129,,1,丁正伟,1949,南京
问题(1949),《光明报》,Directed,93130,,2,庄嘉农,1949,香港
问题(1949),《展望》,Directed,93132,,1,欧阳春,1949,南京
问题(1949),《观察》,Directed,93133,,1,成纪,1949,上海
阴谋(1949),《光明报》,Directed,93134,,2,孟南,1949,香港
阴谋(1949),《观察》,Directed,93136,,1,方成,1949,上海
阴魂不散(1949),《中建:综合版》,Directed,93137,,1,辛圭,1949,上海
阶段(1949),《展望》,Directed,93138,,2,柏苍,1949,南京
阶段(1949),《观察》,Directed,93140,,1,吴大琨,1949,上海
陈仪(1949),《展望》,Directed,93141,,2,蕾谷,1949,南京
陈嘉庚(1949),《光明报》,Directed,93143,,1,吴明,1949,香港
陈纳德(1949),《中建:综合版》,Directed,93144,,1,孙大雨,1949,上海
陈诚(1949),《展望》,Directed,93145,,1,未央,1949,南京
障碍(1949),《展望》,Directed,93146,,2,张绍贤,1949,南京
难关(1949),《展望》,Directed,93148,,1,柏苍,1949,南京
集体(1949),《主流》,Directed,93149,,1,丁正伟,1949,南京
集团(1949),《展望》,Directed,93150,,1,横眉,1949,南京
雷雨(1949),《展望》,Directed,93151,,1,阮富乙,1949,南京
需要(1949),《展望》,Directed,93152,,1,仲亨,1949,南京
震撼(1949),《光明报》,Directed,93153,,1,思慕,1949,香港
青团(1949),《光明报》,Directed,93154,,1,黄朗,1949,香港
青岛(1949),《光明报》,Directed,93155,,1,王速之,1949,香港
青岛(1949),《展望》,Directed,93156,,1,石童,1949,南京
青年(1949),《中建》,Directed,93157,,1,史靖,1949,上海
非可(1949),《中建:综合版》,Directed,93158,,1,夏炎德,1949,上海
面子(1949),《中建:综合版》,Directed,93159,,1,蔡尚思,1949,上海
面面观(1949),《展望》,Directed,93160,,1,绍猷,1949,南京
革命(1949),《中建:综合版》,Directed,93161,,1,董冰如,1949,上海
革命(1949),《光明报》,Directed,93162,,2,秋枫,1949,香港
革命(1949),《展望》,Directed,93164,,1,陈仁炳,1949,南京
须知(1949),《展望》,Directed,93165,,1,萧贤,1949,南京
预算案(1949),《展望》,Directed,93166,,1,丁蕾,1949,南京
领导(1949),《观察》,Directed,93167,,1,龚祥瑞,1949,上海
题词(1949),《光明报》,Directed,93168,,1,李伯球,1949,香港
风光(1949),《光明报》,Directed,93169,,1,李慧,1949,香港
风声(1949),《展望》,Directed,93170,,1,德明,1949,南京
风暴(1949),《展望》,Directed,93171,,1,波光,1949,南京
风雨飘摇(1949),《展望》,Directed,93172,,1,田寿,1949,南京
风雪(1949),《展望》,Directed,93173,,1,蒙若,1949,南京
首倡(1949),《展望》,Directed,93174,,1,全真,1949,南京
马尔萨斯(1949),《观察》,Directed,93175,,1,吴方高 樊弘,1949,上海
马鸿逵(1949),《展望》,Directed,93176,,1,何矩,1949,南京
骄躁(1949),《光明报》,Directed,93177,,1,羊群,1949,香港
骤然(1949),《展望》,Directed,93178,,1,波光,1949,南京
高呼(1949),《观察》,Directed,93179,,1,郭沫若,1949,上海
鬼影(1949),《光明报》,Directed,93180,,1,顾新,1949,香港
鬼火(1949),《光明报》,Directed,93181,,1,秦牧,1949,香港
魂兮归来(1949),《光明报》,Directed,93182,,1,曾伟,1949,香港
魔手(1949),《展望》,Directed,93183,,1,李宗瀛,1949,南京
魔掌(1949),《光明报》,Directed,93184,,1,黄一中,1949,香港
鲁斯周(1949),《展望》,Directed,93185,,1,陈仁炳,1949,南京
鹤泪(1949),《展望》,Directed,93186,,1,德明,1949,南京
麦克阿瑟(1949),《光明报》,Directed,93187,,1,吴明石,1949,香港
麦克阿瑟(1949),《展望》,Directed,93188,,1,蒋生,1949,南京
麦帅(1949),《展望》,Directed,93189,,1,瑞仁,1949,南京
黾勉(1949),《展望》,Directed,93190,,1,仲亨,1949,南京
鼓舞(1949),《光明报》,Directed,93191,,1,群,1949,香港
龙云(1949),《展望》,Directed,93192,,1,习门,1949,南京
